iso3166_country,GID_0_gadm,NAME_0_gadm,GID_1_gadm,GID_1_edits,NAME_1_gadm,VARNAME_1_gadm,NL_NAME_1_gadm,TYPE_1_gadm,ENGTYPE_1_gadm,CC_1_gadm,HASC_1_gadm,region_polygoncluster,polygoncluster_name,project_ifnodata,project_ifconstructed,regionname_ISOenglish,regionname_alt,regionname_nativescript,regioncode,system,Notes1,Notes2,Notes3,mean.scl.regional_2012-13,mean.scl.regional_2022-23,mean.scl.national_2012-13,mean.scl.national_2022-23
AD,AND,Andorra,AND.1_1,AND.1_1,Andorra la Vella,NA,Andorra la Vella,Parr√≤quia,Parish,NA,AD.AN,nat,Andorra,NA,NA,Andorra la Vella,NA,Andorra la Vella,AD-07,iso3166-2,NA,NA,NA,NA,NA,0.470029421471513,0.47154438589936876
AD,AND,Andorra,AND.2_1,AND.2_1,Canillo,NA,Canillo,Parr√≤quia,Parish,NA,AD.CA,nat,Andorra,NA,NA,Canillo,NA,Canillo,AD-02,iso3166-2,NA,NA,NA,NA,NA,0.470029421471513,0.47154438589936876
AD,AND,Andorra,AND.3_1,AND.3_1,Encamp,NA,Encamp,Parr√≤quia,Parish,NA,AD.EN,nat,Andorra,NA,NA,Encamp,NA,Encamp,AD-03,iso3166-2,NA,NA,NA,NA,NA,0.470029421471513,0.47154438589936876
AD,AND,Andorra,AND.4_1,AND.4_1,Escaldes-Engordany,NA,Escaldes-Engordany,Parr√≤quia,Parish,NA,AD.EE,nat,Andorra,NA,NA,Escaldes-Engordany,NA,Escaldes-Engordany,AD-08,iso3166-2,NA,NA,NA,NA,NA,0.470029421471513,0.47154438589936876
AD,AND,Andorra,AND.5_1,AND.5_1,La Massana,NA,La Massana,Parr√≤quia,Parish,NA,AD.MA,nat,Andorra,NA,NA,La Massana,NA,La Massana,AD-04,iso3166-2,NA,NA,NA,NA,NA,0.470029421471513,0.47154438589936876
AD,AND,Andorra,AND.6_1,AND.6_1,Ordino,NA,Ordino,Parr√≤quia,Parish,NA,AD.OR,nat,Andorra,NA,NA,Ordino,NA,Ordino,AD-05,iso3166-2,NA,NA,NA,NA,NA,0.470029421471513,0.47154438589936876
AD,AND,Andorra,AND.7_1,AND.7_1,Sant Juli√† de L√≤ria,NA,Sant Juli√† de L√≤ria,Parr√≤quia,Parish,NA,AD.JL,nat,Andorra,NA,NA,Sant Julià de Lòria,NA,Sant Julià de Lòria,AD-06,iso3166-2,NA,NA,NA,NA,NA,0.470029421471513,0.47154438589936876
AE,ARE,United Arab Emirates,ARE.2_1,ARE.2_1,Ajman,NA,Ajman,Emirate,Emirate,NA,AE.AJ,NA,NA,NA,NA,‘Ajmān,NA,إمارة عجمانّ,AE-AJ,iso3166-2,NA,NA,NA,0.48941233610069845,0.560118489438247,0.4326890814473066,0.5660606704047402
AE,ARE,United Arab Emirates,ARE.1_1,ARE.1_1,Abu Dhabi,NA,Abu Dhabi,Emirate,Emirate,NA,AE.AZ,NA,NA,NA,NA,Abū Z̧aby,Abu Dhabi,أبو ظبي,AE-AZ,iso3166-2,NA,NA,NA,0.48650908940867216,0.6032046373590704,0.4326890814473066,0.5660606704047402
AE,ARE,United Arab Emirates,ARE.4_1,ARE.4_1,Fujairah,NA,Fujairah,Emirate,Emirate,NA,AE.FU,NA,NA,NA,NA,Al Fujayrah,Fujairah,الفجيرة,AE-FU,iso3166-2,NA,NA,NA,0.4865591100876337,0.5778020166790215,0.4326890814473066,0.5660606704047402
AE,ARE,United Arab Emirates,ARE.6_1,ARE.6_1,Sharjah,NA,Sharjah,Emirate,Emirate,NA,AE.SH,NA,NA,NA,NA,Ash Shāriqah,Sharjah,إمارة الشارقةّ,AE-SH,iso3166-2,NA,NA,NA,0.5147480197382963,0.6044178022008715,0.4326890814473066,0.5660606704047402
AE,ARE,United Arab Emirates,ARE.3_1,ARE.3_1,Dubai,NA,Dubai,Emirate,Emirate,NA,AE.DU,NA,NA,NA,NA,Dubayy,Dubai,دبي,AE-DU,iso3166-2,NA,NA,NA,0.49094841541019807,0.6099465089673627,0.4326890814473066,0.5660606704047402
AE,ARE,United Arab Emirates,ARE.5_1,ARE.5_1,Ras Al-Khaimah,NA,Ras Al-Khaimah,Emirate,Emirate,NA,AE.RK,NA,NA,NA,NA,Ra’s al Khaymah,Ras Al Khaimah,إمارة رأس الخيمة,AE-RK,iso3166-2,NA,NA,NA,0.4171432754820517,0.5072104156005997,0.4326890814473066,0.5660606704047402
AE,ARE,United Arab Emirates,ARE.7_1,ARE.7_1,Umm al-Qaywayn,NA,Umm al-Qaywayn,Emirate,Emirate,NA,AE.UQ,NA,NA,NA,NA,Umm al Qaywayn,Umm Al Quwain,أمّ القيوين,AE-UQ,iso3166-2,NA,NA,NA,0.4950318820447025,0.5368383512597097,0.4326890814473066,0.5660606704047402
AF,AFG,Afghanistan,AFG.1_1,AFG.1_1,Badakhshan,Badah≈°an,Badakhshan,Velayat,Province,NA,AF.BD,NA,NA,NA,NA,Badakhshān,Badakhshan,ولایت بدخشان,AF-BDS,iso3166-2,NA,NA,NA,0.5425901270837947,0.4707966621497116,0.4650514524137893,0.4046391055667781
AF,AFG,Afghanistan,AFG.2_1,AFG.2_1,Badghis,Badghes|Badghisat|Badgis,Badghis,Velayat,Province,NA,AF.BG,NA,NA,NA,NA,Bādghīs,Badghis,بادغیس,AF-BDG,iso3166-2,NA,NA,NA,0.5330402426690232,0.5401042299102877,0.4650514524137893,0.4046391055667781
AF,AFG,Afghanistan,AFG.3_1,AFG.3_1,Baghlan,Baglan|Bughlan,Baghlan,Velayat,Province,NA,AF.BL,NA,NA,NA,NA,Baghlān,Baghlan,بغلان,AF-BGL,iso3166-2,NA,NA,NA,0.5548345278226238,0.4552370140598295,0.4650514524137893,0.4046391055667781
AF,AFG,Afghanistan,AFG.4_1,AFG.4_1,Balkh,Balh|Mazar-i-Sharif|Mazar,Balkh,Velayat,Province,NA,AF.BK,NA,NA,NA,NA,Balkh,Balkh,بلخ,AF-BAL,iso3166-2,NA,NA,NA,0.5631109733884392,0.5160370755607392,0.4650514524137893,0.4046391055667781
AF,AFG,Afghanistan,AFG.5_1,AFG.5_1,Bamyan,NA,Bamyan,Velayat,Province,NA,AF.BM,NA,NA,NA,NA,Bāmyān,Bamyan,بامیان,AF-BAM,iso3166-2,NA,NA,NA,0.5722478402119103,0.5232637361499172,0.4650514524137893,0.4046391055667781
AF,AFG,Afghanistan,AFG.6_1,AFG.6_1,Daykundi,NA,Daykundi,Velayat,Province,NA,AF.DK,NA,NA,NA,NA,Dāykundī,Daykundi,دایکندی,AF-DAY,iso3166-2,NA,NA,NA,0.7749422123523482,0.8023799648805394,0.4650514524137893,0.4046391055667781
AF,AFG,Afghanistan,AFG.7_1,AFG.7_1,Farah,NA,Farah,Velayat,Province,NA,AF.FH,NA,NA,NA,NA,Farāh,Farah,فراه,AF-FRA,iso3166-2,NA,NA,NA,0.48905438791012495,0.4441952530785542,0.4650514524137893,0.4046391055667781
AF,AFG,Afghanistan,AFG.8_1,AFG.8_1,Faryab,Fariab|Maimana|Meymaneh,Faryab,Velayat,Province,NA,AF.FB,NA,NA,NA,NA,Fāryāb,Faryab,فاریاب,AF-FYB,iso3166-2,NA,NA,NA,0.5462339830029359,0.5134415055393738,0.4650514524137893,0.4046391055667781
AF,AFG,Afghanistan,AFG.9_1,AFG.9_1,Ghazni,Gazni,Ghazni,Velayat,Province,NA,AF.GZ,NA,NA,NA,NA,Ghaznī,Ghazni,غزنى,AF-GHA,iso3166-2,NA,NA,NA,0.47669697283302237,0.46359227234345,0.4650514524137893,0.4046391055667781
AF,AFG,Afghanistan,AFG.10_1,AFG.10_1,Ghor,Gawr|Ghore|Ghour|Ghur,Ghor,Velayat,Province,NA,AF.GR,NA,NA,NA,NA,Ghōr,Ghōr,غور,AF-GHO,iso3166-2,NA,NA,NA,0.5200016337655456,0.4891539542609352,0.4650514524137893,0.4046391055667781
AF,AFG,Afghanistan,AFG.11_1,AFG.11_1,Hilmand,Girishk|Hilmend,Hilmand,Velayat,Province,NA,AF.HM,NA,NA,NA,NA,Helmand,Helmand,هلمند,AF-HEL,iso3166-2,NA,NA,NA,0.5796502791462045,0.42202118561681373,0.4650514524137893,0.4046391055667781
AF,AFG,Afghanistan,AFG.12_1,AFG.12_1,Hirat,NA,Hirat,Velayat,Province,NA,AF.HR,NA,NA,NA,NA,Herāt,Herat,هرات,AF-HER,iso3166-2,NA,NA,NA,0.4988396959872338,0.4269583469432844,0.4650514524137893,0.4046391055667781
AF,AFG,Afghanistan,AFG.13_1,AFG.13_1,Jawzjan,Jaozjan|Jozjan|Juzjan|Jouzjan|Shibarghan,Jawzjan,Velayat,Province,NA,AF.JW,NA,NA,NA,NA,Jowzjān,Jowzjan,جوزجان,AF-JOW,iso3166-2,NA,NA,NA,0.4695738322215433,0.37089438554761317,0.4650514524137893,0.4046391055667781
AF,AFG,Afghanistan,AFG.14_1,AFG.14_1,Kabul,Cabul|Kabol|Kaboul,Kabul,Velayat,Province,NA,AF.KB,NA,NA,NA,NA,Kābul,Kabul,کابل,AF-KAB,iso3166-2,NA,NA,NA,0.5319298202867615,0.4918934491381305,0.4650514524137893,0.4046391055667781
AF,AFG,Afghanistan,AFG.15_1,AFG.15_1,Kandahar,Qandahar,Kandahar,Velayat,Province,NA,AF.KD,NA,NA,NA,NA,Kandahār,Kandahar,قندهار,AF-KAN,iso3166-2,NA,NA,NA,0.4792280274352811,0.47982256894844333,0.4650514524137893,0.4046391055667781
AF,AFG,Afghanistan,AFG.16_1,AFG.16_1,Kapisa,Kapesa,Kapisa,Velayat,Province,NA,AF.KP,NA,NA,NA,NA,Kāpīsā,Kapisa,کاپیسا,AF-KAP,iso3166-2,NA,NA,NA,0.40428481778765696,0.3302745714005895,0.4650514524137893,0.4046391055667781
AF,AFG,Afghanistan,AFG.17_1,AFG.17_1,Khost,NA,Khost,Velayat,Province,NA,AF.KT,NA,NA,NA,NA,Khōst,Khost,خوست,AF-KHO,iso3166-2,NA,NA,NA,0.5251895328205779,0.4531477449046147,0.4650514524137893,0.4046391055667781
AF,AFG,Afghanistan,AFG.18_1,AFG.18_1,Kunar,Konarha|Kunarha,Kunar,Velayat,Province,NA,AF.KR,NA,NA,NA,NA,Kunaṟ,Kunar,کنر,AF-KNR,iso3166-2,NA,NA,NA,0.5733594692519478,0.5435908729738751,0.4650514524137893,0.4046391055667781
AF,AFG,Afghanistan,AFG.19_1,AFG.19_1,Kunduz,Kondoz|Qonduz|Qunduz,Kunduz,Velayat,Province,NA,AF.KZ,NA,NA,NA,NA,Kunduz,Kunduz,کندز,AF-KDZ,iso3166-2,NA,NA,NA,0.4592306517366569,0.5265873288182282,0.4650514524137893,0.4046391055667781
AF,AFG,Afghanistan,AFG.20_1,AFG.20_1,Laghman,Lagman,Laghman,Velayat,Province,NA,AF.LA,NA,NA,NA,NA,Laghmān,Laghman,لغمان,AF-LAG,iso3166-2,NA,NA,NA,0.37206125879489693,0.2600984069880779,0.4650514524137893,0.4046391055667781
AF,AFG,Afghanistan,AFG.21_1,AFG.21_1,Logar,Lawghar|Loghar,Logar,Velayat,Province,NA,AF.LW,NA,NA,NA,NA,Lōgar,Logar,لوگَر,AF-LOG,iso3166-2,NA,NA,NA,0.46061976086857265,0.46705531552336654,0.4650514524137893,0.4046391055667781
AF,AFG,Afghanistan,AFG.22_1,AFG.22_1,Nangarhar,Ningrahar|Eastern Province,Nangarhar,Velayat,Province,NA,AF.NG,NA,NA,NA,NA,Nangarhār,Nangarhar,ننگرهار,AF-NAN,iso3166-2,NA,NA,NA,0.4614793303269642,0.3546269387802845,0.4650514524137893,0.4046391055667781
AF,AFG,Afghanistan,AFG.23_1,AFG.23_1,Nimroz,Neemroze|Nimrod|Nimrooz|Nimroze|Chakhansur,Nimroz,Velayat,Province,NA,AF.NM,NA,NA,NA,NA,Nīmrōz,Nimruz,ولایت نیمروز,AF-NIM,iso3166-2,NA,NA,NA,0.5088541190981998,0.45834041375499507,0.4650514524137893,0.4046391055667781
AF,AFG,Afghanistan,AFG.24_1,AFG.24_1,Nuristan,Nooristan|Nurist√£o,Nuristan,Velayat,Province,NA,AF.NR,NA,NA,NA,NA,Nūristān,Nuristan,نورستان,AF-NUR,iso3166-2,NA,NA,NA,0.491779950171252,0.44434417083178696,0.4650514524137893,0.4046391055667781
AF,AFG,Afghanistan,AFG.25_1,AFG.25_1,Paktika,Paktiya|Paktya|Southern Province,Paktika,Velayat,Province,NA,AF.PK,NA,NA,NA,NA,Paktīkā,Paktika,پکتیکا,AF-PKA,iso3166-2,NA,NA,NA,0.5460630800309254,0.4222254363623238,0.4650514524137893,0.4046391055667781
AF,AFG,Afghanistan,AFG.26_1,AFG.26_1,Paktya,Paktiya|Southern Province,Paktya,Velayat,Province,NA,AF.PT,NA,NA,NA,NA,Paktiyā,Paktia,پکتیا,AF-PIA,iso3166-2,NA,NA,NA,0.6175988639830561,0.5734253588946264,0.4650514524137893,0.4046391055667781
AF,AFG,Afghanistan,AFG.27_1,AFG.27_1,Panjshir,NA,Panjshir,Velayat,Province,NA,AF.PJ,NA,NA,NA,NA,Panjshayr,Panjshir,پنجشیر,AF-PAN,iso3166-2,NA,NA,NA,0.6158757661036423,0.57085146223057,0.4650514524137893,0.4046391055667781
AF,AFG,Afghanistan,AFG.28_1,AFG.28_1,Parwan,Charikar,Parwan,Velayat,Province,NA,AF.PV,NA,NA,NA,NA,Parwān,Parwan,پروان,AF-PAR,iso3166-2,NA,NA,NA,0.5197325255640303,0.4746979387776538,0.4650514524137893,0.4046391055667781
AF,AFG,Afghanistan,AFG.29_1,AFG.29_1,Samangan,NA,Samangan,Velayat,Province,NA,AF.SM,NA,NA,NA,NA,Samangān,Samangan,سمنگان,AF-SAM,iso3166-2,NA,NA,NA,0.48061757123690424,0.46667865773040634,0.4650514524137893,0.4046391055667781
AF,AFG,Afghanistan,AFG.30_1,AFG.30_1,Sari Pul,Sar-e Pul|Saripol,Sari Pul,Velayat,Province,NA,AF.SP,NA,NA,NA,NA,Sar-e Pul,Sar-e Pol,سرپل,AF-SAR,iso3166-2,NA,NA,NA,0.514004872671314,0.46707394482757275,0.4650514524137893,0.4046391055667781
AF,AFG,Afghanistan,AFG.31_1,AFG.31_1,Takhar,Takar,Takhar,Velayat,Province,NA,AF.TK,NA,NA,NA,NA,Takhār,Takhar,تخار,AF-TAK,iso3166-2,NA,NA,NA,0.4886541993656259,0.4916874948555202,0.4650514524137893,0.4046391055667781
AF,AFG,Afghanistan,AFG.32_1,AFG.32_1,Uruzgan,Urozgan,Uruzgan,Velayat,Province,NA,AF.OZ,NA,NA,NA,NA,Uruzgān,Urozgan,اروزگان,AF-URU,iso3166-2,NA,NA,NA,NA,NA,0.4650514524137893,0.4046391055667781
AF,AFG,Afghanistan,AFG.33_1,AFG.33_1,Wardak,Verdak|Wardag|Maiden,Wardak,Velayat,Province,NA,AF.VR,NA,NA,NA,NA,Wardak,Maidan Wardak,ميدان وردگ,AF-WAR,iso3166-2,NA,NA,NA,0.45649549037598014,0.404898903177873,0.4650514524137893,0.4046391055667781
AF,AFG,Afghanistan,AFG.34_1,AFG.34_1,Zabul,Zubul|Zaboul,Zabul,Velayat,Province,NA,AF.ZB,NA,NA,NA,NA,Zābul,Zabul,زابل,AF-ZAB,iso3166-2,NA,NA,NA,0.506487121995756,0.4817012652840549,0.4650514524137893,0.4046391055667781
AG,ATG,Antigua and Barbuda,ATG.1_1,ATG.1_1,Barbuda,Codrington,Barbuda,Dependency,Dependency,NA,AG.BB,nat,Antigua and Barbuda,NA,NA,Barbuda,NA,Barbuda,AG-10,iso3166-2,NA,NA,NA,NA,NA,NA,NA
AG,ATG,Antigua and Barbuda,ATG.2_1,ATG.2_1,Redonda,NA,Redonda,Dependency,Dependency,NA,AG.RD,nat,Antigua and Barbuda,NA,NA,Redonda,NA,Redonda,AG-11,iso3166-2,NA,NA,NA,NA,NA,NA,NA
AG,ATG,Antigua and Barbuda,ATG.3_1,ATG.3_1,Saint George,Parham,Saint George,Parish,Parish,NA,AG.GE,nat,Antigua and Barbuda,NA,NA,Saint George,NA,Saint George,AG-03,iso3166-2,NA,NA,NA,NA,NA,NA,NA
AG,ATG,Antigua and Barbuda,ATG.4_1,ATG.4_1,Saint John,Saint John's,Saint John,Parish,Parish,NA,AG.JO,nat,Antigua and Barbuda,NA,NA,Saint John,NA,Saint John,AG-04,iso3166-2,NA,NA,NA,NA,NA,NA,NA
AG,ATG,Antigua and Barbuda,ATG.5_1,ATG.5_1,Saint Mary,Bolands,Saint Mary,Parish,Parish,NA,AG.MA,nat,Antigua and Barbuda,NA,NA,Saint Mary,NA,Saint Mary,AG-05,iso3166-2,NA,NA,NA,NA,NA,NA,NA
AG,ATG,Antigua and Barbuda,ATG.6_1,ATG.6_1,Saint Paul,Nelson's Dockyard,Saint Paul,Parish,Parish,NA,AG.PA,nat,Antigua and Barbuda,NA,NA,Saint Paul,NA,Saint Paul,AG-06,iso3166-2,NA,NA,NA,NA,NA,NA,NA
AG,ATG,Antigua and Barbuda,ATG.7_1,ATG.7_1,Saint Peter,Parham,Saint Peter,Parish,Parish,NA,AG.PE,nat,Antigua and Barbuda,NA,NA,Saint Peter,NA,Saint Peter,AG-07,iso3166-2,NA,NA,NA,NA,NA,NA,NA
AG,ATG,Antigua and Barbuda,ATG.8_1,ATG.8_1,Saint Philip,Carlisle,Saint Philip,Parish,Parish,NA,AG.PH,nat,Antigua and Barbuda,NA,NA,Saint Philip,NA,Saint Philip,AG-08,iso3166-2,NA,NA,NA,NA,NA,NA,NA
AL,ALB,Albania,NA,AL02,NA,NA,NA,NA,NA,NA,NA,NA,NA,NA,NA,Central Albania,NA,Shqipëria qendrore,AL02,nuts2,NA,NA,NA,0.5276277231909763,0.6327088091086314,0.46888086884376684,0.5563906683060227
AL,ALB,Albania,NA,AL01,NA,NA,NA,NA,NA,NA,NA,NA,NA,NA,NA,Northern Albania,NA,Shqipëria veriore,AL01,nuts2,NA,NA,NA,0.497298568281845,0.480643118781483,0.46888086884376684,0.5563906683060227
AL,ALB,Albania,NA,AL03,NA,NA,NA,NA,NA,NA,NA,NA,NA,NA,NA,Southern Albania,NA,Shqipëria jugore,AL03,nuts2,NA,NA,NA,0.5344390538264949,0.6342664049493087,0.46888086884376684,0.5563906683060227
AM,ARM,Armenia,ARM.1_1,ARM.1_1,Aragatsotn,Aragacot'n,Aragatsotn,Marz,Province,NA,AM.AG,NA,NA,NA,NA,Aragac̣otn,Aragatsotn,Արագածոտն,AM-AG,iso3166-2,NA,NA,NA,0.5188148045634279,0.44620317304316387,0.4449388597817451,0.39512671270517397
AM,ARM,Armenia,ARM.2_1,ARM.2_1,Ararat,NA,Ararat,Marz,Province,NA,AM.AR,NA,NA,NA,NA,Ararat,Ararat,Արարատ,AM-AR,iso3166-2,NA,NA,NA,0.4998699505285967,0.40221711997480386,0.4449388597817451,0.39512671270517397
AM,ARM,Armenia,ARM.3_1,ARM.3_1,Armavir,NA,Armavir,Marz,Province,NA,AM.AV,NA,NA,NA,NA,Armavir,Armavir,Արմավիր,AM-AV,iso3166-2,NA,NA,NA,0.5591060601797936,0.560208466226045,0.4449388597817451,0.39512671270517397
AM,ARM,Armenia,ARM.4_1,ARM.4_1,Erevan,Yerevan,Erevan,Kaghak,City,NA,AM.ER,NA,NA,NA,NA,Erevan,Yerevan,Երևան,AM-ER,iso3166-2,NA,NA,NA,0.4944783863450968,0.43102898634550135,0.4449388597817451,0.39512671270517397
AM,ARM,Armenia,ARM.5_1,ARM.5_1,Gegharkunik,Gelark'unik',Gegharkunik,Marz,Province,NA,AM.GR,NA,NA,NA,NA,Geġark'unik',Gegharkunik,Գեղարքունիք,AM-GR,iso3166-2,NA,NA,NA,0.4537911462498236,0.3730313475221922,0.4449388597817451,0.39512671270517397
AM,ARM,Armenia,ARM.6_1,ARM.6_1,Kotayk,Kotaik|Kotayk',Kotayk,Marz,Province,NA,AM.KT,NA,NA,NA,NA,Kotayk',Kotayk,Կոտայք,AM-KT,iso3166-2,NA,NA,NA,0.5033360180186649,0.4404539547507505,0.4449388597817451,0.39512671270517397
AM,ARM,Armenia,ARM.7_1,ARM.7_1,Lori,Lo·πôi,Lori,Marz,Province,NA,AM.LO,NA,NA,NA,NA,Loṙi,Lori,Լոռի,AM-LO,iso3166-2,NA,NA,NA,0.5014348486014072,0.5624876022533778,0.4449388597817451,0.39512671270517397
AM,ARM,Armenia,ARM.8_1,ARM.8_1,Shirak,≈†irak,Shirak,Marz,Province,NA,AM.SH,NA,NA,NA,NA,Širak,Shirak,Շիրակ,AM-SH,iso3166-2,NA,NA,NA,0.5012242091009184,0.5140677612316623,0.4449388597817451,0.39512671270517397
AM,ARM,Armenia,ARM.9_1,ARM.9_1,Syunik,Syunik',Syunik,Marz,Province,NA,AM.SU,NA,NA,NA,NA,Syunik',Syunik,Սյունիք,AM-SU,iso3166-2,NA,NA,NA,0.5139049013018185,0.48721099536067275,0.4449388597817451,0.39512671270517397
AM,ARM,Armenia,ARM.10_1,ARM.10_1,Tavush,Tavu≈°,Tavush,Marz,Province,NA,AM.TV,NA,NA,NA,NA,Tavuš,Tavush,Տավուշ,AM-TV,iso3166-2,NA,NA,NA,0.4778659798733223,0.5371650777119008,0.4449388597817451,0.39512671270517397
AM,ARM,Armenia,ARM.11_1,ARM.11_1,Vayots Dzor,Vayoc'Jor,Vayots Dzor,Marz,Province,NA,AM.VD,NA,NA,NA,NA,Vayoć Jor,Vayots Dzor,Վայոց Ձոր,AM-VD,iso3166-2,NA,NA,NA,0.5019090263183984,0.46656615284426267,0.4449388597817451,0.39512671270517397
AR,ARG,Argentina,ARG.1_1,ARG.1_1,Buenos Aires,Baires|Buenos Ayres,Buenos Aires,Provincia,Province,NA,AR.BA,NA,NA,NA,NA,Buenos Aires,NA,Buenos Aires,AR-B,iso3166-2,NA,NA,NA,0.5667359678650102,0.6520923814780537,0.522695391830914,0.6378983388395262
AR,ARG,Argentina,ARG.2_1,ARG.2_1,Catamarca,NA,Catamarca,Provincia,Province,NA,AR.CT,NA,NA,NA,NA,Catamarca,NA,Catamarca,AR-K,iso3166-2,NA,NA,NA,0.554555819411358,0.6764322125819843,0.522695391830914,0.6378983388395262
AR,ARG,Argentina,ARG.3_1,ARG.3_1,Chaco,El Chaco|Presidente Juan Peron,Chaco,Provincia,Province,NA,AR.CC,NA,NA,NA,NA,Chaco,NA,Chaco,AR-H,iso3166-2,NA,NA,NA,0.5375591584386116,0.6429435001080861,0.522695391830914,0.6378983388395262
AR,ARG,Argentina,ARG.4_1,ARG.4_1,Chubut,NA,Chubut,Provincia,Province,NA,AR.CH,A,"Chubut, Santa Cruz, and Tierra del Fuego",NA,NA,Chubut,NA,Chubut,AR-U,iso3166-2,NA,NA,NA,NA,NA,0.522695391830914,0.6378983388395262
AR,ARG,Argentina,ARG.5_1,ARG.5_1,Ciudad de Buenos Aires,BUENOS AIRES D.F.|Capital Federal|Distretto Federale|Distrito Federal|Federal Capital,Ciudad de Buenos Aires,Distrito Federal,Federal District,NA,AR.DF,NA,NA,NA,NA,Ciudad Autónoma de Buenos Aires,NA,Ciudad Autónoma de Buenos Aires,AR-C,iso3166-2,NA,NA,NA,NA,NA,0.522695391830914,0.6378983388395262
AR,ARG,Argentina,ARG.6_1,ARG.6_1,C√≥rdoba,Cordova,C√≥rdoba,Provincia,Province,NA,AR.CB,NA,NA,NA,NA,Córdoba,NA,Córdoba,AR-X,iso3166-2,NA,NA,NA,0.5646385347362273,0.669946211656654,0.522695391830914,0.6378983388395262
AR,ARG,Argentina,ARG.7_1,ARG.7_1,Corrientes,NA,Corrientes,Provincia,Province,NA,AR.CN,NA,NA,NA,NA,Corrientes,NA,Corrientes,AR-W,iso3166-2,NA,NA,NA,0.5874184152396822,0.6184249808559991,0.522695391830914,0.6378983388395262
AR,ARG,Argentina,ARG.8_1,ARG.8_1,Entre R√≠os,Entre-Rios,Entre R√≠os,Provincia,Province,NA,AR.ER,NA,NA,NA,NA,Entre Ríos,NA,Entre Ríos,AR-E,iso3166-2,NA,NA,NA,0.5831104425280792,0.6168308041159282,0.522695391830914,0.6378983388395262
AR,ARG,Argentina,ARG.9_1,ARG.9_1,Formosa,NA,Formosa,Provincia,Province,NA,AR.FM,NA,NA,NA,NA,Formosa,NA,Formosa,AR-P,iso3166-2,NA,NA,NA,0.5415733850381151,0.6724256199351246,0.522695391830914,0.6378983388395262
AR,ARG,Argentina,ARG.10_1,ARG.10_1,Jujuy,NA,Jujuy,Provincia,Province,NA,AR.JY,NA,NA,NA,NA,Jujuy,NA,Jujuy,AR-Y,iso3166-2,NA,NA,NA,0.6302293560004136,0.6828225588512421,0.522695391830914,0.6378983388395262
AR,ARG,Argentina,ARG.11_1,ARG.11_1,La Pampa,El Pampa|Eva Per√≥n,La Pampa,Provincia,Province,NA,AR.LP,NA,NA,NA,NA,La Pampa,NA,La Pampa,AR-L,iso3166-2,NA,NA,NA,0.516741785897911,0.7239209026333585,0.522695391830914,0.6378983388395262
AR,ARG,Argentina,ARG.12_1,ARG.12_1,La Rioja,NA,La Rioja,Provincia,Province,NA,AR.LR,NA,NA,NA,NA,La Rioja,NA,La Rioja,AR-F,iso3166-2,NA,NA,NA,0.6418799180605388,0.6437671040319094,0.522695391830914,0.6378983388395262
AR,ARG,Argentina,ARG.13_1,ARG.13_1,Mendoza,NA,Mendoza,Provincia,Province,NA,AR.MZ,NA,NA,NA,NA,Mendoza,NA,Mendoza,AR-M,iso3166-2,NA,NA,NA,0.5491231605305773,0.6901321070641747,0.522695391830914,0.6378983388395262
AR,ARG,Argentina,ARG.14_1,ARG.14_1,Misiones,Miss√µes,Misiones,Provincia,Province,NA,AR.MN,NA,NA,NA,NA,Misiones,NA,Misiones,AR-N,iso3166-2,NA,NA,NA,0.5767923897807764,0.7004418963419408,0.522695391830914,0.6378983388395262
AR,ARG,Argentina,ARG.15_1,ARG.15_1,Neuqu√©n,Neuqu√©n,Neuqu√©n,Provincia,Province,NA,AR.NQ,NA,NA,NA,NA,Neuquén,NA,Neuquén,AR-Q,iso3166-2,NA,NA,NA,0.538514235725067,0.6759683985288093,0.522695391830914,0.6378983388395262
AR,ARG,Argentina,ARG.16_1,ARG.16_1,R√≠o Negro,NA,R√≠o Negro,Provincia,Province,NA,AR.RN,NA,NA,NA,NA,Río Negro,NA,Río Negro,AR-R,iso3166-2,NA,NA,NA,0.5169064635520152,0.7357526552912761,0.522695391830914,0.6378983388395262
AR,ARG,Argentina,ARG.17_1,ARG.17_1,Salta,NA,Salta,Provincia,Province,NA,AR.SA,NA,NA,NA,NA,Salta,NA,Salta,AR-A,iso3166-2,NA,NA,NA,0.5593550510431755,0.6339845426411682,0.522695391830914,0.6378983388395262
AR,ARG,Argentina,ARG.18_1,ARG.18_1,San Juan,NA,San Juan,Provincia,Province,NA,AR.SJ,NA,NA,NA,NA,San Juan,NA,San Juan,AR-J,iso3166-2,NA,NA,NA,0.5577274401992748,0.5954100112416706,0.522695391830914,0.6378983388395262
AR,ARG,Argentina,ARG.19_1,ARG.19_1,San Luis,NA,San Luis,Provincia,Province,NA,AR.SL,NA,NA,NA,NA,San Luis,NA,San Luis,AR-D,iso3166-2,NA,NA,NA,0.530644151645787,0.7043800794046068,0.522695391830914,0.6378983388395262
AR,ARG,Argentina,ARG.20_1,ARG.20_1,Santa Cruz,NA,Santa Cruz,Provincia,Province,NA,AR.SC,A,"Chubut, Santa Cruz, and Tierra del Fuego",NA,NA,Santa Cruz,NA,Santa Cruz,AR-Z,iso3166-2,NA,NA,NA,NA,NA,0.522695391830914,0.6378983388395262
AR,ARG,Argentina,ARG.21_1,ARG.21_1,Santa Fe,Santa F√©,Santa Fe,Provincia,Province,NA,AR.SF,NA,NA,NA,NA,Santa Fe,NA,Santa Fe,AR-S,iso3166-2,NA,NA,NA,0.5727914359231989,0.6504552291735902,0.522695391830914,0.6378983388395262
AR,ARG,Argentina,ARG.22_1,ARG.22_1,Santiago del Estero,NA,Santiago del Estero,Provincia,Province,NA,AR.SE,NA,NA,NA,NA,Santiago del Estero,NA,Santiago del Estero,AR-G,iso3166-2,NA,NA,NA,0.5081050666138558,0.5811981292438269,0.522695391830914,0.6378983388395262
AR,ARG,Argentina,ARG.23_1,ARG.23_1,Tierra del Fuego,Feuerland|Terra del Fuoco|Terre de Feu|Terra do Fogo|Tierra del Fuego|Ant√°rtida e Islas del Atl√°ntico Sur,Tierra del Fuego,Territorio Nacional|Provincia,National Territory,NA,AR.TF,A,"Chubut, Santa Cruz, and Tierra del Fuego",NA,NA,Tierra del Fuego,NA,Tierra del Fuego,AR-V,iso3166-2,NA,NA,NA,NA,NA,0.522695391830914,0.6378983388395262
AR,ARG,Argentina,ARG.24_1,ARG.24_1,Tucum√°n,Tucum√£o,Tucum√°n,Provincia,Province,NA,AR.TM,NA,NA,NA,NA,Tucumán,NA,Tucumán,AR-T,iso3166-2,NA,NA,NA,0.6010773172965369,0.6781496114408021,0.522695391830914,0.6378983388395262
AT,AUT,Austria,AUT.1_1,AUT.1_1,Burgenland,Burgenl√¢ndia,Burgenland,Bundesl√§nd|L√§nd,State,NA,AT.BU,NA,NA,NA,NA,Burgenland,Burgenland,Burgenland,AT-1,iso3166-2,NA,NA,NA,0.5229181440131031,0.5368472043287912,0.4578414058574591,0.4799708396643486
AT,AUT,Austria,AUT.2_1,AUT.2_1,K√§rnten,Carinthia|Car√≠ntia|Carintia,K√§rnten,Bundesl√§nd|L√§nd,State,NA,AT.KA,NA,NA,NA,NA,Kärnten,Carinthia,Kärnten,AT-2,iso3166-2,NA,NA,NA,0.4701304045004333,0.5807731545682684,0.4578414058574591,0.4799708396643486
AT,AUT,Austria,AUT.3_1,AUT.3_1,Nieder√∂sterreich,Lower Austria|Baixa-√Åustria|Baja Austria|Niederdonau|√ñsterreich unter der Enns,Nieder√∂sterreich,Bundesl√§nd|L√§nd,State,NA,AT.NO,NA,NA,NA,NA,Niederösterreich,Lower Austria,Niederösterreich,AT-3,iso3166-2,NA,NA,NA,0.5067242604752117,0.5473582094650576,0.4578414058574591,0.4799708396643486
AT,AUT,Austria,AUT.4_1,AUT.4_1,Ober√∂sterreich,Upper Austria|Alta-√Åustria|Alta Austria|√ñsterreich ober der Enns|Ober√∂sterreich,Ober√∂sterreich,Bundesl√§nd|L√§nd,State,NA,AT.OO,NA,NA,NA,NA,Oberösterreich,Upper Austria,Oberösterreich,AT-4,iso3166-2,NA,NA,NA,0.4834590389266942,0.5379439311997785,0.4578414058574591,0.4799708396643486
AT,AUT,Austria,AUT.5_1,AUT.5_1,Salzburg,Salzburgo,Salzburg,Bundesl√§nd|L√§nd,State,NA,AT.SZ,NA,NA,NA,NA,Salzburg,Salzburg,Salzburg,AT-5,iso3166-2,NA,NA,NA,0.5214608265224369,0.6530980704162958,0.4578414058574591,0.4799708396643486
AT,AUT,Austria,AUT.6_1,AUT.6_1,Steiermark,Styria|Est¬°ria|Estiria,Steiermark,Bundesl√§nd|L√§nd,State,NA,AT.ST,NA,NA,NA,NA,Steiermark,Styria,Steiermark,AT-6,iso3166-2,NA,NA,NA,0.5367389816596455,0.47075813122663385,0.4578414058574591,0.4799708396643486
AT,AUT,Austria,AUT.7_1,AUT.7_1,Tirol,Tyrol,Tirol,Bundesl√§nd|L√§nd,State,NA,AT.TR,NA,NA,NA,NA,Tirol,Tyrol,Tirol,AT-7,iso3166-2,NA,NA,NA,0.5176311018227279,0.4982632845607923,0.4578414058574591,0.4799708396643486
AT,AUT,Austria,AUT.8_1,AUT.8_1,Vorarlberg,NA,Vorarlberg,Bundesl√§nd|L√§nd,State,NA,AT.VO,NA,NA,NA,NA,Vorarlberg,Vorarlberg,Vorarlberg,AT-8,iso3166-2,NA,NA,NA,0.46954133478321813,0.4500282399947072,0.4578414058574591,0.4799708396643486
AT,AUT,Austria,AUT.9_1,AUT.9_1,Wien,Vienna|Viena,Wien,Bundesl√§nd|L√§nd,State,NA,AT.WI,NA,NA,NA,NA,Wien,Vienna,Wien,AT-9,iso3166-2,NA,NA,NA,0.5389540138017699,0.5246599191013813,0.4578414058574591,0.4799708396643486
AU,AUS,Australia,AUS.2_1,AUS.2_1,Australian Capital Territory,NA,Australian Capital Territory,Territory,Territory,8,AU.AC,NA,NA,NA,NA,Australian Capital Territory,NA,Australian Capital Territory,AU-ACT,iso3166-2,NA,NA,NA,0.45462460504001756,0.6438228645696674,0.26322326020882886,0.4762083201917471
AU,AUS,Australia,AUS.5_1,AUS.5_1,New South Wales,NA,New South Wales,State,State,1,AU.NS,NA,NA,NA,NA,New South Wales,NA,New South Wales,AU-NSW,iso3166-2,NA,NA,NA,0.32664679876618374,0.5268640038976757,0.26322326020882886,0.4762083201917471
AU,AUS,Australia,AUS.6_1,AUS.6_1,Northern Territory,NA,Northern Territory,Territory,Territory,7,AU.NT,NA,NA,NA,NA,Northern Territory,NA,Northern Territory,AU-NT,iso3166-2,NA,NA,NA,0.3471261821945454,0.5081433953505917,0.26322326020882886,0.4762083201917471
AU,AUS,Australia,AUS.7_1,AUS.7_1,Queensland,NA,Queensland,State,State,3,AU.QL,NA,NA,NA,NA,Queensland,NA,Queensland,AU-QLD,iso3166-2,NA,NA,NA,0.32565789998414785,0.4935471082913535,0.26322326020882886,0.4762083201917471
AU,AUS,Australia,AUS.8_1,AUS.8_1,South Australia,NA,South Australia,State,State,4,AU.SA,NA,NA,NA,NA,South Australia,NA,South Australia,AU-SA,iso3166-2,NA,NA,NA,0.3961349718195317,0.5388889078519058,0.26322326020882886,0.4762083201917471
AU,AUS,Australia,AUS.9_1,AUS.9_1,Tasmania,NA,Tasmania,State,State,6,AU.TS,NA,NA,NA,NA,Tasmania,NA,Tasmania,AU-TAS,iso3166-2,NA,NA,NA,0.40422902609967243,0.5543376068487105,0.26322326020882886,0.4762083201917471
AU,AUS,Australia,AUS.10_1,AUS.10_1,Victoria,NA,Victoria,State,State,2,AU.VI,NA,NA,NA,NA,Victoria,NA,Victoria,AU-VIC,iso3166-2,NA,NA,NA,0.3885416035150023,0.542730925225522,0.26322326020882886,0.4762083201917471
AU,AUS,Australia,AUS.11_1,AUS.11_1,Western Australia,NA,Western Australia,State,State,5,AU.WA,NA,NA,NA,NA,Western Australia,NA,Western Australia,AU-WA,iso3166-2,NA,NA,NA,0.3726709978702898,0.5230688669380492,0.26322326020882886,0.4762083201917471
AZ,AZE,Azerbaijan,AZE.1_1,AZE.1_1,Absheron,NA,Absheron,ƒ∞qtisadi Rayonu,Region,NA,NA,NA,NA,NA,NA,Absheron,NA,Abşeron,AZ-ABSHERON,ypccc,NA,NA,NA,0.5810059236852702,0.49296206724053443,0.5358050339300179,0.36364971616411945
AZ,AZE,Azerbaijan,AZE.2_1,AZE.2_1,Aran,NA,Aran,ƒ∞qtisadi Rayonu,Region,NA,NA,NA,NA,NA,NA,Aran,NA,Aran,AZ-ARAN,ypccc,NA,NA,NA,0.5159826111516089,0.3550277596849321,0.5358050339300179,0.36364971616411945
AZ,AZE,Azerbaijan,AZE.3_1,AZE.3_1,Daglig-Shirvan,NA,Daglig-Shirvan,ƒ∞qtisadi Rayonu,Region,NA,NA,NA,NA,NA,NA,Ganja-Qazakh,NA,Gəncə-Qazax,AZ-GANJA,ypccc,NA,NA,NA,0.5881400739659479,0.27855608665034204,0.5358050339300179,0.36364971616411945
AZ,AZE,Azerbaijan,AZE.4_1,AZE.4_1,Ganja-Qazakh,NA,Ganja-Qazakh,ƒ∞qtisadi Rayonu,Region,NA,NA,NA,NA,NA,NA,Guba-Khachmaz,NA,Quba-Xaçmaz,AZ-GUBA,ypccc,NA,NA,NA,0.6569866381018665,0.4615644118450035,0.5358050339300179,0.36364971616411945
AZ,AZE,Azerbaijan,AZE.5_1,AZE.5_1,Kalbajar-Lachin,NA,Kalbajar-Lachin,ƒ∞qtisadi Rayonu,Region,NA,NA,NA,NA,NA,NA,Kalbajar-Lachin,NA,Kəlbəcər-Laçın,AZ-KALBAJAR,ypccc,NA,NA,NA,NA,NA,0.5358050339300179,0.36364971616411945
AZ,AZE,Azerbaijan,AZE.6_1,AZE.6_1,Lankaran,NA,Lankaran,ƒ∞qtisadi Rayonu,Region,NA,NA,NA,NA,NA,NA,Lankaran,NA,Lənkəran,AZ-LANKARAN,ypccc,NA,NA,NA,0.5486973215078691,0.42965399713025443,0.5358050339300179,0.36364971616411945
AZ,AZE,Azerbaijan,AZE.7_1,AZE.7_1,Nakhchivan,NA,Nakhchivan,ƒ∞qtisadi Rayonu,Region,NA,NA,NA,NA,NA,NA,Mountainous Shirvan,NA,Dağlıq Şirvan,AZ-SHIRVAN,ypccc,NA,NA,NA,0.4637139838748552,0.26843703589390816,0.5358050339300179,0.36364971616411945
AZ,AZE,Azerbaijan,AZE.8_1,AZE.8_1,Quba-Khachmaz,NA,Quba-Khachmaz,ƒ∞qtisadi Rayonu,Region,NA,NA,NA,NA,NA,NA,Nakhchivan,NA,Naxçıvan,AZ-NAKCHIVAN,ypccc,NA,NA,NA,NA,NA,0.5358050339300179,0.36364971616411945
AZ,AZE,Azerbaijan,AZE.9_1,AZE.9_1,Shaki-Zaqatala,NA,Shaki-Zaqatala,ƒ∞qtisadi Rayonu,Region,NA,NA,NA,NA,NA,NA,Shaki-Zaqatala,NA,Şəki-Zaqatala,AZ-SHEKI,ypccc,NA,NA,NA,0.6769647332981142,0.5732669121715137,0.5358050339300179,0.36364971616411945
AZ,AZE,Azerbaijan,AZE.10_1,AZE.10_1,Yukhari-Karabakh,NA,Yukhari-Karabakh,ƒ∞qtisadi Rayonu,Region,NA,NA,NA,NA,NA,NA,Yukhari-Karabakh,NA,Yuxarı Qarabağ,AZ-YUKHARI,ypccc,NA,NA,NA,NA,NA,0.5358050339300179,0.36364971616411945
BA,BIH,Bosnia and Herzegovina,BIH.1_1,BIH.1_1,Brƒçko,NA,Brƒçko,Distrikt,District,NA,BA.BR,NA,NA,NA,NA,Brčko distrikt,Brčko District,Brčko Distrikt,BA-BRC,iso3166-2,NA,NA,NA,0.4633632733412205,0.4925472825062596,0.47803604925002363,0.5448355292101403
BA,BIH,Bosnia and Herzegovina,BIH.2_1,BIH.2_1,Federacija Bosna i Hercegovina,Federation of Bosnia and Herzegovina,Federacija Bosna i Hercegovina,Entity,Entity,NA,BA.BF,NA,NA,NA,NA,Federacija Bosne i Hercegovine,Federation of Bosnia and Herzegovina,Federacija Bosne i Hercegovine,BA-BIH,iso3166-2,NA,NA,NA,0.5298758340315746,0.5825319244307056,0.47803604925002363,0.5448355292101403
BA,BIH,Bosnia and Herzegovina,BIH.3_1,BIH.3_1,Repuplika Srpska,Serbian Republic,Repuplika Srpska,Entity,Entity,NA,BA.SR,NA,NA,NA,NA,Republika Srpska,Republika Srpska,Republika Srpska,BA-SRP,iso3166-2,NA,NA,NA,0.5330705302325877,0.5912308554361095,0.47803604925002363,0.5448355292101403
BB,BRB,Barbados,BRB.1_1,BRB.1_1,Christ Church,NA,Christ Church,Parish,Parish,NA,BB.CC,nat,Barbados,NA,NA,Christ Church,NA,Christ Church,BB-01,iso3166-2,NA,NA,NA,NA,NA,NA,NA
BB,BRB,Barbados,BRB.2_1,BRB.2_1,Saint Andrew,NA,Saint Andrew,Parish,Parish,NA,BB.AN,nat,Barbados,NA,NA,Saint Andrew,NA,Saint Andrew,BB-02,iso3166-2,NA,NA,NA,NA,NA,NA,NA
BB,BRB,Barbados,BRB.3_1,BRB.3_1,Saint George,NA,Saint George,Parish,Parish,NA,BB.GE,nat,Barbados,NA,NA,Saint George,NA,Saint George,BB-03,iso3166-2,NA,NA,NA,NA,NA,NA,NA
BB,BRB,Barbados,BRB.4_1,BRB.4_1,Saint James,NA,Saint James,Parish,Parish,NA,BB.JM,nat,Barbados,NA,NA,Saint James,NA,Saint James,BB-04,iso3166-2,NA,NA,NA,NA,NA,NA,NA
BB,BRB,Barbados,BRB.5_1,BRB.5_1,Saint John,NA,Saint John,Parish,Parish,NA,BB.JN,nat,Barbados,NA,NA,Saint John,NA,Saint John,BB-05,iso3166-2,NA,NA,NA,NA,NA,NA,NA
BB,BRB,Barbados,BRB.6_1,BRB.6_1,Saint Joseph,NA,Saint Joseph,Parish,Parish,NA,BB.JS,nat,Barbados,NA,NA,Saint Joseph,NA,Saint Joseph,BB-06,iso3166-2,NA,NA,NA,NA,NA,NA,NA
BB,BRB,Barbados,BRB.7_1,BRB.7_1,Saint Lucy,NA,Saint Lucy,Parish,Parish,NA,BB.LU,nat,Barbados,NA,NA,Saint Lucy,NA,Saint Lucy,BB-07,iso3166-2,NA,NA,NA,NA,NA,NA,NA
BB,BRB,Barbados,BRB.8_1,BRB.8_1,Saint Michael,NA,Saint Michael,Parish,Parish,NA,BB.MI,nat,Barbados,NA,NA,Saint Michael,NA,Saint Michael,BB-08,iso3166-2,NA,NA,NA,NA,NA,NA,NA
BB,BRB,Barbados,BRB.9_1,BRB.9_1,Saint Peter,NA,Saint Peter,Parish,Parish,NA,BB.PE,nat,Barbados,NA,NA,Saint Peter,NA,Saint Peter,BB-09,iso3166-2,NA,NA,NA,NA,NA,NA,NA
BB,BRB,Barbados,BRB.10_1,BRB.10_1,Saint Philip,NA,Saint Philip,Parish,Parish,NA,BB.PH,nat,Barbados,NA,NA,Saint Philip,NA,Saint Philip,BB-10,iso3166-2,NA,NA,NA,NA,NA,NA,NA
BB,BRB,Barbados,BRB.11_1,BRB.11_1,Saint Thomas,NA,Saint Thomas,Parish,Parish,NA,BB.TH,nat,Barbados,NA,NA,Saint Thomas,NA,Saint Thomas,BB-11,iso3166-2,NA,NA,NA,NA,NA,NA,NA
BD,BGD,Bangladesh,BGD.1_1,BGD.1_1,Barisal,Bakerganj,Barisal,Bibhag,Division,10,BD.BA,NA,NA,NA,NA,Barisal,NA,বরিশাল,BD-A,iso3166-2,NA,NA,NA,0.4777301692997473,0.5934733130451896,0.35061436260803314,0.45990788762498264
BD,BGD,Bangladesh,BGD.2_1,BGD.2_1,Chittagong,Chattagram|Parbattya Chattagram|Rangamati,Chittagong,Bibhag,Division,20,BD.CG,NA,NA,NA,NA,Chittagong,NA,চট্টগ্রাম,BD-B,iso3166-2,NA,NA,NA,0.4169557498526266,0.5169337616362681,0.35061436260803314,0.45990788762498264
BD,BGD,Bangladesh,BGD.3_1,BGD.3_1,Dhaka,Daca|Dacca,Dhaka,Bibhag,Division,30,BD.DH,NA,NA,NA,NA,Dhaka,NA,ঢাকা,BD-C,iso3166-2,NA,NA,NA,0.43423747504047705,0.501999428132803,0.35061436260803314,0.45990788762498264
BD,BGD,Bangladesh,BGD.4_1,BGD.4_1,Khulna,NA,Khulna,Bibhag,Division,40,BD.KH,NA,NA,NA,NA,Khulna,NA,খুলনা,BD-D,iso3166-2,NA,NA,NA,0.43251659627798394,0.5462509402364292,0.35061436260803314,0.45990788762498264
BD,BGD,Bangladesh,NA,BD-H,NA,NA,NA,NA,NA,NA,NA,NA,NA,NA,NA,Mymensingh,NA,ময়মনসিংহ,BD-H,iso3166-2,NA,NA,NA,0.4372548425499695,0.5578772735473775,0.35061436260803314,0.45990788762498264
BD,BGD,Bangladesh,BGD.5_1,BGD.5_1,Rajshahi,NA,Rajshahi,Bibhag,Division,50,BD.RS,NA,NA,NA,NA,Rajshahi,NA,রাজশাহী,BD-E,iso3166-2,NA,NA,NA,0.38205004644570617,0.46645811023904615,0.35061436260803314,0.45990788762498264
BD,BGD,Bangladesh,BGD.6_1,BGD.6_1,Rangpur,NA,Rangpur,Bibhag,Division,55,BD.RP,NA,NA,NA,NA,Rangpur,NA,রংপুর,BD-F,iso3166-2,NA,NA,NA,0.37896928091693927,0.5553687862120728,0.35061436260803314,0.45990788762498264
BD,BGD,Bangladesh,BGD.7_1,BGD.7_1,Sylhet,NA,Sylhet,Bibhag,Division,60,BD.SY,NA,NA,NA,NA,Sylhet,NA,সিলেট,BD-G,iso3166-2,NA,NA,NA,0.5035755549636549,0.44127595001590847,0.35061436260803314,0.45990788762498264
BE,BEL,Belgium,BEL.2.1_1,BEL.2.1_1,Antwerpen,Amberes|Antu√©rpia|Antwerp|Anvers|Anversa,NA,Provincie,Province,NA,BE.AN,NA,NA,NA,NA,Antwerpen,NA,Antwerpen,BE-VAN,iso3166-2,NA,NA,NA,0.39973967767696755,0.6289557215369211,0.33244489096463736,0.5690251527231849
BE,BEL,Belgium,BEL.3.1_1,BEL.3.1_1,Brabant Wallon,Waals Brabant|Walloon Brabant,NA,Province,Provincie,NA,BE.BW,NA,NA,NA,NA,Brabant wallon,NA,Brabant wallon,BE-WBR,iso3166-2,NA,NA,NA,0.45234024663468175,0.598362472247929,0.33244489096463736,0.5690251527231849
BE,BEL,Belgium,BEL.1.1_1,BEL.1.1_1,Bruxelles,Brussel Hoofstadt|Brusselse Hoofdstedelijke Gewest|Br√ºssel|Bruxelas|R√©gion de Bruxelles-Capitale|Brussels|Bruselas,NA,Hoofdstedelijk Gewest|R√©gion Capitale,Capital Region,NA,BE.BU,NA,NA,NA,NA,Brussels Hoofdstedelijk Gewest,"Bruxelles-Capitale, Région de",Brussels / Bruxelles,BE-BRU,iso3166-2,NA,NA,NA,0.4323759422710821,0.620920270802127,0.33244489096463736,0.5690251527231849
BE,BEL,Belgium,BEL.3.2_1,BEL.3.2_1,Hainaut,Henegouwen|Hennegau,NA,Province,Provincie,NA,BE.HT,NA,NA,NA,NA,Hainaut,NA,Hainaut,BE-WHT,iso3166-2,NA,NA,NA,0.45951520348675834,0.6047711246507603,0.33244489096463736,0.5690251527231849
BE,BEL,Belgium,BEL.3.3_1,BEL.3.3_1,Li√®ge,Luik|Liegi|Lieja|L√ºttich,NA,Province,Provincie,NA,BE.LG,NA,NA,NA,NA,Liège,NA,Liège,BE-WLG,iso3166-2,NA,NA,NA,0.4469624186734431,0.6170780377752083,0.33244489096463736,0.5690251527231849
BE,BEL,Belgium,BEL.2.2_1,BEL.2.2_1,Limburg,Limbourg|Limburgo,NA,Provincie,Province,NA,BE.LI,NA,NA,NA,NA,Limburg,NA,Limburg,BE-VLI,iso3166-2,NA,NA,NA,0.3764076189400131,0.5705601422150745,0.33244489096463736,0.5690251527231849
BE,BEL,Belgium,BEL.3.4_1,BEL.3.4_1,Luxembourg,Lussemburgo|Luxemburg|Luxemburgo,NA,Province,Provincie,NA,BE.LX,NA,NA,NA,NA,Luxembourg,NA,Luxembourg,BE-WLX,iso3166-2,NA,NA,NA,0.43309188396294845,0.6289817785551515,0.33244489096463736,0.5690251527231849
BE,BEL,Belgium,BEL.3.5_1,BEL.3.5_1,Namur,Namen,NA,Province,Provincie,NA,BE.NA,NA,NA,NA,NA,Namur,NA,Namur,BE-WNA,iso3166-2,NA,NA,NA,0.49064998370469143,0.6156616904910529,0.33244489096463736,0.5690251527231849
BE,BEL,Belgium,BEL.2.3_1,BEL.2.3_1,Oost-Vlaanderen,Flandres Oriental|Fiandra Orientale|Flandes Oriental|Flandre orientale|East Flanders|Ost Flandern,NA,Provincie,Province,NA,BE.OV,NA,NA,NA,NA,Oost-Vlaanderen,NA,Oost-Vlaanderen,BE-VOV,iso3166-2,NA,NA,NA,0.3779084015498518,0.5839971792829644,0.33244489096463736,0.5690251527231849
BE,BEL,Belgium,BEL.2.4_1,BEL.2.4_1,Vlaams Brabant,Brabant Flamand|Brabante Flamenco|Brabante Flamengo|Flemish Brabant,NA,Provincie,Province,NA,BE.VB,NA,NA,NA,NA,Vlaams-Brabant,NA,Vlaams-Brabant,BE-VBR,iso3166-2,NA,NA,NA,0.3868845700236631,0.6122121089771183,0.33244489096463736,0.5690251527231849
BE,BEL,Belgium,BEL.2.5_1,BEL.2.5_1,West-Vlaanderen,Fiandra Occidentale|Flandes Occidental|Flandre occidentale|Flandres Ocidental|West Flandern|West Flanders,NA,Provincie,Province,NA,BE.WV,NA,NA,NA,NA,West-Vlaanderen,NA,West-Vlaanderen,BE-VWV,iso3166-2,NA,NA,NA,0.36161172989317103,0.5431804055225224,0.33244489096463736,0.5690251527231849
BF,BFA,Burkina Faso,BFA.1_1,BFA.1_1,Boucle du Mouhoun,NA,Boucle du Mouhoun,R√©gion,Region,NA,BF.BO,NA,NA,NA,NA,Boucle du Mouhoun,NA,Boucle du Mouhoun,BF-01,iso3166-2,NA,NA,NA,0.7178773621632841,0.5075726581245757,0.6376074188656099,0.5104460629595514
BF,BFA,Burkina Faso,BFA.2_1,BFA.2_1,Cascades,NA,Cascades,R√©gion,Region,NA,BF.CD,NA,NA,NA,NA,Cascades,NA,Cascades,BF-02,iso3166-2,NA,NA,NA,0.688971742646265,0.4995121602825019,0.6376074188656099,0.5104460629595514
BF,BFA,Burkina Faso,BFA.7_1,BFA.7_1,Centre,NA,Centre,R√©gion,Region,NA,BF.CT,NA,NA,NA,NA,Centre,NA,Centre,BF-03,iso3166-2,NA,NA,NA,0.6518871718510895,0.5797559336241318,0.6376074188656099,0.5104460629595514
BF,BFA,Burkina Faso,BFA.3_1,BFA.3_1,Centre-Est,NA,Centre-Est,R√©gion,Region,NA,BF.CE,NA,NA,NA,NA,Centre-Est,NA,Centre-Est,BF-04,iso3166-2,NA,NA,NA,0.7086533018737399,0.5275796474216223,0.6376074188656099,0.5104460629595514
BF,BFA,Burkina Faso,BFA.4_1,BFA.4_1,Centre-Nord,NA,Centre-Nord,R√©gion,Region,NA,BF.CN,NA,NA,NA,NA,Centre-Nord,NA,Centre-Nord,BF-05,iso3166-2,NA,NA,NA,0.5918486773150408,0.5681496955061189,0.6376074188656099,0.5104460629595514
BF,BFA,Burkina Faso,BFA.5_1,BFA.5_1,Centre-Ouest,NA,Centre-Ouest,R√©gion,Region,NA,BF.CO,NA,NA,NA,NA,Centre-Ouest,NA,Centre-Ouest,BF-06,iso3166-2,NA,NA,NA,0.6631261694293337,0.4688672119262828,0.6376074188656099,0.5104460629595514
BF,BFA,Burkina Faso,BFA.6_1,BFA.6_1,Centre-Sud,NA,Centre-Sud,R√©gion,Region,NA,BF.CS,NA,NA,NA,NA,Centre-Sud,NA,Centre-Sud,BF-07,iso3166-2,NA,NA,NA,0.6419258316942383,0.5721378961937473,0.6376074188656099,0.5104460629595514
BF,BFA,Burkina Faso,BFA.8_1,BFA.8_1,Est,NA,Est,R√©gion,Region,NA,BF.ES,NA,NA,NA,NA,Est,NA,Est,BF-08,iso3166-2,NA,NA,NA,0.7004081354906829,0.5638399422388646,0.6376074188656099,0.5104460629595514
BF,BFA,Burkina Faso,BFA.9_1,BFA.9_1,Haut-Bassins,NA,Haut-Bassins,R√©gion,Region,NA,BF.HB,NA,NA,NA,NA,Hauts-Bassins,NA,Hauts-Bassins,BF-09,iso3166-2,NA,NA,NA,0.6093345433172352,0.5812908427373834,0.6376074188656099,0.5104460629595514
BF,BFA,Burkina Faso,BFA.10_1,BFA.10_1,Nord,NA,Nord,R√©gion,Region,NA,BF.NO,NA,NA,NA,NA,Nord,NA,Nord,BF-10,iso3166-2,NA,NA,NA,0.6178258342481023,0.6026963582088941,0.6376074188656099,0.5104460629595514
BF,BFA,Burkina Faso,BFA.11_1,BFA.11_1,Plateau-Central,NA,Plateau-Central,R√©gion,Region,NA,BF.PC,NA,NA,NA,NA,Plateau-Central,NA,Plateau-Central,BF-11,iso3166-2,NA,NA,NA,0.5867699420558503,0.6064638710696252,0.6376074188656099,0.5104460629595514
BF,BFA,Burkina Faso,BFA.12_1,BFA.12_1,Sahel,NA,Sahel,R√©gion,Region,NA,BF.SA,NA,NA,NA,NA,Sahel,NA,Sahel,BF-12,iso3166-2,NA,NA,NA,0.66668858833169,0.5596283456416552,0.6376074188656099,0.5104460629595514
BF,BFA,Burkina Faso,BFA.13_1,BFA.13_1,Sud-Ouest,NA,Sud-Ouest,R√©gion,Region,NA,BF.SO,NA,NA,NA,NA,Sud-Ouest,NA,Sud-Ouest,BF-13,iso3166-2,NA,NA,NA,0.6883433343684959,0.5383190603373533,0.6376074188656099,0.5104460629595514
BG,BGR,Bulgaria,NA,BG32,NA,NA,NA,NA,NA,NA,NA,NA,NA,NA,NA,Severen tsentralen,NA,Северен централен район за планиране,BG32,nuts2,NA,NA,NA,0.4810873588395946,0.5196245011843931,0.44785047037312187,0.4841476186579792
BG,BGR,Bulgaria,NA,BG33,NA,NA,NA,NA,NA,NA,NA,NA,NA,NA,NA,Severoiztochen,NA,Североизточен район за планиране,BG33,nuts2,NA,NA,NA,0.5074112974796624,0.5335391850489094,0.44785047037312187,0.4841476186579792
BG,BGR,Bulgaria,NA,BG31,NA,NA,NA,NA,NA,NA,NA,NA,NA,NA,NA,Severozapaden,NA,Северозападен район за планиране,BG31,nuts2,NA,NA,NA,0.4799099737996262,0.5256928992918054,0.44785047037312187,0.4841476186579792
BG,BGR,Bulgaria,NA,BG34,NA,NA,NA,NA,NA,NA,NA,NA,NA,NA,NA,Yugoiztochen,NA,Югоизточен район за планиране,BG34,nuts2,NA,NA,NA,0.5018815290018617,0.5818516563390446,0.44785047037312187,0.4841476186579792
BG,BGR,Bulgaria,NA,BG41,NA,NA,NA,NA,NA,NA,NA,NA,NA,NA,NA,Yugozapaden,NA,Югозападен район за планиране,BG41,nuts2,NA,NA,NA,0.5034610391390447,0.5322503664146029,0.44785047037312187,0.4841476186579792
BG,BGR,Bulgaria,NA,BG42,NA,NA,NA,NA,NA,NA,NA,NA,NA,NA,NA,Yuzhen tsentralen,NA,Южен централен район за планиране,BG42,nuts2,NA,NA,NA,0.5304879504734619,0.5115753192156818,0.44785047037312187,0.4841476186579792
BH,BHR,Bahrain,BHR.2_1,BHR.2_1,Central,al-Muhafazah al-Wustah,Central,Muhafazah,Governorate,NA,BH.CE,NA,NA,NA,NA,Al ‘Āşimah,Capital Governorate,محافظة العاصمة,BH-13,iso3166-2,NA,NA,NA,0.5008759258849208,0.41472578078162514,0.42485269500078304,0.26837899270874876
BH,BHR,Bahrain,BHR.5_1,BHR.5_1,Southern,al-Muhafazah al-Janobiyah,Southern,Muhafazah,Governorate,NA,BH.SO,NA,NA,NA,NA,Al Janūbīyah,Southern Governorate,المحافظة الجنوبية,BH-14,iso3166-2,NA,NA,NA,0.4527668936192609,0.31925613962974597,0.42485269500078304,0.26837899270874876
BH,BHR,Bahrain,BHR.3_1,BHR.3_1,Muharraq,Muhafazat al-Muharaq,Muharraq,Muhafazah,Governorate,NA,BH.MU,NA,NA,NA,NA,Al Muḩarraq,Muharraq Governorate,محافظة المحرق,BH-15,iso3166-2,NA,NA,NA,NA,NA,0.42485269500078304,0.26837899270874876
BH,BHR,Bahrain,BHR.4_1,BHR.4_1,Northern,al-Muhafazah ash-Shamaliyah,Northern,Muhafazah,Governorate,NA,BH.NO,NA,NA,NA,NA,Ash Shamālīyah,Northern Governorate,المحافظة الشمالية,BH-17,iso3166-2,NA,NA,NA,NA,NA,0.42485269500078304,0.26837899270874876
BI,BDI,Burundi,BDI.1_1,BDI.1_1,Bubanza,NA,Bubanza,Province,Province,003BDI001,BI.BB,NA,NA,NA,NA,Bubanza,NA,Bubanza,BI-BB,iso3166-2,NA,NA,NA,0.4173027271279889,0.4227876045194531,0.34695478504106686,0.35450364662835515
BI,BDI,Burundi,BDI.2_1,BDI.2_1,Bujumbura Mairie,NA,Bujumbura Mairie,Province,Province,003BDI017,BI.BM,NA,NA,NA,NA,Bujumbura Mairie,NA,Bujumbura Mairie,BI-BM,iso3166-2,NA,NA,NA,NA,NA,0.34695478504106686,0.35450364662835515
BI,BDI,Burundi,BDI.3_1,BDI.3_1,Bujumbura Rural,Usumbura,Bujumbura Rural,Province,Province,003BDI002,BI.BU,NA,NA,NA,1,Bujumbura Rural,NA,Bujumbura Rural,BI-BL,iso3166-2,NA,NA,NA,0.42733542430893384,0.4346057710043247,0.34695478504106686,0.35450364662835515
BI,BDI,Burundi,BDI.4_1,BDI.4_1,Bururi,NA,Bururi,Province,Province,003BDI003,BI.BR,NA,NA,NA,1,Bururi,NA,Bururi,BI-BR,iso3166-2,NA,NA,NA,0.39895090777801145,0.40247702361827675,0.34695478504106686,0.35450364662835515
BI,BDI,Burundi,BDI.5_1,BDI.5_1,Cankuzo,NA,Cankuzo,Province,Province,003BDI004,BI.CA,NA,NA,NA,NA,Cankuzo,NA,Cankuzo,BI-CA,iso3166-2,NA,NA,NA,0.5157683725469464,0.5219150731652954,0.34695478504106686,0.35450364662835515
BI,BDI,Burundi,BDI.6_1,BDI.6_1,Cibitoke,NA,Cibitoke,Province,Province,003BDI005,BI.CI,NA,NA,NA,NA,Cibitoke,NA,Cibitoke,BI-CI,iso3166-2,NA,NA,NA,0.3888827887107941,0.3952423067723511,0.34695478504106686,0.35450364662835515
BI,BDI,Burundi,BDI.7_1,BDI.7_1,Gitega,Kitega,Gitega,Province,Province,003BDI006,BI.GI,NA,NA,NA,NA,Gitega,NA,Gitega,BI-GI,iso3166-2,NA,NA,NA,0.41796179975885983,0.42596048684956456,0.34695478504106686,0.35450364662835515
BI,BDI,Burundi,BDI.8_1,BDI.8_1,Karuzi,Karusi,Karuzi,Province,Province,003BDI007,BI.KR,NA,NA,NA,NA,Karuzi,NA,Karuzi,BI-KR,iso3166-2,NA,NA,NA,0.44230670596727556,0.4481921372974118,0.34695478504106686,0.35450364662835515
BI,BDI,Burundi,BDI.9_1,BDI.9_1,Kayanza,NA,Kayanza,Province,Province,003BDI008,BI.KY,NA,NA,NA,NA,Kayanza,NA,Kayanza,BI-KY,iso3166-2,NA,NA,NA,0.3860932063860875,0.3925341399615078,0.34695478504106686,0.35450364662835515
BI,BDI,Burundi,BDI.10_1,BDI.10_1,Kirundo,NA,Kirundo,Province,Province,003BDI009,BI.KI,NA,NA,NA,NA,Kirundo,NA,Kirundo,BI-KI,iso3166-2,NA,NA,NA,0.44225992464933306,0.4460964435543483,0.34695478504106686,0.35450364662835515
BI,BDI,Burundi,BDI.11_1,BDI.11_1,Makamba,NA,Makamba,Province,Province,003BDI010,BI.MA,NA,NA,NA,NA,Makamba,NA,Makamba,BI-MA,iso3166-2,NA,NA,NA,0.43725135623352746,0.44417908120568145,0.34695478504106686,0.35450364662835515
BI,BDI,Burundi,BDI.12_1,BDI.12_1,Muramvya,Muramviya,Muramvya,Province,Province,003BDI011,BI.MV,NA,NA,NA,NA,Muramvya,NA,Muramvya,BI-MU,iso3166-2,NA,NA,NA,0.4346424339375376,0.4385687741033236,0.34695478504106686,0.35450364662835515
BI,BDI,Burundi,BDI.13_1,BDI.13_1,Muyinga,Muhinga,Muyinga,Province,Province,003BDI012,BI.MY,NA,NA,NA,NA,Muyinga,NA,Muyinga,BI-MY,iso3166-2,NA,NA,NA,0.46207790582401015,0.4699844120500498,0.34695478504106686,0.35450364662835515
BI,BDI,Burundi,BDI.14_1,BDI.14_1,Mwaro,NA,Mwaro,Province,Province,003BDI013,BI.MW,NA,NA,1,NA,Mwaro,NA,Mwaro,BI-MW,iso3166-2,NA,NA,NA,NA,NA,0.34695478504106686,0.35450364662835515
BI,BDI,Burundi,BDI.15_1,BDI.15_1,Ngozi,NA,Ngozi,Province,Province,003BDI014,BI.NG,NA,NA,NA,NA,Ngozi,NA,Ngozi,BI-NG,iso3166-2,NA,NA,NA,0.41207911143654263,0.416939511861497,0.34695478504106686,0.35450364662835515
BI,BDI,Burundi,NA,BI-RM,NA,NA,NA,NA,NA,NA,NA,NA,NA,NA,1,Rumonge,NA,Rumonge,BI-RM,iso3166-2,NA,NA,NA,0.3937839715656096,0.4008236748240942,0.34695478504106686,0.35450364662835515
BI,BDI,Burundi,BDI.16_1,BDI.16_1,Rutana,NA,Rutana,Province,Province,003BDI015,BI.RT,NA,NA,NA,NA,Rutana,NA,Rutana,BI-RT,iso3166-2,NA,NA,NA,0.42471938327544845,0.43217559393192606,0.34695478504106686,0.35450364662835515
BI,BDI,Burundi,BDI.17_1,BDI.17_1,Ruyigi,NA,Ruyigi,Province,Province,003BDI016,BI.RY,NA,NA,NA,NA,Ruyigi,NA,Ruyigi,BI-RY,iso3166-2,NA,NA,NA,0.41753439942388565,0.42098758754164456,0.34695478504106686,0.35450364662835515
BJ,BEN,Benin,BEN.1_1,BEN.1_1,Alibori,NA,Alibori,D√©partement,Department,NA,BJ.AL,NA,NA,NA,NA,Alibori,NA,Alibori,BJ-AL,iso3166-2,NA,NA,NA,0.5080337729285747,0.5884638244666067,0.45919528392527514,0.5872225852642298
BJ,BEN,Benin,BEN.2_1,BEN.2_1,Atakora,NA,Atakora,D√©partement,Department,NA,BJ.AK,NA,NA,NA,NA,Atacora,NA,Atacora,BJ-AK,iso3166-2,NA,NA,NA,0.5518997839855214,0.5831008317970616,0.45919528392527514,0.5872225852642298
BJ,BEN,Benin,BEN.3_1,BEN.3_1,Atlantique,NA,Atlantique,D√©partement,Department,NA,BJ.AQ,NA,NA,NA,NA,Atlantique,NA,Atlantique,BJ-AQ,iso3166-2,NA,NA,NA,0.5313370090945345,0.6323725734144808,0.45919528392527514,0.5872225852642298
BJ,BEN,Benin,BEN.4_1,BEN.4_1,Borgou,NA,Borgou,D√©partement,Department,NA,BJ.BO,NA,NA,NA,NA,Borgou,NA,Borgou,BJ-BO,iso3166-2,NA,NA,NA,0.5117546044067591,0.6336591205006673,0.45919528392527514,0.5872225852642298
BJ,BEN,Benin,BEN.5_1,BEN.5_1,Collines,NA,Collines,D√©partement,Department,NA,BJ.CL,NA,NA,NA,NA,Collines,NA,Collines,BJ-CO,iso3166-2,NA,NA,NA,0.47489610779707675,0.614768359537406,0.45919528392527514,0.5872225852642298
BJ,BEN,Benin,BEN.6_1,BEN.6_1,Donga,NA,Donga,D√©partement,Department,NA,BJ.DO,NA,NA,NA,NA,Couffo,NA,Couffo,BJ-KO,iso3166-2,NA,NA,NA,0.5443007165279544,0.6734401314895878,0.45919528392527514,0.5872225852642298
BJ,BEN,Benin,BEN.7_1,BEN.7_1,Kouffo,Couffo,Kouffo,D√©partement,Department,NA,BJ.CF,NA,NA,NA,NA,Donga,NA,Donga,BJ-DO,iso3166-2,NA,NA,NA,0.5171709626813213,0.4908394170073695,0.45919528392527514,0.5872225852642298
BJ,BEN,Benin,BEN.8_1,BEN.8_1,Littoral,NA,Littoral,D√©partement,Department,NA,BJ.LI,NA,NA,NA,NA,Littoral,NA,Littoral,BJ-LI,iso3166-2,NA,NA,NA,NA,NA,0.45919528392527514,0.5872225852642298
BJ,BEN,Benin,BEN.9_1,BEN.9_1,Mono,NA,Mono,D√©partement,Department,NA,BJ.MO,NA,NA,NA,NA,Mono,NA,Mono,BJ-MO,iso3166-2,NA,NA,NA,0.48831628285046613,0.6333682725946886,0.45919528392527514,0.5872225852642298
BJ,BEN,Benin,BEN.10_1,BEN.10_1,Ou√©m√©,NA,Ou√©m√©,D√©partement,Department,NA,BJ.OU,NA,NA,NA,NA,Ouémé,NA,Ouémé,BJ-OU,iso3166-2,NA,NA,NA,0.5221159419586857,0.6289235796102536,0.45919528392527514,0.5872225852642298
BJ,BEN,Benin,BEN.11_1,BEN.11_1,Plateau,NA,Plateau,D√©partement,Department,NA,BJ.PL,NA,NA,NA,NA,Plateau,NA,Plateau,BJ-PL,iso3166-2,NA,NA,NA,0.5026483301155623,0.6602647646536766,0.45919528392527514,0.5872225852642298
BJ,BEN,Benin,BEN.12_1,BEN.12_1,Zou,NA,Zou,D√©partement,Department,NA,BJ.ZO,NA,NA,NA,NA,Zou,NA,Zou,BJ-ZO,iso3166-2,NA,NA,NA,0.47104939979814303,0.6479571727659047,0.45919528392527514,0.5872225852642298
BO,BOL,Bolivia,BOL.1_1,BOL.1_1,Chuquisaca,NA,Chuquisaca,Departamento,Department,NA,BO.CQ,NA,NA,NA,NA,Chuquisaca,NA,Chuquisaca,BO-H,iso3166-2,NA,NA,NA,0.5665566763232699,0.6600026618081032,0.5471533384927683,0.6479797946493864
BO,BOL,Bolivia,BOL.2_1,BOL.2_1,Cochabamba,NA,Cochabamba,Departamento,Department,NA,BO.CB,NA,NA,NA,NA,Cochabamba,NA,Cochabamba,BO-C,iso3166-2,NA,NA,NA,0.5557259357587406,0.6781769641215006,0.5471533384927683,0.6479797946493864
BO,BOL,Bolivia,BOL.3_1,BOL.3_1,El Beni,NA,El Beni,Departamento,Department,NA,BO.EB,NA,NA,NA,NA,El Beni,NA,El Beni,BO-B,iso3166-2,NA,NA,NA,0.45785486052320234,0.6221416404896785,0.5471533384927683,0.6479797946493864
BO,BOL,Bolivia,BOL.4_1,BOL.4_1,La Paz,NA,La Paz,Departamento,Department,NA,BO.LP,NA,NA,NA,NA,La Paz,NA,La Paz,BO-L,iso3166-2,NA,NA,NA,0.5900619291464263,0.7051241708666307,0.5471533384927683,0.6479797946493864
BO,BOL,Bolivia,BOL.5_1,BOL.5_1,Oruro,NA,Oruro,Departamento,Department,NA,BO.OR,NA,NA,NA,NA,Oruro,NA,Oruro,BO-O,iso3166-2,NA,NA,NA,0.6250744225875025,0.6869819664779139,0.5471533384927683,0.6479797946493864
BO,BOL,Bolivia,BOL.6_1,BOL.6_1,Pando,colonial territories|madre de dios|territorio nacional de colonias,Pando,Departamento,Department,NA,BO.PA,NA,NA,NA,NA,Pando,NA,Pando,BO-N,iso3166-2,NA,NA,NA,0.5664210678630197,0.633778507040272,0.5471533384927683,0.6479797946493864
BO,BOL,Bolivia,BOL.7_1,BOL.7_1,Potos√≠,NA,Potos√≠,Departamento,Department,NA,BO.PO,NA,NA,NA,NA,Potosí,NA,Potosí,BO-P,iso3166-2,NA,NA,NA,0.6213165291710537,0.6483400876411957,0.5471533384927683,0.6479797946493864
BO,BOL,Bolivia,BOL.8_1,BOL.8_1,Santa Cruz,NA,Santa Cruz,Departamento,Department,NA,BO.SC,NA,NA,NA,NA,Santa Cruz,NA,Santa Cruz,BO-S,iso3166-2,NA,NA,NA,0.5961596378051262,0.6230799737130983,0.5471533384927683,0.6479797946493864
BO,BOL,Bolivia,BOL.9_1,BOL.9_1,Tarija,NA,Tarija,Departamento,Department,NA,BO.TR,NA,NA,NA,NA,Tarija,NA,Tarija,BO-T,iso3166-2,NA,NA,NA,0.6203513098622626,0.6970394701454986,0.5471533384927683,0.6479797946493864
BR,BRA,Brazil,BRA.1_1,BRA.1_1,Acre,NA,Acre,Estado,State,NA,BR.AC,NA,NA,NA,NA,Acre,NA,Acre,BR-AC,iso3166-2,NA,NA,NA,0.6302631578040158,0.7486114291378559,0.6281646251176528,0.7239410636252795
BR,BRA,Brazil,BRA.2_1,BRA.2_1,Alagoas,NA,Alagoas,Estado,State,NA,BR.AL,NA,NA,NA,NA,Alagoas,NA,Alagoas,BR-AL,iso3166-2,NA,NA,NA,0.685677559377309,0.7222789780737922,0.6281646251176528,0.7239410636252795
BR,BRA,Brazil,BRA.3_1,BRA.3_1,Amap√°,NA,Amap√°,Estado,State,NA,BR.AP,NA,NA,NA,NA,Amapá,NA,Amapá,BR-AP,iso3166-2,NA,NA,NA,0.6648010105248037,0.7473717101860706,0.6281646251176528,0.7239410636252795
BR,BRA,Brazil,BRA.4_1,BRA.4_1,Amazonas,Amazone,Amazonas,Estado,State,NA,BR.AM,NA,NA,NA,NA,Amazonas,NA,Amazonas,BR-AM,iso3166-2,NA,NA,NA,0.6545113671864626,0.7430456278250143,0.6281646251176528,0.7239410636252795
BR,BRA,Brazil,BRA.5_1,BRA.5_1,Bahia,Ba¬°a,Bahia,Estado,State,NA,BR.BA,NA,NA,NA,NA,Bahia,NA,Bahia,BR-BA,iso3166-2,NA,NA,NA,0.586143790513651,0.7399696894013518,0.6281646251176528,0.7239410636252795
BR,BRA,Brazil,BRA.6_1,BRA.6_1,Cear√°,NA,Cear√°,Estado,State,NA,BR.CE,NA,NA,NA,NA,Ceará,NA,Ceará,BR-CE,iso3166-2,NA,NA,NA,0.6529754333932767,0.7308192710114825,0.6281646251176528,0.7239410636252795
BR,BRA,Brazil,BRA.7_1,BRA.7_1,Distrito Federal,NA,Distrito Federal,Distrito Federal,Federal District,NA,BR.DF,NA,NA,NA,NA,Distrito Federal,NA,Distrito Federal,BR-DF,iso3166-2,NA,NA,NA,0.682322900605208,0.6701880823014813,0.6281646251176528,0.7239410636252795
BR,BRA,Brazil,BRA.8_1,BRA.8_1,Esp√≠rito Santo,Espiritu Santo,Esp√≠rito Santo,Estado,State,NA,BR.ES,NA,NA,NA,NA,Espírito Santo,NA,Espírito Santo,BR-ES,iso3166-2,NA,NA,NA,0.6670098719328332,0.7327928925691582,0.6281646251176528,0.7239410636252795
BR,BRA,Brazil,BRA.9_1,BRA.9_1,Goi√°s,Goi√°z|Goy√°z,Goi√°s,Estado,State,NA,BR.GO,NA,NA,NA,NA,Goiás,NA,Goiás,BR-GO,iso3166-2,NA,NA,NA,0.6579239378013882,0.7579822730853536,0.6281646251176528,0.7239410636252795
BR,BRA,Brazil,BRA.10_1,BRA.10_1,Maranh√£o,S√£o Lu√≠z de Maranh√£o,Maranh√£o,Estado,State,NA,BR.MA,NA,NA,NA,NA,Maranhão,NA,Maranhão,BR-MA,iso3166-2,NA,NA,NA,0.6326901165853328,0.7433565123189455,0.6281646251176528,0.7239410636252795
BR,BRA,Brazil,BRA.12_1,BRA.12_1,Mato Grosso,Matto Grosso,Mato Grosso,Estado,State,NA,BR.MT,NA,NA,NA,NA,Mato Grosso,NA,Mato Grosso,BR-MT,iso3166-2,NA,NA,NA,0.6899448197950379,0.7380813367238314,0.6281646251176528,0.7239410636252795
BR,BRA,Brazil,BRA.11_1,BRA.11_1,Mato Grosso do Sul,NA,Mato Grosso do Sul,Estado,State,NA,BR.MS,NA,NA,NA,NA,Mato Grosso do Sul,NA,Mato Grosso do Sul,BR-MS,iso3166-2,NA,NA,NA,0.590807438256625,0.6674405424695578,0.6281646251176528,0.7239410636252795
BR,BRA,Brazil,BRA.13_1,BRA.13_1,Minas Gerais,Minas|Minas Geraes,Minas Gerais,Estado,State,NA,BR.MG,NA,NA,NA,NA,Minas Gerais,NA,Minas Gerais,BR-MG,iso3166-2,NA,NA,NA,0.6741752217134633,0.7405953458122817,0.6281646251176528,0.7239410636252795
BR,BRA,Brazil,BRA.14_1,BRA.14_1,Par√°,NA,Par√°,Estado,State,NA,BR.PA,NA,NA,NA,NA,Pará,NA,Pará,BR-PA,iso3166-2,NA,NA,NA,0.6552271945602954,0.7438074851981974,0.6281646251176528,0.7239410636252795
BR,BRA,Brazil,BRA.15_1,BRA.15_1,Para√≠ba,Parahyba,Para√≠ba,Estado,State,NA,BR.PB,NA,NA,NA,NA,Paraíba,NA,Paraíba,BR-PB,iso3166-2,NA,NA,NA,0.6246820834450596,0.746051796088193,0.6281646251176528,0.7239410636252795
BR,BRA,Brazil,BRA.16_1,BRA.16_1,Paran√°,NA,Paran√°,Estado,State,NA,BR.PR,NA,NA,NA,NA,Paraná,NA,Paraná,BR-PR,iso3166-2,NA,NA,NA,0.6352979583861965,0.6899127650010178,0.6281646251176528,0.7239410636252795
BR,BRA,Brazil,BRA.17_1,BRA.17_1,Pernambuco,Pernambouc,Pernambuco,Estado,State,NA,BR.PE,NA,NA,NA,NA,Pernambuco,NA,Pernambuco,BR-PE,iso3166-2,NA,NA,NA,0.695526453545591,0.7134021069670802,0.6281646251176528,0.7239410636252795
BR,BRA,Brazil,BRA.18_1,BRA.18_1,Piau√≠,Piauhy,Piau√≠,Estado,State,NA,BR.PI,NA,NA,NA,NA,Piauí,NA,Piauí,BR-PI,iso3166-2,NA,NA,NA,0.6555686817826764,0.7298850264875458,0.6281646251176528,0.7239410636252795
BR,BRA,Brazil,BRA.19_1,BRA.19_1,Rio de Janeiro,NA,Rio de Janeiro,Estado,State,NA,BR.RJ,NA,NA,NA,NA,Rio de Janeiro,NA,Rio de Janeiro,BR-RJ,iso3166-2,NA,NA,NA,0.6105192183537218,0.7288299943310331,0.6281646251176528,0.7239410636252795
BR,BRA,Brazil,BRA.20_1,BRA.20_1,Rio Grande do Norte,NA,Rio Grande do Norte,Estado,State,NA,BR.RN,NA,NA,NA,NA,Rio Grande do Norte,NA,Rio Grande do Norte,BR-RN,iso3166-2,NA,NA,NA,0.6698994893884195,0.7156630357956041,0.6281646251176528,0.7239410636252795
BR,BRA,Brazil,BRA.21_1,BRA.21_1,Rio Grande do Sul,NA,Rio Grande do Sul,Estado,State,NA,BR.RS,NA,NA,NA,NA,Rio Grande do Sul,NA,Rio Grande do Sul,BR-RS,iso3166-2,NA,NA,NA,0.657773838746198,0.6885342981996934,0.6281646251176528,0.7239410636252795
BR,BRA,Brazil,BRA.22_1,BRA.22_1,Rond√¥nia,Guapor√©,Rond√¥nia,Estado,State,NA,BR.RO,NA,NA,NA,NA,Rondônia,NA,Rondônia,BR-RO,iso3166-2,NA,NA,NA,0.5999423069542239,0.73497913695588,0.6281646251176528,0.7239410636252795
BR,BRA,Brazil,BRA.23_1,BRA.23_1,Roraima,Rio Branco,Roraima,Estado,State,NA,BR.RR,NA,NA,NA,NA,Roraima,NA,Roraima,BR-RR,iso3166-2,NA,NA,NA,0.7175255009278935,0.7291578709982137,0.6281646251176528,0.7239410636252795
BR,BRA,Brazil,BRA.24_1,BRA.24_1,Santa Catarina,Santa Catharina,Santa Catarina,Estado,State,NA,BR.SC,NA,NA,NA,NA,Santa Catarina,NA,Santa Catarina,BR-SC,iso3166-2,NA,NA,NA,0.6121023627936314,0.6949060961066178,0.6281646251176528,0.7239410636252795
BR,BRA,Brazil,BRA.25_1,BRA.25_1,S√£o Paulo,NA,S√£o Paulo,Estado,State,NA,BR.SP,NA,NA,NA,NA,São Paulo,NA,São Paulo,BR-SP,iso3166-2,NA,NA,NA,0.6630378870665651,0.7243195828542222,0.6281646251176528,0.7239410636252795
BR,BRA,Brazil,BRA.26_1,BRA.26_1,Sergipe,NA,Sergipe,Estado,State,NA,BR.SE,NA,NA,NA,NA,Sergipe,NA,Sergipe,BR-SE,iso3166-2,NA,NA,NA,0.6408625986565105,0.7963206035613958,0.6281646251176528,0.7239410636252795
BR,BRA,Brazil,BRA.27_1,BRA.27_1,Tocantins,NA,Tocantins,Estado,State,NA,BR.TO,NA,NA,NA,NA,Tocantins,NA,Tocantins,BR-TO,iso3166-2,NA,NA,NA,0.6760977905103247,0.7387112225534703,0.6281646251176528,0.7239410636252795
BS,BHS,Bahamas,NA,BS.nat,NA,NA,NA,NA,NA,NA,NA,nat,Bahamas,NA,NA,Abaco,NA,Abaco,BS-AB,ypccc,NA,NA,NA,NA,NA,0.6030199079788888,0.6889868019265604
BS,BHS,Bahamas,NA,BS.nat,NA,NA,NA,NA,NA,NA,NA,nat,Bahamas,NA,NA,Andros,NA,Andros,BS-AN,ypccc,NA,NA,NA,NA,NA,0.6030199079788888,0.6889868019265604
BS,BHS,Bahamas,NA,BS.nat,NA,NA,NA,NA,NA,NA,NA,nat,Bahamas,NA,NA,Eleuthera,NA,Eleuthera,BS-EL,ypccc,NA,NA,NA,NA,NA,0.6030199079788888,0.6889868019265604
BS,BHS,Bahamas,NA,BS.nat,NA,NA,NA,NA,NA,NA,NA,nat,Bahamas,NA,NA,Exuma and Cays,NA,Exuma and Cays,BS-EC,ypccc,NA,NA,NA,NA,NA,0.6030199079788888,0.6889868019265604
BS,BHS,Bahamas,NA,BS.nat,NA,NA,NA,NA,NA,NA,NA,nat,Bahamas,NA,NA,Grand Bahama,NA,Grand Bahama,BS-GB,ypccc,NA,NA,NA,NA,NA,0.6030199079788888,0.6889868019265604
BS,BHS,Bahamas,NA,BS.nat,NA,NA,NA,NA,NA,NA,NA,nat,Bahamas,NA,NA,New Providence,NA,New Providence,BS-NP,ypccc,NA,NA,NA,NA,NA,0.6030199079788888,0.6889868019265604
BW,BWA,Botswana,BWA.1_1,BWA.1_1,Central,Centre|Ngwato|Serowe-Palapye,Central,District,District,NA,BW.CE,A,Central and Ghanzi,NA,NA,Central,NA,Central,BW-CE,iso3166-2,NA,NA,NA,NA,NA,0.4004648466239504,0.7113318965149903
BW,BWA,Botswana,BWA.2_1,BWA.2_1,Chobe,NA,Chobe,District,District,NA,BW.CH,D,Chobe and North-West,NA,NA,Chobe,NA,Chobe,BW-CH,iso3166-2,NA,NA,NA,NA,NA,0.4004648466239504,0.7113318965149903
BW,BWA,Botswana,BWA.3_1,BWA.3_1,Francistown,NA,Francistown,City,City,NA,BW.FR,NA,NA,NA,NA,Francistown,NA,Francistown,BW-FR,iso3166-2,NA,NA,NA,NA,NA,0.4004648466239504,0.7113318965149903
BW,BWA,Botswana,BWA.4_1,BWA.4_1,Gaborone,NA,Gaborone,City,City,NA,BW.GB,NA,NA,NA,NA,Gaborone,NA,Gaborone,BW-GA,iso3166-2,NA,NA,NA,0.46942878408926336,0.710423318395721,0.4004648466239504,0.7113318965149903
BW,BWA,Botswana,BWA.5_1,BWA.5_1,Ghanzi,Ghantsi,Ghanzi,District,District,NA,BW.GH,D,Central and Ghanzi,NA,NA,Ghanzi,NA,Ghanzi,BW-GH,iso3166-2,NA,NA,NA,NA,NA,0.4004648466239504,0.7113318965149903
BW,BWA,Botswana,BWA.6_1,BWA.6_1,Jwaneng,NA,Jwaneng,Town,Town,NA,BW.JW,B,Southern,NA,NA,Jwaneng,NA,Jwaneng,BW-JW,iso3166-2,NA,NA,NA,NA,NA,0.4004648466239504,0.7113318965149903
BW,BWA,Botswana,BWA.7_1,BWA.7_1,Kgalagadi,NA,Kgalagadi,District,District,NA,BW.KG,NA,NA,NA,NA,Kgalagadi,NA,Kgalagadi,BW-KG,iso3166-2,NA,NA,NA,0.524140263706245,0.7650925171300716,0.4004648466239504,0.7113318965149903
BW,BWA,Botswana,BWA.8_1,BWA.8_1,Kgatleng,NA,Kgatleng,District,District,NA,BW.KL,NA,NA,NA,NA,Kgatleng,NA,Kgatleng,BW-KL,iso3166-2,NA,NA,NA,0.4083661369562901,0.6517887255085579,0.4004648466239504,0.7113318965149903
BW,BWA,Botswana,BWA.9_1,BWA.9_1,Kweneng,NA,Kweneng,District,District,NA,BW.KW,NA,NA,NA,NA,Kweneng,NA,Kweneng,BW-KW,iso3166-2,NA,NA,NA,0.47358092905933274,0.7285253145529293,0.4004648466239504,0.7113318965149903
BW,BWA,Botswana,BWA.10_1,BWA.10_1,Lobatse,NA,Lobatse,Town,Town,NA,BW.LB,C,South-East,NA,NA,Lobatse,NA,Lobatse,BW-LO,iso3166-2,NA,NA,NA,NA,NA,0.4004648466239504,0.7113318965149903
BW,BWA,Botswana,BWA.11_1,BWA.11_1,North-East,North East|Bokone-Botlhaba,North-East,District,District,NA,BW.NE,NA,NA,NA,NA,North East,NA,North East,BW-NE,iso3166-2,NA,NA,NA,0.4214422180653701,0.7197093504737994,0.4004648466239504,0.7113318965149903
BW,BWA,Botswana,BWA.12_1,BWA.12_1,North-West,North West|Bokone-Bophirima,North-West,District,District,NA,BW.NC,D,Chobe and North-West,NA,NA,North West,Ngamiland,Ngamiland,BW-NW,iso3166-2,NA,NA,NA,NA,NA,0.4004648466239504,0.7113318965149903
BW,BWA,Botswana,BWA.13_1,BWA.13_1,Selibe Phikwe,NA,Selibe Phikwe,Town,Town,NA,BW.SP,A,Central and Ghanzi,NA,NA,Selibe Phikwe,NA,Selibe Phikwe,BW-SP,iso3166-2,NA,NA,NA,NA,NA,0.4004648466239504,0.7113318965149903
BW,BWA,Botswana,BWA.14_1,BWA.14_1,South-East,Borwa-Botlhaba,South-East,District,District,NA,BW.SR,C,South-East,NA,NA,South East,NA,South East,BW-SE,iso3166-2,NA,NA,NA,NA,NA,0.4004648466239504,0.7113318965149903
BW,BWA,Botswana,BWA.15_1,BWA.15_1,Southern,Borwa|Ngwakets|Ngwaketse,Southern,District,District,NA,BW.SO,B,Southern,NA,NA,Southern,NA,Southern,BW-SO,iso3166-2,NA,NA,NA,NA,NA,0.4004648466239504,0.7113318965149903
BW,BWA,Botswana,BWA.16_1,BWA.16_1,Sowa,NA,Sowa,Town,Town,NA,BW.ST,A,Central and Ghanzi,NA,NA,Sowa Town,NA,Sowa Town,BW-ST,iso3166-2,NA,NA,NA,NA,NA,0.4004648466239504,0.7113318965149903
BY,BLR,Belarus,BLR.1_1,BLR.1_1,Brest,–ë—Ä–µ—Å—Ç|Brestskaya Voblasts'|Br√®st,Brest,Voblasts',Region,NA,BY.BR,NA,NA,NA,NA,Brestskaya voblasts',Brest Region,Брэсцкая,BY-BR,iso3166-2,NA,NA,NA,0.5320957877393065,0.5482112911738588,0.48547340385484095,0.40628637129591816
BY,BLR,Belarus,BLR.2_1,BLR.2_1,Homyel',–ì–æ–º–µ–ª—å|Gomel|Gomel'|Homyel'skaya Voblasts'|Homje,Homyel',Voblasts',Region,NA,BY.HO,NA,NA,NA,NA,Homyel'skaya voblasts',Gomel Region,Гомельская,BY-HO,iso3166-2,NA,NA,NA,0.5633169205932644,0.6251827929900519,0.48547340385484095,0.40628637129591816
BY,BLR,Belarus,NA,BY-HM,NA,NA,NA,NA,NA,NA,NA,NA,NA,NA,NA,Horad Minsk,City of Minsk,Мінск,BY-HM,iso3166-2,NA,NA,NA,0.5427668545034114,0.5283171584778956,0.48547340385484095,0.40628637129591816
BY,BLR,Belarus,BLR.3_1,BLR.3_1,Hrodna,–ì—Ä–æ–¥–Ω–æ|Grodno|Hrodzenskaya Voblasts',Hrodna,Voblasts',Region,NA,BY.HR,NA,NA,NA,NA,Hrodzenskaya voblasts',Grodno Region,Гродзенская,BY-HR,iso3166-2,NA,NA,NA,0.4732006573107616,0.2862903905940861,0.48547340385484095,0.40628637129591816
BY,BLR,Belarus,BLR.4_1,BLR.4_1,Mahilyow,–ú–æ–≥–∏–ª—ë–≤|Mahiljow|Mogilev|Mahilyowskaya Voblasts',Mahilyow,Voblasts',Region,NA,BY.MA,NA,NA,NA,NA,Mahilyowskaya voblasts',Mogilev Region,Магілёўская,BY-MA,iso3166-2,NA,NA,NA,0.5585547679328369,0.4122824866059444,0.48547340385484095,0.40628637129591816
BY,BLR,Belarus,BLR.5_1,BLR.5_1,Minsk,–ú–∏–Ω—Å–∫|–ú–∏–Ω—Å–∫–∞—è –û–±–ª–∞—Å—Ç—å|Minsk Oblast|Minskaya Voblasts',Minsk,Voblasts',Region,NA,BY.MI,NA,NA,NA,NA,Minskaya voblasts',Minsk Region,Мінская,BY-MI,iso3166-2,NA,NA,NA,0.5486801991497312,0.429368535661291,0.48547340385484095,0.40628637129591816
BY,BLR,Belarus,BLR.6_1,BLR.6_1,Vitsyebsk,–í–∏—Ç–µ–±—Å–∫|Vicebsk|Vitebsk|Vitsyebskaya Voblasts'|Witebsk,Vitsyebsk,Voblasts',Region,NA,BY.VI,NA,NA,NA,NA,Vitsyebskaya voblasts',Vitebsk Region,Віцебская,BY-VI,iso3166-2,NA,NA,NA,0.5025804457555536,0.3406126962498397,0.48547340385484095,0.40628637129591816
CA,CAN,Canada,CAN.1_1,CAN.1_1,Alberta,NA,Alberta,Province,Province,48,CA.AB,NA,NA,NA,NA,Alberta,Alberta,Alberta,CA-AB,iso3166-2,NA,NA,NA,0.33139573013651363,0.4048119771445496,0.36492434661003176,0.4508271671555405
CA,CAN,Canada,CAN.2_1,CAN.2_1,British Columbia,Colombie britannique|New Caledonia,British Columbia,Province,Province,59,CA.BC,NA,NA,NA,NA,British Columbia,Colombie-Britannique,British Columbia,CA-BC,iso3166-2,NA,NA,NA,0.4396033666132041,0.5221404267554248,0.36492434661003176,0.4508271671555405
CA,CAN,Canada,CAN.3_1,CAN.3_1,Manitoba,NA,Manitoba,Province,Province,46,CA.MB,NA,NA,NA,NA,Manitoba,Manitoba,Manitoba,CA-MB,iso3166-2,NA,NA,NA,0.3774656632285831,0.5144885217362893,0.36492434661003176,0.4508271671555405
CA,CAN,Canada,CAN.4_1,CAN.4_1,New Brunswick,Nouveau-Brunswick|Acadia,New Brunswick,Province,Province,13,CA.NB,NA,NA,NA,NA,New Brunswick,Nouveau-Brunswick,New Brunswick / Nouveau-Brunswick,CA-NB,iso3166-2,NA,NA,NA,0.5012181509073509,0.5198273255115662,0.36492434661003176,0.4508271671555405
CA,CAN,Canada,CAN.5_1,CAN.5_1,Newfoundland and Labrador,Newfoundland|Terre-Neuve|Terre-Neuve-et-Labrador,Newfoundland and Labrador,Province,Province,10,CA.NF,NA,NA,NA,NA,Newfoundland and Labrador,Terre-Neuve-et-Labrador,Newfoundland and Labrador,CA-NL,iso3166-2,NA,NA,NA,0.4431285760412477,0.5017067775938512,0.36492434661003176,0.4508271671555405
CA,CAN,Canada,CAN.6_1,CAN.6_1,Northwest Territories,Territoires du Nord-Ouest,Northwest Territories,Territoire,Territory,61,CA.NT,NA,NA,NA,NA,Northwest Territories,Territoires du Nord-Ouest,Northwest Territories,CA-NT,iso3166-2,NA,NA,NA,0.37274182633212516,0.42475538074404484,0.36492434661003176,0.4508271671555405
CA,CAN,Canada,CAN.7_1,CAN.7_1,Nova Scotia,Acadia|Nouvelle-√âcosse,Nova Scotia,Province,Province,12,CA.NS,NA,NA,NA,NA,Nova Scotia,Nouvelle-Écosse,Nova Scotia,CA-NS,iso3166-2,NA,NA,NA,0.46558218791053146,0.504670776618157,0.36492434661003176,0.4508271671555405
CA,CAN,Canada,CAN.8_1,CAN.8_1,Nunavut,NA,Nunavut,Territoire,Territory,62,CA.NU,NA,NA,NA,NA,Nunavut,Nunavut,Nunavut,CA-NU,iso3166-2,NA,NA,NA,0.5472363749868729,0.6499807988912799,0.36492434661003176,0.4508271671555405
CA,CAN,Canada,CAN.9_1,CAN.9_1,Ontario,Upper Canada,Ontario,Province,Province,35,CA.ON,NA,NA,NA,NA,Ontario,Ontario,Ontario,CA-ON,iso3166-2,NA,NA,NA,0.462156352918414,0.5060749026771761,0.36492434661003176,0.4508271671555405
CA,CAN,Canada,CAN.10_1,CAN.10_1,Prince Edward Island,√éle de Saint-Jean|√éle du Prince-√âdouard,Prince Edward Island,Province,Province,11,CA.PE,NA,NA,NA,NA,Prince Edward Island,Île-du-Prince-Édouard,Prince Edward Island,CA-PE,iso3166-2,NA,NA,NA,0.4965436350656899,0.4959047973149811,0.36492434661003176,0.4508271671555405
CA,CAN,Canada,CAN.11_1,CAN.11_1,Qu√©bec,Lower Canada,Qu√©bec,Province,Province,24,CA.QC,NA,NA,NA,NA,Quebec,Québec,Québec,CA-QC,iso3166-2,NA,NA,NA,0.4595084860824331,0.5620009929011418,0.36492434661003176,0.4508271671555405
CA,CAN,Canada,CAN.12_1,CAN.12_1,Saskatchewan,NA,Saskatchewan,Province,Province,47,CA.SK,NA,NA,NA,NA,Saskatchewan,Saskatchewan,Saskatchewan,CA-SK,iso3166-2,NA,NA,NA,0.3758927653701862,0.43227180085157846,0.36492434661003176,0.4508271671555405
CA,CAN,Canada,CAN.13_1,CAN.13_1,Yukon,Yukon Territory|Territoire du Yukon|Yukon|Yuk¬¢n,Yukon,Territoire,Territory,60,CA.YT,NA,NA,NA,NA,Yukon,Yukon,Yukon,CA-YT,iso3166-2,NA,NA,NA,0.3896129871424186,0.46322613723946054,0.36492434661003176,0.4508271671555405
CD,COD,Democratic Republic of the Congo,COD.1_1,COD.1_1,Bas-U√©l√©,NA,Bas-U√©l√©,Province,Province,NA,CD.BU,nat,Democratic Republic of the Congo,NA,NA,Bas-Uélé,Bas-Uele,Bas-Uélé,CD-BU,iso3166-2,NA,NA,NA,NA,NA,0.35111638922447674,0.36712586705559863
CD,COD,Democratic Republic of the Congo,COD.2_1,COD.2_1,√âquateur,NA,√âquateur,Province,Province,NA,CD.ET,nat,Democratic Republic of the Congo,NA,NA,Équateur,Equator,Équateur,CD-EQ,iso3166-2,NA,NA,NA,NA,NA,0.35111638922447674,0.36712586705559863
CD,COD,Democratic Republic of the Congo,COD.3_1,COD.3_1,Haut-Katanga,NA,Haut-Katanga,Province,Province,NA,CD.HK,nat,Democratic Republic of the Congo,NA,NA,Haut-Katanga,Haut-Katanga,Haut-Katanga,CD-HK,iso3166-2,NA,NA,NA,NA,NA,0.35111638922447674,0.36712586705559863
CD,COD,Democratic Republic of the Congo,COD.4_1,COD.4_1,Haut-Lomami,NA,Haut-Lomami,Province,Province,NA,CD.HL,nat,Democratic Republic of the Congo,NA,NA,Haut-Lomami,Haut-Lomami,Haut-Lomami,CD-HL,iso3166-2,NA,NA,NA,NA,NA,0.35111638922447674,0.36712586705559863
CD,COD,Democratic Republic of the Congo,COD.5_1,COD.5_1,Haut-U√©l√©,NA,Haut-U√©l√©,Province,Province,NA,CD.HU,nat,Democratic Republic of the Congo,NA,NA,Haut-Uélé,Haut-Uele,Haut-Uélé,CD-HU,iso3166-2,NA,NA,NA,NA,NA,0.35111638922447674,0.36712586705559863
CD,COD,Democratic Republic of the Congo,COD.6_1,COD.6_1,Ituri,NA,Ituri,Province,Province,NA,CD.IT,nat,Democratic Republic of the Congo,NA,NA,Ituri,Ituri,Ituri,CD-IT,iso3166-2,NA,NA,NA,NA,NA,0.35111638922447674,0.36712586705559863
CD,COD,Democratic Republic of the Congo,COD.9_1,COD.9_1,Kasa√Ø,NA,Kasa√Ø,Province,Province,NA,CD.KS,nat,Democratic Republic of the Congo,NA,NA,Kasaï,Kasai,Kasaï,CD-KS,iso3166-2,NA,NA,NA,NA,NA,0.35111638922447674,0.36712586705559863
CD,COD,Democratic Republic of the Congo,COD.7_1,COD.7_1,Kasa√Ø-Central,NA,Kasa√Ø-Central,Province,Province,NA,CD.LL,nat,Democratic Republic of the Congo,NA,NA,Kasaï Central,Kasai Central,Kasaï Central,CD-KC,iso3166-2,NA,NA,NA,NA,NA,0.35111638922447674,0.36712586705559863
CD,COD,Democratic Republic of the Congo,COD.8_1,COD.8_1,Kasa√Ø-Oriental,NA,Kasa√Ø-Oriental,Province,Province,NA,CD.KO,nat,Democratic Republic of the Congo,NA,NA,Kasaï Oriental,Kasai-Oriental,Kasaï Oriental,CD-KE,iso3166-2,NA,NA,NA,NA,NA,0.35111638922447674,0.36712586705559863
CD,COD,Democratic Republic of the Congo,COD.10_1,COD.10_1,Kinshasa,NA,Kinshasa,Province,Province,NA,CD.KN,nat,Democratic Republic of the Congo,NA,NA,Kinshasa,Kinshasa,Kinshasa,CD-KN,iso3166-2,NA,NA,NA,NA,NA,0.35111638922447674,0.36712586705559863
CD,COD,Democratic Republic of the Congo,COD.11_1,COD.11_1,Kongo-Central,NA,Kongo-Central,Province,Province,NA,CD.BC,nat,Democratic Republic of the Congo,NA,NA,Kongo Central,Kongo Central,Kongo Central,CD-BC,iso3166-2,NA,NA,NA,NA,NA,0.35111638922447674,0.36712586705559863
CD,COD,Democratic Republic of the Congo,COD.12_1,COD.12_1,Kwango,NA,Kwango,Province,Province,NA,CD.KG,nat,Democratic Republic of the Congo,NA,NA,Kwango,Kwango,Kwango,CD-KG,iso3166-2,NA,NA,NA,NA,NA,0.35111638922447674,0.36712586705559863
CD,COD,Democratic Republic of the Congo,COD.13_1,COD.13_1,Kwilu,NA,Kwilu,Province,Province,NA,CD.KU,nat,Democratic Republic of the Congo,NA,NA,Kwilu,Kwilu,Kwilu,CD-KL,iso3166-2,NA,NA,NA,NA,NA,0.35111638922447674,0.36712586705559863
CD,COD,Democratic Republic of the Congo,COD.14_1,COD.14_1,Lomami,NA,Lomami,Province,Province,NA,CD.LM,nat,Democratic Republic of the Congo,NA,NA,Lomami,Lomami,Lomami,CD-LO,iso3166-2,NA,NA,NA,NA,NA,0.35111638922447674,0.36712586705559863
CD,COD,Democratic Republic of the Congo,COD.15_1,COD.15_1,Lualaba,NA,Lualaba,Province,Province,NA,CD.LB,nat,Democratic Republic of the Congo,NA,NA,Lualaba,Lualaba,Lualaba,CD-LU,iso3166-2,NA,NA,NA,NA,NA,0.35111638922447674,0.36712586705559863
CD,COD,Democratic Republic of the Congo,COD.16_1,COD.16_1,Ma√Ø-Ndombe,NA,Ma√Ø-Ndombe,Province,Province,NA,CD.MA,nat,Democratic Republic of the Congo,NA,NA,Mai-Ndombe,Mai-Ndombe,Mai-Ndombe,CD-MN,iso3166-2,NA,NA,NA,NA,NA,0.35111638922447674,0.36712586705559863
CD,COD,Democratic Republic of the Congo,COD.17_1,COD.17_1,Maniema,NA,Maniema,Province,Province,NA,CD.MN,nat,Democratic Republic of the Congo,NA,NA,Maniema,Maniema,Maniema,CD-MA,iso3166-2,NA,NA,NA,NA,NA,0.35111638922447674,0.36712586705559863
CD,COD,Democratic Republic of the Congo,COD.18_1,COD.18_1,Mongala,NA,Mongala,Province,Province,NA,CD.MO,nat,Democratic Republic of the Congo,NA,NA,Mongala,Mongala,Mongala,CD-MO,iso3166-2,NA,NA,NA,NA,NA,0.35111638922447674,0.36712586705559863
CD,COD,Democratic Republic of the Congo,COD.19_1,COD.19_1,Nord-Kivu,NA,Nord-Kivu,Province,Province,NA,CD.NK,nat,Democratic Republic of the Congo,NA,NA,Nord-Kivu,North Kivu,Nord-Kivu,CD-NK,iso3166-2,NA,NA,NA,NA,NA,0.35111638922447674,0.36712586705559863
CD,COD,Democratic Republic of the Congo,COD.20_1,COD.20_1,Nord-Ubangi,NA,Nord-Ubangi,Province,Province,NA,CD.NU,nat,Democratic Republic of the Congo,NA,NA,Nord-Ubangi,North Ubangi,Nord-Ubangi,CD-NU,iso3166-2,NA,NA,NA,NA,NA,0.35111638922447674,0.36712586705559863
CD,COD,Democratic Republic of the Congo,COD.21_1,COD.21_1,Sankuru,NA,Sankuru,Province,Province,NA,CD.SN,nat,Democratic Republic of the Congo,NA,NA,Sankuru,Sankuru,Sankuru,CD-SA,iso3166-2,NA,NA,NA,NA,NA,0.35111638922447674,0.36712586705559863
CD,COD,Democratic Republic of the Congo,COD.22_1,COD.22_1,Sud-Kivu,NA,Sud-Kivu,Province,Province,NA,CD.SK,nat,Democratic Republic of the Congo,NA,NA,Sud-Kivu,South Kivu,Sud-Kivu,CD-SK,iso3166-2,NA,NA,NA,NA,NA,0.35111638922447674,0.36712586705559863
CD,COD,Democratic Republic of the Congo,COD.23_1,COD.23_1,Sud-Ubangi,NA,Sud-Ubangi,Province,Province,NA,CD.SU,nat,Democratic Republic of the Congo,NA,NA,Sud-Ubangi,South Ubangi,Sud-Ubangi,CD-SU,iso3166-2,NA,NA,NA,NA,NA,0.35111638922447674,0.36712586705559863
CD,COD,Democratic Republic of the Congo,COD.24_1,COD.24_1,Tanganyika,NA,Tanganyika,Province,Province,NA,CD.TG,nat,Democratic Republic of the Congo,NA,NA,Tanganyika,Tanganyika,Tanganyika,CD-TA,iso3166-2,NA,NA,NA,NA,NA,0.35111638922447674,0.36712586705559863
CD,COD,Democratic Republic of the Congo,COD.25_1,COD.25_1,Tshopo,NA,Tshopo,Province,Province,NA,CD.TO,nat,Democratic Republic of the Congo,NA,NA,Tshopo,Tshopo,Tshopo,CD-TO,iso3166-2,NA,NA,NA,NA,NA,0.35111638922447674,0.36712586705559863
CD,COD,Democratic Republic of the Congo,COD.26_1,COD.26_1,Tshuapa,NA,Tshuapa,Province,Province,NA,CD.TP,nat,Democratic Republic of the Congo,NA,NA,Tshuapa,Tshuapa,Tshuapa,CD-TU,iso3166-2,NA,NA,NA,NA,NA,0.35111638922447674,0.36712586705559863
CF,CAF,Central African Republic,CAF.1_1,CAF.1_1,Bamingui-Bangoran,Bamingui-Bangora|N'D√©l√©|Nd√©l√©,Bamingui-Bangoran,Pr√©fecture,Prefecture,NA,CF.BB,NA,NA,NA,NA,Bamingui-Bangoran,Bamïngï-Bangoran,Bamïngï-Bangoran,CF-BB,iso3166-2,NA,NA,NA,NA,NA,0.5904548755992471,0.5925796055772559
CF,CAF,Central African Republic,CAF.2_1,CAF.2_1,Bangui,NA,Bangui,Commune Autonome,Autonomous Commune,NA,CF.BG,NA,NA,NA,NA,Bangui,Bangî,Bangî,CF-BGF,iso3166-2,NA,NA,NA,NA,NA,0.5904548755992471,0.5925796055772559
CF,CAF,Central African Republic,CAF.3_1,CAF.3_1,Basse-Kotto,NA,Basse-Kotto,Pr√©fecture,Prefecture,NA,CF.BK,NA,NA,NA,NA,Basse-Kotto,Do-Kötö,Do-Kötö,CF-BK,iso3166-2,NA,NA,NA,0.6260465984361697,0.6270427757519883,0.5904548755992471,0.5925796055772559
CF,CAF,Central African Republic,CAF.4_1,CAF.4_1,Haut-Mbomou,Haut-M'bomou|Obo-Zemio,Haut-Mbomou,Pr√©fecture,Prefecture,NA,CF.HM,NA,NA,NA,NA,Gribingui,Gïrïbïngï,Gïrïbïngï,CF-KB,iso3166-2,NA,NA,NA,NA,NA,0.5904548755992471,0.5925796055772559
CF,CAF,Central African Republic,CAF.5_1,CAF.5_1,Haute-Kotto,NA,Haute-Kotto,Pr√©fecture,Prefecture,NA,CF.HK,NA,NA,NA,NA,Haut-Mbomou,Tö-Mbömü,Tö-Mbömü,CF-HM,iso3166-2,NA,NA,NA,NA,NA,0.5904548755992471,0.5925796055772559
CF,CAF,Central African Republic,CAF.6_1,CAF.6_1,K√©mo,K√©mo-Gribingui|K√©mo-Ibingui,K√©mo,Pr√©fecture,Prefecture,NA,CF.KG,NA,NA,NA,NA,Haute-Kotto,Tö-Kötö,Tö-Kötö,CF-HK,iso3166-2,NA,NA,NA,NA,NA,0.5904548755992471,0.5925796055772559
CF,CAF,Central African Republic,CAF.7_1,CAF.7_1,Lobaye,NA,Lobaye,Pr√©fecture,Prefecture,NA,CF.LB,NA,NA,NA,NA,Haute-Sangha/Mambéré-Kadéï,Tö-Sangä/Mbaere-Kadeï,Tö-Sangä/Mbaere-Kadeï,CF-HS,iso3166-2,NA,NA,NA,0.6506322534802766,0.6516540533059008,0.5904548755992471,0.5925796055772559
CF,CAF,Central African Republic,CAF.8_1,CAF.8_1,Mamb√©r√©-Kad√©√Ø,Haute-Sangha|Mamb√©r√© Kad√©i,Mamb√©r√©-Kad√©√Ø,Pr√©fecture,Prefecture,NA,CF.HS,NA,NA,NA,NA,Kémo-Gribingui,Kemö-Gïrïbïngï,Kemö-Gïrïbïngï,CF-KG,iso3166-2,NA,NA,NA,0.6365244134835859,0.6377145824252753,0.5904548755992471,0.5925796055772559
CF,CAF,Central African Republic,CAF.9_1,CAF.9_1,Mbomou,M'Bomou,Mbomou,Pr√©fecture,Prefecture,NA,CF.MB,NA,NA,NA,NA,Lobaye,Lobâye,Lobâye,CF-LB,iso3166-2,NA,NA,NA,0.4806571136395818,0.48348258799987626,0.5904548755992471,0.5925796055772559
CF,CAF,Central African Republic,CAF.10_1,CAF.10_1,Nana-Gr√©bizi,Nana-Gribingui|Gribingui|Gribingui-√âconomique|Ibingui|Nana Gribizi,Nana-Gr√©bizi,Pr√©fecture,Economic Prefecture,NA,CF.KB,NA,NA,NA,NA,Mbomou,Mbömü,Mbömü,CF-MB,iso3166-2,NA,NA,NA,NA,NA,0.5904548755992471,0.5925796055772559
CF,CAF,Central African Republic,CAF.11_1,CAF.11_1,Nana-Mamb√©r√©,Bouar-Baboua|Buar-Baboua|Nana Namb√©r√©,Nana-Mamb√©r√©,Pr√©fecture,Prefecture,NA,CF.NM,NA,NA,NA,NA,Nana-Mambéré,Nanä-Mbaere,Nanä-Mbaere,CF-NM,iso3166-2,NA,NA,NA,0.512996632957056,0.5149998623556855,0.5904548755992471,0.5925796055772559
CF,CAF,Central African Republic,CAF.12_1,CAF.12_1,Ombella-M'Poko,Ombella-Mpoko|Ombella-Mpoko|Ombelle Mpoko,Ombella-M'Poko,Pr√©fecture,Prefecture,NA,CF.MP,NA,NA,NA,NA,Ombella-Mpoko,Ömbëlä-Pökö,Ömbëlä-Pökö,CF-MP,iso3166-2,NA,NA,NA,0.6327880513720908,0.6347960416606326,0.5904548755992471,0.5925796055772559
CF,CAF,Central African Republic,CAF.13_1,CAF.13_1,Ouaka,NA,Ouaka,Pr√©fecture,Prefecture,NA,CF.UK,NA,NA,NA,NA,Ouaka,Wäkä,Wäkä,CF-UK,iso3166-2,NA,NA,NA,0.7091413377137574,0.709835969325234,0.5904548755992471,0.5925796055772559
CF,CAF,Central African Republic,CAF.15_1,CAF.15_1,Ouham,NA,Ouham,Pr√©fecture,Prefecture,NA,CF.AC,NA,NA,NA,NA,Ouham,Wâmo,Wâmo,CF-AC,iso3166-2,NA,NA,NA,NA,NA,0.5904548755992471,0.5925796055772559
CF,CAF,Central African Republic,CAF.14_1,CAF.14_1,Ouham-Pend√©,NA,Ouham-Pend√©,Pr√©fecture,Prefecture,NA,CF.OP,NA,NA,NA,NA,Ouham-Pendé,Wâmo-Pendë,Wâmo-Pendë,CF-OP,iso3166-2,NA,NA,NA,NA,NA,0.5904548755992471,0.5925796055772559
CF,CAF,Central African Republic,CAF.16_1,CAF.16_1,Sangha-Mba√©r√©,Sangha|Sangha-√âconomique|Sangha M'ba√©r√©,Sangha-Mba√©r√©,Pr√©fecture,Economic Prefecture,NA,CF.SE,NA,NA,NA,NA,Sangha,Sangä,Sangä,CF-SE,iso3166-2,NA,NA,NA,0.5739408010515865,0.5786760963273528,0.5904548755992471,0.5925796055772559
CF,CAF,Central African Republic,CAF.17_1,CAF.17_1,Vakaga,Birao,Vakaga,Pr√©fecture,Prefecture,NA,CF.VK,NA,NA,NA,NA,Vakaga,Vakaga,Vakaga,CF-VK,iso3166-2,NA,NA,NA,NA,NA,0.5904548755992471,0.5925796055772559
CH,CHE,Switzerland,CHE.1_1,CHE.1_1,Aargau,Argovia|Arg¬¢via|Argovie,Aargau,Canton|Kanton|Chantun,Canton,NA,CH.AG,NA,NA,NA,NA,Aargau,NA,Aargau,CH-AG,iso3166-2,NA,NA,NA,0.4455603621455008,0.6501430768996381,0.37961979795066525,0.5719575575559286
CH,CHE,Switzerland,CHE.2_1,CHE.2_1,Appenzell Ausserrhoden,Appenzell Ausser-Rhoden|Appenzell Outer Rhodes|Appenzell dadens|Appenzell Rhodes Ext√©rieures|Appenzello Esterno,Appenzell Ausserrhoden,Canton|Kanton|Chantun,Canton,NA,CH.AR,NA,NA,NA,NA,Appenzell Ausserrhoden,NA,Appenzell Ausserrhoden,CH-AR,iso3166-2,NA,NA,NA,0.4539127835460866,0.5856850946321893,0.37961979795066525,0.5719575575559286
CH,CHE,Switzerland,CHE.3_1,CHE.3_1,Appenzell Innerrhoden,Appenzell Inner-Rhoden|Appenzell Inner Rhodes|Appenzell dador|Appenzell Rhodes Int√©rieures|Appenzello Interno,Appenzell Innerrhoden,Canton|Kanton|Chantun,Canton,NA,CH.AI,NA,NA,NA,NA,Appenzell Innerrhoden,NA,Appenzell Innerrhoden,CH-AI,iso3166-2,NA,NA,NA,0.44510595369130806,0.4991427664771825,0.37961979795066525,0.5719575575559286
CH,CHE,Switzerland,CHE.4_1,CHE.4_1,Basel-Landschaft,B√¢le-Campagne|Basel-Country|Baselland|Basel-Land|Basilea campagna|Basilea Campa√±a|Basilea-Champagna,Basel-Landschaft,Canton|Kanton|Chantun,Canton,NA,CH.BL,NA,NA,NA,NA,Basel-Landschaft,NA,Basel-Landschaft,CH-BL,iso3166-2,NA,NA,NA,0.41422430873578503,0.5802619377408823,0.37961979795066525,0.5719575575559286
CH,CHE,Switzerland,CHE.5_1,CHE.5_1,Basel-Stadt,B√¢le-Ville|Basel-City|Basel-Town|Basilea-Citad|Basilea Ciudad|Basilea citt√†|Basil√©ia cidade,Basel-Stadt,Canton|Kanton|Chantun,Canton,NA,CH.BS,NA,NA,NA,NA,Basel-Stadt,NA,Basel-Stadt,CH-BS,iso3166-2,NA,NA,NA,0.44054903884525626,0.6349641153109795,0.37961979795066525,0.5719575575559286
CH,CHE,Switzerland,CHE.6_1,CHE.6_1,Bern,Berna|Berne,Bern,Canton|Kanton|Chantun,Canton,NA,CH.BE,NA,NA,NA,NA,Bern,NA,Bern,CH-BE,iso3166-2,NA,NA,NA,0.4384049362941896,0.5790651838975717,0.37961979795066525,0.5719575575559286
CH,CHE,Switzerland,CHE.7_1,CHE.7_1,Fribourg,Freiburg|Friburg|Friburgo,Fribourg,Canton|Kanton|Chantun,Canton,NA,CH.FR,NA,NA,NA,NA,Fribourg,NA,Fribourg,CH-FR,iso3166-2,NA,NA,NA,0.4453629346838139,0.6126535207909616,0.37961979795066525,0.5719575575559286
CH,CHE,Switzerland,CHE.8_1,CHE.8_1,Gen√®ve,Cenevre|Genebra|Geneve|Geneva|Genevra|Genf|Ginebra|Ginevra,Gen√®ve,Canton|Kanton|Chantun,Canton,NA,CH.GE,NA,NA,NA,NA,Genève,NA,Genève,CH-GE,iso3166-2,NA,NA,NA,0.468640524188846,0.6196914891759171,0.37961979795066525,0.5719575575559286
CH,CHE,Switzerland,CHE.9_1,CHE.9_1,Glarus,Glaris|Glarona|Glaruna,Glarus,Canton|Kanton|Chantun,Canton,NA,CH.GL,NA,NA,NA,NA,Glarus,NA,Glarus,CH-GL,iso3166-2,NA,NA,NA,0.4528898999383225,0.5659236881357174,0.37961979795066525,0.5719575575559286
CH,CHE,Switzerland,CHE.10_1,CHE.10_1,Graub√ºnden,Graub√ºnden|Grigioni|Grischun|Grisons,Graub√ºnden,Canton|Kanton|Chantun,Canton,NA,CH.GR,NA,NA,NA,NA,Graubünden,NA,Graubünden,CH-GR,iso3166-2,NA,NA,NA,0.4616184150784572,0.5879324264110732,0.37961979795066525,0.5719575575559286
CH,CHE,Switzerland,CHE.11_1,CHE.11_1,Jura,Giura,Jura,Canton|Kanton|Chantun,Canton,NA,CH.JU,NA,NA,NA,NA,Jura,NA,Jura,CH-JU,iso3166-2,NA,NA,NA,0.4626107241887493,0.6120897159255122,0.37961979795066525,0.5719575575559286
CH,CHE,Switzerland,CHE.12_1,CHE.12_1,Lucerne,Lucerna|Luzern,Lucerne,Canton|Kanton|Chantun,Canton,NA,CH.LU,NA,NA,NA,NA,Luzern,NA,Luzern,CH-LU,iso3166-2,NA,NA,NA,0.39358636745402503,0.5830932299092317,0.37961979795066525,0.5719575575559286
CH,CHE,Switzerland,CHE.13_1,CHE.13_1,Neuch√¢tel,Neuenburg,Neuch√¢tel,Canton|Kanton|Chantun,Canton,NA,CH.NE,NA,NA,NA,NA,Neuchâtel,NA,Neuchâtel,CH-NE,iso3166-2,NA,NA,NA,0.4637450921020523,0.6208770787131054,0.37961979795066525,0.5719575575559286
CH,CHE,Switzerland,CHE.14_1,CHE.14_1,Nidwalden,Nidvaldo|Nidwald|Unterwalden-le-Bas|Nidwaldo,Nidwalden,Canton|Kanton|Chantun,Canton,NA,CH.NW,NA,NA,NA,1,Nidwalden,NA,Nidwalden,CH-NW,iso3166-2,NA,NA,NA,0.38453808442435977,0.548125381624773,0.37961979795066525,0.5719575575559286
CH,CHE,Switzerland,CHE.15_1,CHE.15_1,Obwalden,Obvaldo|Obwald|Unterwalden-le-Haut|Obwaldo|Sursilvania,Obwalden,Canton|Kanton|Chantun,Canton,NA,CH.OW,NA,NA,NA,1,Obwalden,NA,Obwalden,CH-OW,iso3166-2,NA,NA,NA,0.390903066388648,0.5742948596107156,0.37961979795066525,0.5719575575559286
CH,CHE,Switzerland,CHE.16_1,CHE.16_1,Sankt Gallen,Saint-Gall|San Gallo|Son Gagl,Sankt Gallen,Canton|Kanton|Chantun,Canton,NA,CH.SG,NA,NA,NA,NA,Schaffhausen,NA,Schaffhausen,CH-SH,iso3166-2,NA,NA,NA,0.42373269487837845,0.5718414995936442,0.37961979795066525,0.5719575575559286
CH,CHE,Switzerland,CHE.17_1,CHE.17_1,Schaffhausen,Schaffhouse|Schaffusa|Sciaffusa,Schaffhausen,Canton|Kanton|Chantun,Canton,NA,CH.SH,NA,NA,NA,NA,Schwyz,NA,Schwyz,CH-SZ,iso3166-2,NA,NA,NA,0.43461600043438564,0.564493318158939,0.37961979795066525,0.5719575575559286
CH,CHE,Switzerland,CHE.18_1,CHE.18_1,Schwyz,NA,Schwyz,Canton|Kanton|Chantun,Canton,NA,CH.SZ,NA,NA,NA,NA,Solothurn,NA,Solothurn,CH-SO,iso3166-2,NA,NA,NA,0.4334849577643086,0.5730319560119903,0.37961979795066525,0.5719575575559286
CH,CHE,Switzerland,CHE.19_1,CHE.19_1,Solothurn,Soletta|Soleure|Soleuro|Soloturn,Solothurn,Canton|Kanton|Chantun,Canton,NA,CH.SO,NA,NA,NA,NA,St. Gallen,NA,St. Gallen,CH-SG,iso3166-2,NA,NA,NA,0.4500147393573416,0.5717220085819951,0.37961979795066525,0.5719575575559286
CH,CHE,Switzerland,CHE.20_1,CHE.20_1,Thurgau,Thurgovie|Turgovia|Turg¬¢via,Thurgau,Canton|Kanton|Chantun,Canton,NA,CH.TG,NA,NA,NA,NA,Thurgau,NA,Thurgau,CH-TG,iso3166-2,NA,NA,NA,0.45308429609876966,0.5950248914747351,0.37961979795066525,0.5719575575559286
CH,CHE,Switzerland,CHE.21_1,CHE.21_1,Ticino,Tesino|Tessin,Ticino,Canton|Kanton|Chantun,Canton,NA,CH.TI,NA,NA,NA,NA,Ticino,NA,Ticino,CH-TI,iso3166-2,NA,NA,NA,0.5252439605242092,0.588484031398885,0.37961979795066525,0.5719575575559286
CH,CHE,Switzerland,CHE.22_1,CHE.22_1,Uri,NA,Uri,Canton|Kanton|Chantun,Canton,NA,CH.UR,NA,NA,NA,NA,Uri,NA,Uri,CH-UR,iso3166-2,NA,NA,NA,0.5058566474195313,0.5925726232733031,0.37961979795066525,0.5719575575559286
CH,CHE,Switzerland,CHE.23_1,CHE.23_1,Valais,Vallais|Vallese|Wallis,Valais,Canton|Kanton|Chantun,Canton,NA,CH.VS,NA,NA,NA,NA,Valais,NA,Valais,CH-VS,iso3166-2,NA,NA,NA,0.4515242565358611,0.6214238770284186,0.37961979795066525,0.5719575575559286
CH,CHE,Switzerland,CHE.24_1,CHE.24_1,Vaud,Vad|Waadt|Waadtland,Vaud,Canton|Kanton|Chantun,Canton,NA,CH.VD,NA,NA,NA,NA,Vaud,NA,Vaud,CH-VD,iso3166-2,NA,NA,NA,0.44724226778176357,0.582103735009188,0.37961979795066525,0.5719575575559286
CH,CHE,Switzerland,CHE.25_1,CHE.25_1,Zug,Zoug|Zugo,Zug,Canton|Kanton|Chantun,Canton,NA,CH.ZG,NA,NA,NA,1,Zug,NA,Zug,CH-ZG,iso3166-2,NA,NA,NA,0.4243086496944584,0.6431044293156954,0.37961979795066525,0.5719575575559286
CH,CHE,Switzerland,CHE.26_1,CHE.26_1,Z√ºrich,Turitg|Zurigo|Z√ºrih|Zurique,Z√ºrich,Canton|Kanton|Chantun,Canton,NA,CH.ZH,NA,NA,NA,NA,Zürich,NA,Zürich,CH-ZH,iso3166-2,NA,NA,NA,0.4689181340752586,0.6358439494175308,0.37961979795066525,0.5719575575559286
CI,CIV,C√¥te d'Ivoire,CIV.1_1,CIV.1_1,Abidjan,NA,Abidjan,District autonome,Autonomous district,NA,CI.AB,NA,NA,NA,NA,Abidjan,NA,Abidjan,CI-AB,iso3166-2,NA,NA,NA,0.5551938021032572,0.5633816754856918,0.5028880324671108,0.5041308176633257
CI,CIV,C√¥te d'Ivoire,CIV.2_1,CIV.2_1,Bas-Sassandra,NA,Bas-Sassandra,District,District,NA,CI.BA,NA,NA,NA,NA,Bas-Sassandra,NA,Bas-Sassandra,CI-BS,iso3166-2,NA,NA,NA,0.5320557884484014,0.5434766484642017,0.5028880324671108,0.5041308176633257
CI,CIV,C√¥te d'Ivoire,CIV.3_1,CIV.3_1,Como√©,NA,Como√©,District,District,NA,CI.CM,NA,NA,NA,NA,Comoé,NA,Comoé,CI-CM,iso3166-2,NA,NA,NA,0.5687794837994722,0.5205021610264254,0.5028880324671108,0.5041308176633257
CI,CIV,C√¥te d'Ivoire,CIV.4_1,CIV.4_1,Dengu√©l√©,NA,Dengu√©l√©,District,District,NA,CI.DE,NA,NA,NA,NA,Denguélé,NA,Denguélé,CI-DN,iso3166-2,NA,NA,NA,0.5172272251222981,0.5044087678758429,0.5028880324671108,0.5041308176633257
CI,CIV,C√¥te d'Ivoire,CIV.5_1,CIV.5_1,G√¥h-Djiboua,NA,G√¥h-Djiboua,District,District,NA,CI.GD,NA,NA,NA,NA,Gôh-Djiboua,NA,Gôh-Djiboua,CI-GD,iso3166-2,NA,NA,NA,0.5286997875965282,0.5411771061494499,0.5028880324671108,0.5041308176633257
CI,CIV,C√¥te d'Ivoire,CIV.6_1,CIV.6_1,Lacs,NA,Lacs,District,District,NA,CI.LA,NA,NA,NA,NA,Lacs,NA,Lacs,CI-LC,iso3166-2,NA,NA,NA,0.5666744021808342,0.5326068235921839,0.5028880324671108,0.5041308176633257
CI,CIV,C√¥te d'Ivoire,CIV.7_1,CIV.7_1,Lagunes,NA,Lagunes,District,District,NA,CI.LN,NA,NA,NA,NA,Lagunes,NA,Lagunes,CI-LG,iso3166-2,NA,NA,NA,0.5671509039664687,0.5425614300073384,0.5028880324671108,0.5041308176633257
CI,CIV,C√¥te d'Ivoire,CIV.8_1,CIV.8_1,Montagnes,NA,Montagnes,District,District,NA,CI.MN,NA,NA,NA,NA,Montagnes,NA,Montagnes,CI-MG,iso3166-2,NA,NA,NA,0.5596974886823354,0.5482316083899289,0.5028880324671108,0.5041308176633257
CI,CIV,C√¥te d'Ivoire,CIV.9_1,CIV.9_1,Sassandra-Marahou√©,NA,Sassandra-Marahou√©,District,District,NA,CI.SM,NA,NA,NA,NA,Sassandra-Marahoué,NA,Sassandra-Marahoué,CI-SM,iso3166-2,NA,NA,NA,0.5495821721879419,0.5865169726722178,0.5028880324671108,0.5041308176633257
CI,CIV,C√¥te d'Ivoire,CIV.10_1,CIV.10_1,Savanes,NA,Savanes,District,District,NA,CI.SV,NA,NA,NA,NA,Savanes,NA,Savanes,CI-SV,iso3166-2,NA,NA,NA,0.5295275299324955,0.5157721944471344,0.5028880324671108,0.5041308176633257
CI,CIV,C√¥te d'Ivoire,CIV.11_1,CIV.11_1,Vall√©e du Bandama,NA,Vall√©e du Bandama,District,District,NA,CI.VB,NA,NA,NA,NA,Vallée du Bandama,NA,Vallée du Bandama,CI-VB,iso3166-2,NA,NA,NA,0.5305663708516889,0.603657077552106,0.5028880324671108,0.5041308176633257
CI,CIV,C√¥te d'Ivoire,CIV.12_1,CIV.12_1,Woroba,NA,Woroba,District,District,NA,CI.WB,NA,NA,NA,NA,Woroba,NA,Woroba,CI-WR,iso3166-2,NA,NA,NA,0.5609126048554203,0.5211701144126893,0.5028880324671108,0.5041308176633257
CI,CIV,C√¥te d'Ivoire,CIV.13_1,CIV.13_1,Yamoussoukro,NA,Yamoussoukro,District autonome,Autonomous district,NA,CI.YM,NA,NA,NA,NA,Yamoussoukro,NA,Yamoussoukro,CI-YM,iso3166-2,NA,NA,NA,0.5550009445006029,0.5460344024547557,0.5028880324671108,0.5041308176633257
CI,CIV,C√¥te d'Ivoire,CIV.14_1,CIV.14_1,Zanzan,NA,Zanzan,District,District,NA,CI.ZA,NA,NA,NA,NA,Zanzan,NA,Zanzan,CI-ZZ,iso3166-2,NA,NA,NA,0.5368983230969427,0.5119753358770925,0.5028880324671108,0.5041308176633257
CL,CHL,Chile,CHL.1_1,CHL.1_1,Ais√©n del General Carlos Ib√°√±ez del Campo,Ais√©n|Ays√©n|Ays√©n del General Carlos Ib√°√±ez del Campo,Ais√©n del General Carlos Ib√°√±ez del Campo,Regi√≥n,Region,XI,CL.AI,NA,NA,NA,NA,Aisén del General Carlos Ibañez del Campo,NA,Aisén del General Carlos Ibañez del Campo,CL-AI,iso3166-2,NA,NA,NA,0.5941907566991368,0.6038615133975942,0.588504431550998,0.6840123879345447
CL,CHL,Chile,CHL.2_1,CHL.2_1,Antofagasta,NA,Antofagasta,Regi√≥n,Region,II,CL.AN,NA,NA,NA,NA,Antofagasta,NA,Antofagasta,CL-AN,iso3166-2,NA,NA,NA,0.648139968782727,0.7364456534758045,0.588504431550998,0.6840123879345447
CL,CHL,Chile,CHL.3_1,CHL.3_1,Araucan√≠a,Araucanie|La Araucan√≠a,Araucan√≠a,Regi√≥n,Region,IX,CL.AR,NA,NA,NA,NA,Arica y Parinacota,NA,Arica y Parinacota,CL-AP,iso3166-2,NA,NA,NA,0.6484707112426832,0.7574793051057048,0.588504431550998,0.6840123879345447
CL,CHL,Chile,CHL.4_1,CHL.4_1,Arica y Parinacota,NA,Arica y Parinacota,Regi√≥n,Region,XV,CL.AP,NA,NA,NA,NA,Atacama,NA,Atacama,CL-AT,iso3166-2,NA,NA,NA,0.6791003026876147,0.7874501166637652,0.588504431550998,0.6840123879345447
CL,CHL,Chile,CHL.5_1,CHL.5_1,Atacama,NA,Atacama,Regi√≥n,Region,III,CL.AT,NA,NA,NA,NA,Biobío,NA,Biobío,CL-BI,iso3166-2,NA,NA,NA,0.6310004385426491,0.6659260337230618,0.588504431550998,0.6840123879345447
CL,CHL,Chile,CHL.6_1,CHL.6_1,B√≠o-B√≠o,B√≠ob√≠o,B√≠o-B√≠o,Regi√≥n,Region,VIII,CL.BI,NA,NA,NA,NA,Coquimbo,NA,Coquimbo,CL-CO,iso3166-2,NA,NA,NA,0.745308679204831,0.6734144548053637,0.588504431550998,0.6840123879345447
CL,CHL,Chile,CHL.7_1,CHL.7_1,Coquimbo,NA,Coquimbo,Regi√≥n,Region,IV,CL.CO,NA,NA,NA,NA,La Araucanía,NA,La Araucanía,CL-AR,iso3166-2,NA,NA,NA,0.6054853270007176,0.69930923858111,0.588504431550998,0.6840123879345447
CL,CHL,Chile,CHL.8_1,CHL.8_1,Libertador General Bernardo O'Higgins,Libertador,Libertador General Bernardo O'Higgins,Regi√≥n,Region,VI,CL.LI,NA,NA,NA,NA,Libertador General Bernardo O'Higgins,NA,Libertador General Bernardo O'Higgins,CL-LI,iso3166-2,NA,NA,NA,0.6478038898837754,0.6793548411123967,0.588504431550998,0.6840123879345447
CL,CHL,Chile,CHL.9_1,CHL.9_1,Los Lagos,Os Lagos,Los Lagos,Regi√≥n,Region,X,CL.LL,NA,NA,NA,NA,Los Lagos,NA,Los Lagos,CL-LL,iso3166-2,NA,NA,NA,0.5947895723336721,0.6891621577596149,0.588504431550998,0.6840123879345447
CL,CHL,Chile,CHL.10_1,CHL.10_1,Los R√≠os,NA,Los R√≠os,Regi√≥n,Region,XIV,CL.LR,NA,NA,NA,NA,Los Ríos,NA,Los Ríos,CL-LR,iso3166-2,NA,NA,NA,0.5191199378495351,0.6855242041750823,0.588504431550998,0.6840123879345447
CL,CHL,Chile,CHL.11_1,CHL.11_1,Magallanes y Ant√°rtica Chilena,Magalh√£es|Magellan et Antarctique Chilienne|Regi√≥n de Magallanes y de la Ant√°rtica Chilena,Magallanes y Ant√°rtica Chilena,Regi√≥n,Region,XII,CL.MA,NA,NA,NA,NA,Magallanes,NA,Magallanes,CL-MA,iso3166-2,NA,NA,NA,0.6081283573212681,0.6680096528419125,0.588504431550998,0.6840123879345447
CL,CHL,Chile,CHL.12_1,CHL.12_1,Maule,NA,Maule,Regi√≥n,Region,VII,CL.ML,NA,NA,NA,NA,Maule,NA,Maule,CL-ML,iso3166-2,NA,NA,NA,0.5594924705555037,0.6436217619836087,0.588504431550998,0.6840123879345447
CL,CHL,Chile,CHL.13_1,CHL.13_1,√ëuble,NA,√ëuble,Regi√≥n,Region,XVI,CL.NB,NA,NA,NA,NA,Ñuble,NA,Ñuble,CL-NB,iso3166-2,NA,NA,NA,0.5903381548871673,0.5837731791084728,0.588504431550998,0.6840123879345447
CL,CHL,Chile,CHL.14_1,CHL.14_1,Regi√≥n Metropolitana de Santiago,Regi√≥n Metropolitana|R√©gion Metropolitaine de Santiago|Regi√≥n Metropolitana|RM,Regi√≥n Metropolitana de Santiago,Regi√≥n,Region,RM,CL.RM,NA,NA,NA,NA,Región Metropolitana de Santiago,NA,Región Metropolitana de Santiago,CL-RM,iso3166-2,NA,NA,NA,0.603842543313247,0.7012567761094346,0.588504431550998,0.6840123879345447
CL,CHL,Chile,CHL.15_1,CHL.15_1,Tarapac√°,NA,Tarapac√°,Regi√≥n,Region,I,CL.TA,NA,NA,NA,NA,Tarapacá,NA,Tarapacá,CL-TA,iso3166-2,NA,NA,NA,0.6257570885826921,0.6258952504651768,0.588504431550998,0.6840123879345447
CL,CHL,Chile,CHL.16_1,CHL.16_1,Valpara√≠so,Aconcagua,Valpara√≠so,Regi√≥n,Region,V,CL.VS,NA,NA,NA,NA,Valparaíso,NA,Valparaíso,CL-VS,iso3166-2,NA,NA,NA,0.5840339575378045,0.7113421874926823,0.588504431550998,0.6840123879345447
CM,CMR,Cameroon,CMR.1_1,CMR.1_1,Adamaoua,Adamoua|Adamaua|Adamawa,Adamaoua,R√©gion,Region,NA,CM.AD,NA,NA,NA,NA,Adamaoua,NA,Adamaoua,CM-AD,iso3166-2,NA,NA,NA,0.6169882587349538,0.5296256714170625,0.5561620784606366,0.4976115865855156
CM,CMR,Cameroon,CMR.2_1,CMR.2_1,Centre,Central,Centre,R√©gion,Region,NA,CM.CE,NA,NA,NA,NA,Centre,NA,Centre,CM-CE,iso3166-2,NA,NA,NA,0.5988958485238814,0.576328049882074,0.5561620784606366,0.4976115865855156
CM,CMR,Cameroon,CMR.3_1,CMR.3_1,Est,East,Est,R√©gion,Region,NA,CM.ES,NA,NA,NA,NA,East,NA,Est,CM-ES,iso3166-2,NA,NA,NA,0.5757716022625557,0.5532624997658804,0.5561620784606366,0.4976115865855156
CM,CMR,Cameroon,CMR.4_1,CMR.4_1,Extr√™me-Nord,Extreme-North,Extr√™me-Nord,R√©gion,Region,NA,CM.EN,NA,NA,NA,NA,Far North,NA,Extrême-Nord,CM-EN,iso3166-2,NA,NA,NA,0.6247957682856107,0.5059222571703632,0.5561620784606366,0.4976115865855156
CM,CMR,Cameroon,CMR.5_1,CMR.5_1,Littoral,Litoral,Littoral,R√©gion,Region,NA,CM.LT,NA,NA,NA,NA,Littoral,NA,Littoral,CM-LT,iso3166-2,NA,NA,NA,0.5993417057539101,0.5642875304504248,0.5561620784606366,0.4976115865855156
CM,CMR,Cameroon,CMR.7_1,CMR.7_1,Nord,North,Nord,R√©gion,Region,NA,CM.NO,NA,NA,NA,NA,North,NA,Nord,CM-NO,iso3166-2,NA,NA,NA,0.5691757536611951,0.41373302576695986,0.5561620784606366,0.4976115865855156
CM,CMR,Cameroon,CMR.6_1,CMR.6_1,Nord-Ouest,North-West,Nord-Ouest,R√©gion,Region,NA,CM.NW,NA,NA,NA,NA,North-West,NA,Nord-Ouest,CM-NW,iso3166-2,NA,NA,NA,0.5393725852776866,0.601587532098477,0.5561620784606366,0.4976115865855156
CM,CMR,Cameroon,CMR.10_1,CMR.10_1,Sud,South,Sud,R√©gion,Region,NA,CM.SU,NA,NA,NA,NA,South,NA,Sud,CM-SU,iso3166-2,NA,NA,NA,0.6408553173732571,0.6056587675851792,0.5561620784606366,0.4976115865855156
CM,CMR,Cameroon,CMR.9_1,CMR.9_1,Sud-Ouest,South-West,Sud-Ouest,R√©gion,Region,NA,CM.SW,NA,NA,NA,NA,South-West,NA,Sud-Ouest,CM-SW,iso3166-2,NA,NA,NA,0.5694808073254893,0.5825225115038677,0.5561620784606366,0.4976115865855156
CM,CMR,Cameroon,CMR.8_1,CMR.8_1,Ouest,West,Ouest,R√©gion,Region,NA,CM.OU,NA,NA,NA,NA,West,NA,Ouest,CM-OU,iso3166-2,NA,NA,NA,0.5576845368242807,0.572728715665223,0.5561620784606366,0.4976115865855156
CN,CHN,China,CHN.1_1,CHN.1_1,Anhui,ƒÄnhuƒ´,Anhui,Shƒõng,Province,NA,CN.AH,NA,NA,NA,NA,Anhui Sheng,NA,安徽省 (Ānhuī Shěng),CN-AH,iso3166-2,NA,NA,NA,0.5126408765603476,0.5132270416671925,0.3655390592374075,0.45019544067967926
CN,CHN,China,CHN.2_1,CHN.2_1,Beijing,Bƒõijƒ´ng,Beijing,Zh√≠xi√°sh√¨,Municipality,NA,CN.BJ,NA,NA,NA,NA,Beijing Shi,NA,北京市 (Běijīng Shì),CN-BJ,iso3166-2,NA,NA,NA,0.5019834506736044,0.5002563207971491,0.3655390592374075,0.45019544067967926
CN,CHN,China,CHN.3_1,CHN.3_1,Chongqing,Ch√≥ngq√¨ng,Chongqing,Zh√≠xi√°sh√¨,Municipality,NA,CN.CQ,NA,NA,NA,NA,Chongqing Shi,NA,重庆市 (Chóngqìng Shì),CN-CQ,iso3166-2,NA,NA,NA,0.2321096155821086,0.4946831044088737,0.3655390592374075,0.45019544067967926
CN,CHN,China,CHN.4_1,CHN.4_1,Fujian,F√∫ji√†n,Fujian,Shƒõng,Province,NA,CN.FJ,NA,NA,NA,NA,Fujian Sheng,NA,福建省 (Fújiàn Shěng),CN-FJ,iso3166-2,NA,NA,NA,0.43262312900943156,0.47383016828600516,0.3655390592374075,0.45019544067967926
CN,CHN,China,CHN.5_1,CHN.5_1,Gansu,GƒÅns√π,Gansu,Shƒõng,Province,NA,CN.GS,NA,NA,NA,NA,Gansu Sheng,NA,甘肃省 (Gānsù Shěng),CN-GS,iso3166-2,NA,NA,NA,0.441945348975097,0.4908341131995508,0.3655390592374075,0.45019544067967926
CN,CHN,China,CHN.6_1,CHN.6_1,Guangdong,Gu«éngd≈çng,Guangdong,Shƒõng,Province,NA,CN.GD,NA,NA,NA,NA,Guangdong Sheng,NA,广东省 (Guǎngdōng Shěng),CN-GD,iso3166-2,NA,NA,NA,0.5109018361302106,0.5423951961641502,0.3655390592374075,0.45019544067967926
CN,CHN,China,CHN.7_1,CHN.7_1,Guangxi,Gu«éngxƒ´ Zhu√†ngz√∫,Guangxi,Z√¨zh√¨qu,Autonomous Region,NA,CN.GX,NA,NA,NA,NA,Guangxi Zhuangzu Zizhiqu,NA,广西壮族自治区 (Guǎngxī Zhuàngzú Zìzhìqū),CN-GX,iso3166-2,NA,NA,NA,0.43586747109703633,0.48203881959838357,0.3655390592374075,0.45019544067967926
CN,CHN,China,CHN.8_1,CHN.8_1,Guizhou,G√πizh≈çu,Guizhou,Shƒõng,Province,NA,CN.GZ,NA,NA,NA,NA,Guizhou Sheng,NA,贵州省 (Guìzhōu Shěng),CN-GZ,iso3166-2,NA,NA,NA,0.5053670553032968,0.5252144414209299,0.3655390592374075,0.45019544067967926
CN,CHN,China,CHN.9_1,CHN.9_1,Hainan,H«éin√°n,Hainan,Shƒõng,Province,NA,CN.HA,NA,NA,NA,NA,Hainan Sheng,NA,海南省 (Hǎinán Shěng),CN-HI,iso3166-2,NA,NA,NA,0.47239135790036385,0.49951418058363284,0.3655390592374075,0.45019544067967926
CN,CHN,China,CHN.10_1,CHN.10_1,Hebei,H√©bƒõi,Hebei,Shƒõng,Province,NA,CN.HB,NA,NA,NA,NA,Hebei Sheng,NA,河北省 (Héběi Shěng),CN-HE,iso3166-2,NA,NA,NA,0.4637470440476213,0.508531094679556,0.3655390592374075,0.45019544067967926
CN,CHN,China,CHN.11_1,CHN.11_1,Heilongjiang,Hƒìil√≥ngjiƒÅng,Heilongjiang,Shƒõng,Province,NA,CN.HL,NA,NA,NA,NA,Heilongjiang Sheng,NA,黑龙江省 (Hēilóngjiāng Shěng),CN-HL,iso3166-2,NA,NA,NA,0.3772648155926509,0.5230091177726536,0.3655390592374075,0.45019544067967926
CN,CHN,China,CHN.12_1,CHN.12_1,Henan,H√©n√°n,Henan,Shƒõng,Province,NA,CN.HE,NA,NA,NA,NA,Henan Sheng,NA,河南省 (Hénán Shěng),CN-HA,iso3166-2,NA,NA,NA,0.462346779620406,0.5020055732171377,0.3655390592374075,0.45019544067967926
CN,CHN,China,NA,CN-HK,NA,NA,NA,NA,NA,NA,NA,NA,NA,NA,NA,Hong Kong SAR (en),NA,香港特别行政区 (Xiānggǎng Tèbiéxíngzhèngqū),CN-HK,iso3166-2,NA,NA,NA,0.5345510014598868,0.36915082837929786,0.3655390592374075,0.45019544067967926
CN,CHN,China,CHN.13_1,CHN.13_1,Hubei,H√∫bƒõi,Hubei,Shƒõng,Province,NA,CN.HU,NA,NA,NA,NA,Hubei Sheng,NA,湖北省 (Húběi Shěng),CN-HB,iso3166-2,NA,NA,NA,0.5157815079251251,0.5056637361300963,0.3655390592374075,0.45019544067967926
CN,CHN,China,CHN.14_1,CHN.14_1,Hunan,H√∫n√°n,Hunan,Shƒõng,Province,NA,CN.HN,NA,NA,NA,NA,Hunan Sheng,NA,湖南省 (Húnán Shěng),CN-HN,iso3166-2,NA,NA,NA,0.2937876716537465,0.4820252760917554,0.3655390592374075,0.45019544067967926
CN,CHN,China,CHN.15_1,CHN.15_1,Jiangsu,JiƒÅngs≈´,Jiangsu,Shƒõng,Province,NA,CN.JS,NA,NA,NA,NA,Jiangsu Sheng,NA,江苏省 (Jiāngsū Shěng),CN-JS,iso3166-2,NA,NA,NA,0.5048021125290377,0.5444311615667647,0.3655390592374075,0.45019544067967926
CN,CHN,China,CHN.16_1,CHN.16_1,Jiangxi,JiƒÅngxƒ´,Jiangxi,Shƒõng,Province,NA,CN.JX,NA,NA,NA,NA,Jiangxi Sheng,NA,江西省 (Jiāngxī Shěng),CN-JX,iso3166-2,NA,NA,NA,0.31559243961587946,0.485997617504817,0.3655390592374075,0.45019544067967926
CN,CHN,China,CHN.17_1,CHN.17_1,Jilin,J√≠l√≠n,Jilin,Shƒõng,Province,NA,CN.JL,NA,NA,NA,NA,Jilin Sheng,NA,吉林省 (Jílín Shěng),CN-JL,iso3166-2,NA,NA,NA,0.4040747410613981,0.5039953415871168,0.3655390592374075,0.45019544067967926
CN,CHN,China,CHN.18_1,CHN.18_1,Liaoning,Li√°on√≠ng,Liaoning,Shƒõng,Province,NA,CN.LN,NA,NA,NA,NA,Liaoning Sheng,NA,辽宁省 (Liáoníng Shěng),CN-LN,iso3166-2,NA,NA,NA,0.39184496495366067,0.5381295337591762,0.3655390592374075,0.45019544067967926
CN,CHN,China,NA,CN-MO,NA,NA,NA,NA,NA,NA,NA,NA,NA,NA,NA,Macao SAR (en),NA,澳门特别行政区 (Àomén Tèbiéxíngzhèngqū),CN-MO,iso3166-2,NA,NA,NA,NA,NA,0.3655390592374075,0.45019544067967926
CN,CHN,China,CHN.19_1,CHN.19_1,Nei Mongol,Inner Mongol|N√®imƒõngg«î,Nei Mongol,Z√¨zh√¨qu,Autonomous Region,NA,CN.NM,NA,NA,NA,NA,Nei Mongol Zizhiqu,NA,内蒙古自治区 (Nèi Ménggǔ Zìzhìqū),CN-NM,iso3166-2,NA,NA,NA,0.4538520843734354,0.5418766501741207,0.3655390592374075,0.45019544067967926
CN,CHN,China,CHN.20_1,CHN.20_1,Ningxia Hui,N√≠ngxi√† H√∫iz√∫,Ningxia Hui,Z√¨zh√¨qu,Autonomous Region,NA,CN.NX,NA,NA,NA,NA,Ningxia Huizi Zizhiqu,NA,宁夏回族自治区 (Níngxià Huízú Zìzhìqū),CN-NX,iso3166-2,NA,NA,NA,0.5505236275847644,0.4852493095197159,0.3655390592374075,0.45019544067967926
CN,CHN,China,CHN.21_1,CHN.21_1,Qinghai,Qƒ´ngh«éi,Qinghai,Shƒõng,Province,NA,CN.QH,NA,NA,NA,NA,Qinghai Sheng,NA,青海省 (Qīnghǎi Shěng),CN-QH,iso3166-2,NA,NA,NA,0.6486887081084619,0.5572920645867188,0.3655390592374075,0.45019544067967926
CN,CHN,China,CHN.22_1,CHN.22_1,Shaanxi,Sh«énxƒ´,Shaanxi,Shƒõng,Province,NA,CN.SA,NA,NA,NA,NA,Shaanxi Sheng,NA,陕西省 (Shǎnxī Shěng),CN-SN,iso3166-2,NA,NA,NA,0.37697962695212633,0.47747289290578343,0.3655390592374075,0.45019544067967926
CN,CHN,China,CHN.23_1,CHN.23_1,Shandong,ShƒÅnd≈çng,Shandong,Shƒõng,Province,NA,CN.SD,NA,NA,NA,NA,Shandong Sheng,NA,山东省 (Shāndōng Shěng),CN-SD,iso3166-2,NA,NA,NA,0.4019115761960768,0.49597623693699083,0.3655390592374075,0.45019544067967926
CN,CHN,China,CHN.24_1,CHN.24_1,Shanghai,Sh√†ngh«éi,Shanghai,Zh√≠xi√°sh√¨,Municipality,NA,CN.SH,NA,NA,NA,NA,Shanghai Shi,NA,上海市 (Shànghǎi Shì),CN-SH,iso3166-2,NA,NA,NA,0.4394759253138342,0.5433108474524398,0.3655390592374075,0.45019544067967926
CN,CHN,China,CHN.25_1,CHN.25_1,Shanxi,ShƒÅnxƒ´,Shanxi,Shƒõng,Province,NA,CN.SX,NA,NA,NA,NA,Shanxi Sheng,NA,山西省 (Shānxī Shěng),CN-SX,iso3166-2,NA,NA,NA,0.47454681836629553,0.5263374145186916,0.3655390592374075,0.45019544067967926
CN,CHN,China,CHN.26_1,CHN.26_1,Sichuan,S√¨chuƒÅn,Sichuan,Shƒõng,Province,NA,CN.SC,NA,NA,NA,NA,Sichuan Sheng,NA,四川省 (Sìchuān Shěng),CN-SC,iso3166-2,NA,NA,NA,0.49329585738136117,0.49083529071014886,0.3655390592374075,0.45019544067967926
CN,CHN,China,CHN.27_1,CHN.27_1,Tianjin,TiƒÅnjƒ´n,Tianjin,Zh√≠xi√°sh√¨,Municipality,NA,CN.TJ,NA,NA,NA,NA,Tianjin Shi,NA,天津市 (Tiānjīn Shì),CN-TJ,iso3166-2,NA,NA,NA,0.49146566705302674,0.5427959704874971,0.3655390592374075,0.45019544067967926
CN,CHN,China,CHN.28_1,CHN.28_1,Xinjiang Uygur,Xƒ´njiƒÅng W√©iw√∫ƒõr,Xinjiang Uygur,Z√¨zh√¨qu,Autonomous Region,NA,CN.XJ,NA,NA,NA,NA,Xinjiang Uygur Zizhiqu,NA,新疆维吾尔自治区 (Xīnjiāng Wéiwú'ěr Zìzhìqū),CN-XJ,iso3166-2,NA,NA,NA,0.47511629430367275,0.4824590923348857,0.3655390592374075,0.45019544067967926
CN,CHN,China,CHN.29_1,CHN.29_1,Xizang,Tibet|Xƒ´z√†ng,Xizang,Z√¨zh√¨qu,Autonomous Region,NA,CN.XZ,NA,NA,NA,NA,Xizang Zizhiqu,Tibet,西藏自治区 (Xīzàng Zìzhìqū),CN-XZ,iso3166-2,NA,NA,NA,0.3801103795005131,0.4220888971803662,0.3655390592374075,0.45019544067967926
CN,CHN,China,CHN.30_1,CHN.30_1,Yunnan,Y√∫nn√°n,Yunnan,Shƒõng,Province,NA,CN.YN,NA,NA,NA,NA,Yunnan Sheng,NA,云南省 (Yúnnán Shěng),CN-YN,iso3166-2,NA,NA,NA,0.33903825330466986,0.46322463424747173,0.3655390592374075,0.45019544067967926
CN,CHN,China,CHN.31_1,CHN.31_1,Zhejiang,Zh√®jiƒÅng,Zhejiang,Shƒõng,Province,NA,CN.ZJ,NA,NA,NA,NA,Zhejiang Sheng,NA,浙江省 (Zhèjiāng Shěng),CN-ZJ,iso3166-2,NA,NA,NA,0.36417926042817067,0.4930733006898742,0.3655390592374075,0.45019544067967926
CO,COL,Colombia,COL.1_1,COL.1_1,Amazonas,NA,Amazonas,Comisar√≠a,Commissiary,NA,CO.AM,NA,NA,NA,NA,Amazonas,NA,Amazonas,CO-AMA,iso3166-2,NA,NA,NA,0.8126683803456121,0.8867605593239599,0.7005563735719641,0.7683920173344665
CO,COL,Colombia,COL.2_1,COL.2_1,Antioquia,NA,Antioquia,Departamento,Department,NA,CO.AN,NA,NA,NA,NA,Antioquia,NA,Antioquia,CO-ANT,iso3166-2,NA,NA,NA,0.7166168768876235,0.7423693839416075,0.7005563735719641,0.7683920173344665
CO,COL,Colombia,COL.3_1,COL.3_1,Arauca,NA,Arauca,Intendencia,Intendancy,NA,CO.AR,NA,NA,NA,1,Arauca,NA,Arauca,CO-ARA,iso3166-2,NA,NA,NA,0.6478211045938064,0.7787674354745238,0.7005563735719641,0.7683920173344665
CO,COL,Colombia,COL.4_1,COL.4_1,Atl√°ntico,NA,Atl√°ntico,Departamento,Department,NA,CO.AT,NA,NA,NA,NA,Atlántico,NA,Atlántico,CO-ATL,iso3166-2,NA,NA,NA,0.6708264662217956,0.7499757103085067,0.7005563735719641,0.7683920173344665
CO,COL,Colombia,COL.5_1,COL.5_1,Bol√≠var,NA,Bol√≠var,Departamento,Department,NA,CO.BL,NA,NA,NA,NA,Bolívar,NA,Bolívar,CO-BOL,iso3166-2,NA,NA,NA,0.7049120821607138,0.7825521831729273,0.7005563735719641,0.7683920173344665
CO,COL,Colombia,COL.6_1,COL.6_1,Boyac√°,NA,Boyac√°,Departamento,Department,NA,CO.BY,NA,NA,NA,NA,Boyacá,NA,Boyacá,CO-BOY,iso3166-2,NA,NA,NA,0.7531789077064742,0.7472991822772939,0.7005563735719641,0.7683920173344665
CO,COL,Colombia,COL.7_1,COL.7_1,Caldas,NA,Caldas,Departamento,Department,NA,CO.CL,NA,NA,NA,NA,Caldas,NA,Caldas,CO-CAL,iso3166-2,NA,NA,NA,0.677107463327475,0.7635259505476724,0.7005563735719641,0.7683920173344665
CO,COL,Colombia,COL.8_1,COL.8_1,Caquet√°,NA,Caquet√°,Intendencia,Intendancy,NA,CO.CQ,NA,NA,NA,NA,Caquetá,NA,Caquetá,CO-CAQ,iso3166-2,NA,NA,NA,0.7004269883816193,0.83635364616883,0.7005563735719641,0.7683920173344665
CO,COL,Colombia,COL.9_1,COL.9_1,Casanare,NA,Casanare,Intendencia,Intendancy,NA,CO.CS,NA,NA,NA,1,Casanare,NA,Casanare,CO-CAS,iso3166-2,NA,NA,NA,0.6027902107439849,0.7844577750447527,0.7005563735719641,0.7683920173344665
CO,COL,Colombia,COL.10_1,COL.10_1,Cauca,NA,Cauca,Departamento,Department,NA,CO.CA,NA,NA,NA,NA,Cauca,NA,Cauca,CO-CAU,iso3166-2,NA,NA,NA,0.7633912304047634,0.8185256843662784,0.7005563735719641,0.7683920173344665
CO,COL,Colombia,COL.11_1,COL.11_1,Cesar,El Cesar,Cesar,Departamento,Department,NA,CO.CE,NA,NA,NA,NA,Cesar,NA,Cesar,CO-CES,iso3166-2,NA,NA,NA,0.7296348743202382,0.7501726928273291,0.7005563735719641,0.7683920173344665
CO,COL,Colombia,COL.12_1,COL.12_1,Choc√≥,NA,Choc√≥,Departamento,Department,NA,CO.CH,NA,NA,NA,1,Chocó,NA,Chocó,CO-CHO,iso3166-2,NA,NA,NA,0.6791778706101201,0.8400023989736919,0.7005563735719641,0.7683920173344665
CO,COL,Colombia,COL.13_1,COL.13_1,C√≥rdoba,NA,C√≥rdoba,Departamento,Department,NA,CO.CO,NA,NA,NA,NA,Córdoba,NA,Córdoba,CO-COR,iso3166-2,NA,NA,NA,0.6946303662377736,0.7674297859206999,0.7005563735719641,0.7683920173344665
CO,COL,Colombia,COL.14_1,COL.14_1,Cundinamarca,NA,Cundinamarca,Departamento,Department,NA,CO.CU,NA,NA,NA,NA,Cundinamarca,NA,Cundinamarca,CO-CUN,iso3166-2,NA,NA,NA,0.687357427242345,0.7589537049519105,0.7005563735719641,0.7683920173344665
CO,COL,Colombia,NA,CO-DC,NA,NA,NA,NA,NA,NA,NA,NA,NA,NA,NA,Distrito Capital de Bogotá,NA,Distrito Capital de Bogotá,CO-DC,iso3166-2,NA,NA,NA,0.7393614277165026,0.7478263090904476,0.7005563735719641,0.7683920173344665
CO,COL,Colombia,COL.15_1,COL.15_1,Guain√≠a,Guania,Guain√≠a,Comisar√≠a,Commissiary,NA,CO.GN,NA,NA,NA,NA,Guainía,NA,Guainía,CO-GUA,iso3166-2,NA,NA,NA,0.7189164194289203,0.8206992340054913,0.7005563735719641,0.7683920173344665
CO,COL,Colombia,COL.16_1,COL.16_1,Guaviare,NA,Guaviare,Comisar√≠a,Commissiary,NA,CO.GV,NA,NA,NA,NA,Guaviare,NA,Guaviare,CO-GUV,iso3166-2,NA,NA,NA,0.7363267680796219,0.8488422225856828,0.7005563735719641,0.7683920173344665
CO,COL,Colombia,COL.17_1,COL.17_1,Huila,NA,Huila,Departamento,Department,NA,CO.HU,NA,NA,NA,NA,Huila,NA,Huila,CO-HUI,iso3166-2,NA,NA,NA,0.7241391202496996,0.7976629168489624,0.7005563735719641,0.7683920173344665
CO,COL,Colombia,COL.18_1,COL.18_1,La Guajira,Guajira|Goagira|La Goajira,La Guajira,Departamento,Department,NA,CO.LG,NA,NA,NA,NA,La Guajira,NA,La Guajira,CO-LAG,iso3166-2,NA,NA,NA,0.6503486229893207,0.7203707617666247,0.7005563735719641,0.7683920173344665
CO,COL,Colombia,COL.19_1,COL.19_1,Magdalena,La Magdalena,Magdalena,Departamento,Department,NA,CO.MA,NA,NA,NA,NA,Magdalena,NA,Magdalena,CO-MAG,iso3166-2,NA,NA,NA,0.6757778766779662,0.7295112357074364,0.7005563735719641,0.7683920173344665
CO,COL,Colombia,COL.20_1,COL.20_1,Meta,NA,Meta,Departamento,Department,NA,CO.ME,NA,NA,NA,NA,Meta,NA,Meta,CO-MET,iso3166-2,NA,NA,NA,0.7082421673479078,0.7733398025791152,0.7005563735719641,0.7683920173344665
CO,COL,Colombia,COL.21_1,COL.21_1,Nari√±o,NA,Nari√±o,Departamento,Department,NA,CO.NA,NA,NA,NA,NA,Nariño,NA,Nariño,CO-NAR,iso3166-2,NA,NA,NA,0.718190184051632,0.7736787424785468,0.7005563735719641,0.7683920173344665
CO,COL,Colombia,COL.22_1,COL.22_1,Norte de Santander,Santander del Norte,Norte de Santander,Departamento,Department,NA,CO.NS,NA,NA,NA,NA,Norte de Santander,NA,Norte de Santander,CO-NSA,iso3166-2,NA,NA,NA,0.6789084535887189,0.7732394976536466,0.7005563735719641,0.7683920173344665
CO,COL,Colombia,COL.23_1,COL.23_1,Putumayo,NA,Putumayo,Intendencia,Intendancy,NA,CO.PU,NA,NA,NA,NA,Putumayo,NA,Putumayo,CO-PUT,iso3166-2,NA,NA,NA,0.6394919365878192,0.7396048510651081,0.7005563735719641,0.7683920173344665
CO,COL,Colombia,COL.24_1,COL.24_1,Quind√≠o,NA,Quind√≠o,Departamento,Department,NA,CO.QD,NA,NA,NA,NA,Quindío,NA,Quindío,CO-QUI,iso3166-2,NA,NA,NA,0.6668821786458469,0.7269844063568984,0.7005563735719641,0.7683920173344665
CO,COL,Colombia,COL.25_1,COL.25_1,Risaralda,NA,Risaralda,Departamento,Department,NA,CO.RI,NA,NA,NA,NA,Risaralda,NA,Risaralda,CO-RIS,iso3166-2,NA,NA,NA,0.6616490063890448,0.7494581240845893,0.7005563735719641,0.7683920173344665
CO,COL,Colombia,COL.26_1,COL.26_1,San Andr√©s y Providencia,Saint Andrew and Providence,San Andr√©s y Providencia,Departamento,Department,NA,CO.SA,NA,NA,NA,NA,"San Andrés, Providencia y Santa Catalina",NA,"San Andrés, Providencia y Santa Catalina",CO-SAP,iso3166-2,NA,NA,NA,NA,NA,0.7005563735719641,0.7683920173344665
CO,COL,Colombia,COL.27_1,COL.27_1,Santander,NA,Santander,Departamento,Department,NA,CO.ST,NA,NA,NA,NA,Santander,NA,Santander,CO-SAN,iso3166-2,NA,NA,NA,0.7074737872247342,0.7447915347434364,0.7005563735719641,0.7683920173344665
CO,COL,Colombia,COL.28_1,COL.28_1,Sucre,NA,Sucre,Departamento,Department,NA,CO.SU,NA,NA,NA,NA,Sucre,NA,Sucre,CO-SUC,iso3166-2,NA,NA,NA,0.677335556688781,0.7542755339392537,0.7005563735719641,0.7683920173344665
CO,COL,Colombia,COL.29_1,COL.29_1,Tolima,NA,Tolima,Departamento,Department,NA,CO.TO,NA,NA,NA,NA,Tolima,NA,Tolima,CO-TOL,iso3166-2,NA,NA,NA,0.728846475906968,0.7948813752440108,0.7005563735719641,0.7683920173344665
CO,COL,Colombia,COL.30_1,COL.30_1,Valle del Cauca,Valle,Valle del Cauca,Departamento,Department,NA,CO.VC,NA,NA,NA,NA,Valle del Cauca,NA,Valle del Cauca,CO-VAC,iso3166-2,NA,NA,NA,0.7107076657705341,0.7713711793857625,0.7005563735719641,0.7683920173344665
CO,COL,Colombia,COL.31_1,COL.31_1,Vaup√©s,NA,Vaup√©s,Comisar√≠a,Commissiary,NA,CO.VP,NA,NA,NA,NA,Vaupés,NA,Vaupés,CO-VAU,iso3166-2,NA,NA,NA,NA,NA,0.7005563735719641,0.7683920173344665
CO,COL,Colombia,COL.32_1,COL.32_1,Vichada,NA,Vichada,Comisar√≠a,Commissiary,NA,CO.VD,NA,NA,NA,NA,Vichada,NA,Vichada,CO-VID,iso3166-2,NA,NA,NA,0.6714091478960932,0.7493163125204657,0.7005563735719641,0.7683920173344665
CR,CRI,Costa Rica,CRI.1_1,CRI.1_1,Alajuela,NA,Alajuela,Provincia,Province,NA,CR.AL,NA,NA,NA,NA,Alajuela,NA,Alajuela,CR-A,iso3166-2,NA,NA,NA,0.6904457192456354,0.8027910382392528,0.699614400470972,0.7791709149125673
CR,CRI,Costa Rica,CRI.2_1,CRI.2_1,Cartago,NA,Cartago,Provincia,Province,NA,CR.CA,NA,NA,NA,NA,Cartago,NA,Cartago,CR-C,iso3166-2,NA,NA,NA,0.716089376275412,0.7707855373362005,0.699614400470972,0.7791709149125673
CR,CRI,Costa Rica,CRI.3_1,CRI.3_1,Guanacaste,NA,Guanacaste,Provincia,Province,NA,CR.GU,NA,NA,NA,NA,Guanacaste,NA,Guanacaste,CR-G,iso3166-2,NA,NA,NA,0.7091083190148246,0.7160268294114044,0.699614400470972,0.7791709149125673
CR,CRI,Costa Rica,CRI.4_1,CRI.4_1,Heredia,NA,Heredia,Provincia,Province,NA,CR.HE,NA,NA,NA,NA,Heredia,NA,Heredia,CR-H,iso3166-2,NA,NA,NA,0.6929522418970138,0.806008804651543,0.699614400470972,0.7791709149125673
CR,CRI,Costa Rica,CRI.5_1,CRI.5_1,Lim√≥n,Puerto Lim¬¢n,Lim√≥n,Provincia,Province,NA,CR.LI,NA,NA,NA,NA,Limón,NA,Limón,CR-L,iso3166-2,NA,NA,NA,0.7359546322534524,0.7129037918708072,0.699614400470972,0.7791709149125673
CR,CRI,Costa Rica,CRI.6_1,CRI.6_1,Puntarenas,NA,Puntarenas,Provincia,Province,NA,CR.PU,NA,NA,NA,NA,Puntarenas,NA,Puntarenas,CR-P,iso3166-2,NA,NA,NA,0.6966625970479844,0.7355298958856847,0.699614400470972,0.7791709149125673
CR,CRI,Costa Rica,CRI.7_1,CRI.7_1,San Jos√©,NA,San Jos√©,Provincia,Province,NA,CR.SJ,NA,NA,NA,NA,San José,NA,San José,CR-SJ,iso3166-2,NA,NA,NA,0.7118628935010429,0.7779210777311362,0.699614400470972,0.7791709149125673
CV,CPV,Cape Verde,NA,CV-B,NA,NA,NA,NA,NA,NA,NA,NA,NA,NA,NA,Ilhas de Barlavento,NA,Ilhas de Barlavento,CV-B,iso3166-2,NA,NA,NA,0.6133458645539781,0.6984083340577438,0.564139948856687,0.7058924336043593
CV,CPV,Cape Verde,NA,CV-S,NA,NA,NA,NA,NA,NA,NA,NA,NA,NA,NA,Ilhas de Sotavento,NA,Ilhas de Sotavento,CV-S,iso3166-2,NA,NA,NA,0.5896395015036654,0.7181961142996199,0.564139948856687,0.7058924336043593
CY,CYP,Cyprus,CYP.1_1,CYP.1_1,Famagusta,Famgusta|Ammochostos|Famagosta|Famagouste|Gazimagosa|Gazimagusa|Magusa|Gazimaƒüusa,Famagusta,EœÄŒ±œÅœáŒØŒµœÇ|Eparchies,District,NA,CY.FA,NA,NA,NA,NA,Ammochostos,Famagusta,Αμμόχωστος,CY-04,iso3166-2,NA,NA,NA,NA,NA,0.48074207131818847,0.6214575552738167
CY,CYP,NA,NA,NA,NA,NA,NA,NA,NA,NA,NA,NA,NA,NA,NA,Keryneia,NA,Κερύvεια,CY-06,iso3166-2,NA,NA,NA,NA,NA,0.48074207131818847,0.6214575552738167
CY,CYP,Cyprus,CYP.2_1,CYP.2_1,Larnaca,L√°rnaka|Larnaka|ƒ∞skele,Larnaca,EœÄŒ±œÅœáŒØŒµœÇ|Eparchies,District,NA,CY.LA,NA,NA,NA,NA,Larnaka,NA,Λάρνακα,CY-03,iso3166-2,NA,NA,NA,0.6014222715269613,0.6679328876724885,0.48074207131818847,0.6214575552738167
CY,CYP,Cyprus,CYP.4_1,CYP.4_1,Nicosia,Lefkos√≠a|Levkos√≠a|Lefkosa|Nicosie|Nikosia|Lefko≈üa,Nicosia,EœÄŒ±œÅœáŒØŒµœÇ|Eparchies,District,NA,CY.NI,NA,NA,NA,NA,Lefkosia,Nicosia,Λευκωσία,CY-01,iso3166-2,NA,NA,NA,0.5042112124598632,0.6796346976705585,0.48074207131818847,0.6214575552738167
CY,CYP,Cyprus,CYP.3_1,CYP.3_1,Limassol,Limasol|Leymosun,Limassol,EœÄŒ±œÅœáŒØŒµœÇ|Eparchies,District,NA,CY.LI,NA,NA,NA,NA,Lemesos,NA,Λεμεσός,CY-02,iso3166-2,NA,NA,NA,0.521120399704376,0.7798870725681776,0.48074207131818847,0.6214575552738167
CY,CYP,Cyprus,CYP.5_1,CYP.5_1,Paphos,Baf|Pafos|Gazibaf,Paphos,EœÄŒ±œÅœáŒØŒµœÇ|Eparchies,District,NA,CY.PA,NA,NA,NA,NA,Pafos,NA,Πάφος,CY-05,iso3166-2,NA,NA,NA,0.5905640018381222,0.7542260639429808,0.48074207131818847,0.6214575552738167
CY,CYP,Cyprus,NA,CY-NC,NA,NA,NA,NA,NA,NA,NA,NA,NA,NA,NA,Northern Cyprus,NA,Northern Cyprus,CY-NC,NA,NA,NA,NA,0.5953031648326921,0.6556253254098167,0.48074207131818847,0.6214575552738167
CZ,CZE,Czech Republic,CZE.1_1,CZE.1_1,Jihoƒçesk√Ω,Budweis|Budejovick√Ω|Ceskobudejovick√Ω|South Bohemian,Jihoƒçesk√Ω,Kraj,Region,NA,CZ.CK,NA,NA,NA,NA,Jihočeský kraj,South Bohemia,Jihočeský kraj,CZ-31,iso3166-2,NA,NA,NA,0.34135596900204995,0.5000960891299492,0.29156874419877715,0.45093257864175484
CZ,CZE,Czech Republic,CZE.2_1,CZE.2_1,Jihomoravsk√Ω,Br√ºnn|Jihomoravsk√Ω Brnensk√Ω|South Moravian,Jihomoravsk√Ω,Kraj,Region,NA,CZ.BK,NA,NA,NA,NA,Jihomoravský kraj,South Moravia,Jihomoravský kraj,CZ-64,iso3166-2,NA,NA,NA,0.3714886752845863,0.49292953691878366,0.29156874419877715,0.45093257864175484
CZ,CZE,Czech Republic,CZE.3_1,CZE.3_1,Karlovarsk√Ω,Carlsbad| Karlovy Vary,Karlovarsk√Ω,Kraj,Region,NA,CZ.KK,NA,NA,NA,NA,Karlovarský kraj,Carlsbad,Karlovarský kraj,CZ-41,iso3166-2,NA,NA,NA,0.42072866328198155,0.5236306237506194,0.29156874419877715,0.45093257864175484
CZ,CZE,Czech Republic,CZE.4_1,CZE.4_1,Kraj Vysoƒçina,Iglau|Jihlavsk√Ω|Vysocina|Vysoƒçina,Kraj Vysoƒçina,Kraj,Region,NA,CZ.JK,NA,NA,NA,NA,Kraj Vysočina,Vysočina,Kraj Vysočina,CZ-63,iso3166-2,NA,NA,NA,0.3501539913799048,0.5334215986698018,0.29156874419877715,0.45093257864175484
CZ,CZE,Czech Republic,CZE.5_1,CZE.5_1,Kr√°lov√©hradeck√Ω,K√∂nigsgr√§tz| Hradec Kr√°lov√©,Kr√°lov√©hradeck√Ω,Kraj,Region,NA,CZ.HK,NA,NA,NA,NA,Královéhradecký kraj,Hradec Králové,Královéhradecký kraj,CZ-52,iso3166-2,NA,NA,NA,0.4238454638676719,0.5498079181449699,0.29156874419877715,0.45093257864175484
CZ,CZE,Czech Republic,CZE.6_1,CZE.6_1,Libereck√Ω,Reichenberg| Liberec,Libereck√Ω,Kraj,Region,NA,CZ.LK,NA,NA,NA,NA,Liberecký kraj,Liberec,Liberecký kraj,CZ-51,iso3166-2,NA,NA,NA,0.3978548767439902,0.46093939118436605,0.29156874419877715,0.45093257864175484
CZ,CZE,Czech Republic,CZE.7_1,CZE.7_1,Moravskoslezsk√Ω,M√§hrisch-Ostrau|M√§hren|Morava|Moravie|Mor¬†via|Moravskoslezsk√Ω|Ostravsk√Ω| Moravian-Silesian,Moravskoslezsk√Ω,Kraj,Region,NA,CZ.VK,NA,NA,NA,NA,Moravskoslezský kraj,Moravia-Silesia,Moravskoslezský kraj,CZ-80,iso3166-2,NA,NA,NA,0.3601760934449133,0.4724640075770156,0.29156874419877715,0.45093257864175484
CZ,CZE,Czech Republic,CZE.8_1,CZE.8_1,Olomouck√Ω,Olm√ºtz|Olomouc,Olomouck√Ω,Kraj,Region,NA,CZ.OK,NA,NA,NA,NA,Olomoucký kraj,Olomouc,Olomoucký kraj,CZ-71,iso3166-2,NA,NA,NA,0.36093646921455846,0.46364457605417875,0.29156874419877715,0.45093257864175484
CZ,CZE,Czech Republic,CZE.9_1,CZE.9_1,Pardubick√Ω,Pardubitz|Pardubice,Pardubick√Ω,Kraj,Region,NA,CZ.EK,NA,NA,NA,NA,Pardubický kraj,Pardubice,Pardubický kraj,CZ-53,iso3166-2,NA,NA,NA,0.38064957499132046,0.5868941886367,0.29156874419877715,0.45093257864175484
CZ,CZE,Czech Republic,CZE.10_1,CZE.10_1,Plze≈àsk√Ω,Pilsen|Plze≈à,Plze≈àsk√Ω,Kraj,Region,NA,CZ.PK,NA,NA,NA,NA,Plzeňský kraj,Plzeň,Plzeňský kraj,CZ-32,iso3166-2,NA,NA,NA,0.32622886713143734,0.4687041351603109,0.29156874419877715,0.45093257864175484
CZ,CZE,Czech Republic,CZE.11_1,CZE.11_1,Prague,Prag |Hlavn√≠ mƒõsto Praha,Prague,Kraj,Region,NA,CZ.SK,NA,NA,NA,NA,"Praha, Hlavní město",Prague,"Praha, Hlavní město",CZ-10,iso3166-2,NA,NA,NA,0.41404003473142986,0.5532802438938774,0.29156874419877715,0.45093257864175484
CZ,CZE,Czech Republic,CZE.12_1,CZE.12_1,St≈ôedoƒçesk√Ω,Central Bohemian,St≈ôedoƒçesk√Ω,Kraj,Region,NA,CZ.SK,NA,NA,NA,NA,Středočeský kraj,Central Bohemia,Středočeský kraj,CZ-20,iso3166-2,NA,NA,NA,0.4030438950109089,0.5212949852118256,0.29156874419877715,0.45093257864175484
CZ,CZE,Czech Republic,CZE.13_1,CZE.13_1,√östeck√Ω,Aussig an der Elbe|Aussig|√öst√≠ nad Labem,√östeck√Ω,Kraj,Region,NA,CZ.UK,NA,NA,NA,NA,Ústecký kraj,Ústí nad Labem,Ústecký kraj,CZ-42,iso3166-2,NA,NA,NA,0.3754627101206518,0.45203625947399284,0.29156874419877715,0.45093257864175484
CZ,CZE,Czech Republic,CZE.14_1,CZE.14_1,Zl√≠nsk√Ω,Gottwaldov|Zl√≠n,Zl√≠nsk√Ω,Kraj,Region,NA,CZ.ZK,NA,NA,NA,NA,Zlínský kraj,Zlín,Zlínský kraj,CZ-72,iso3166-2,NA,NA,NA,0.3484764667295913,0.5165122014356085,0.29156874419877715,0.45093257864175484
DE,DEU,Germany,DEU.1_1,DEU.1_1,Baden-W√ºrttemberg,NA,Baden-W√ºrttemberg,Land,State,8,DE.BW,NA,NA,NA,NA,Baden-Württemberg,Baden-Württemberg,Baden-Württemberg,DE-BW,iso3166-2,NA,NA,NA,0.48730422662168915,0.5838467155776443,0.44084918586300087,0.5289610829610474
DE,DEU,Germany,DEU.2_1,DEU.2_1,Bayern,Bavaria,Bayern,Freistaat,NA,9,DE.BY,NA,NA,NA,NA,Bayern,Bavaria,Bayern,DE-BY,iso3166-2,NA,NA,NA,0.49627090273418445,0.5459463800086745,0.44084918586300087,0.5289610829610474
DE,DEU,Germany,DEU.3_1,DEU.3_1,Berlin,NA,Berlin,Land,State,11,DE.BE,NA,NA,NA,NA,Berlin,Berlin,Berlin,DE-BE,iso3166-2,NA,NA,NA,0.5244158683977139,0.5516619601642269,0.44084918586300087,0.5289610829610474
DE,DEU,Germany,DEU.4_1,DEU.4_1,Brandenburg,NA,Brandenburg,Land,State,12,DE.BR,NA,NA,NA,NA,Brandenburg,Brandenburg,Brandenburg,DE-BB,iso3166-2,NA,NA,NA,0.5263480806003356,0.6079786769384491,0.44084918586300087,0.5289610829610474
DE,DEU,Germany,DEU.5_1,DEU.5_1,Bremen,NA,Bremen,Freie Hansestadt,State,4,DE.HB,NA,NA,NA,NA,Bremen,Bremen,Bremen,DE-HB,iso3166-2,NA,NA,NA,0.5094884491777535,0.6436812256588849,0.44084918586300087,0.5289610829610474
DE,DEU,Germany,DEU.6_1,DEU.6_1,Hamburg,NA,Hamburg,Freie und Hansestadt,State,2,DE.HH,NA,NA,NA,NA,Hamburg,Hamburg,Hamburg,DE-HH,iso3166-2,NA,NA,NA,0.4940547807804716,0.5597863044973117,0.44084918586300087,0.5289610829610474
DE,DEU,Germany,DEU.7_1,DEU.7_1,Hessen,Hesse,Hessen,Land,State,6,DE.HE,NA,NA,NA,NA,Hessen,Hesse,Hessen,DE-HE,iso3166-2,NA,NA,NA,0.47813430576699645,0.5789391521866066,0.44084918586300087,0.5289610829610474
DE,DEU,Germany,DEU.8_1,DEU.8_1,Mecklenburg-Vorpommern,Mecklenburg-West Pomerania,Mecklenburg-Vorpommern,Land,State,13,DE.MV,NA,NA,NA,NA,Mecklenburg-Vorpommern,Mecklenburg-Western Pomerania,Mecklenburg-Vorpommern,DE-MV,iso3166-2,NA,NA,NA,0.4710603427982323,0.5424513052324982,0.44084918586300087,0.5289610829610474
DE,DEU,Germany,DEU.9_1,DEU.9_1,Niedersachsen,Lower Saxony,Niedersachsen,Land,State,3,DE.NI,NA,NA,NA,NA,Niedersachsen,Lower Saxony,Niedersachsen,DE-NI,iso3166-2,NA,NA,NA,0.5092532886181089,0.585930068506257,0.44084918586300087,0.5289610829610474
DE,DEU,Germany,DEU.10_1,DEU.10_1,Nordrhein-Westfalen,North Rhine-Westphalia,Nordrhein-Westfalen,Land,State,5,DE.NW,NA,NA,NA,NA,Nordrhein-Westfalen,North Rhine-Westphalia,Nordrhein-Westfalen,DE-NW,iso3166-2,NA,NA,NA,0.5258642717828791,0.57754396332324,0.44084918586300087,0.5289610829610474
DE,DEU,Germany,DEU.11_1,DEU.11_1,Rheinland-Pfalz,Rhineland-Palatinate,Rheinland-Pfalz,Land,State,7,DE.RP,NA,NA,NA,NA,Rheinland-Pfalz,Rhineland-Palatinate,Rheinland-Pfalz,DE-RP,iso3166-2,NA,NA,NA,0.47824592364688395,0.5717866583924496,0.44084918586300087,0.5289610829610474
DE,DEU,Germany,DEU.12_1,DEU.12_1,Saarland,NA,Saarland,Land,State,10,DE.SL,NA,NA,NA,NA,Saarland,Saarland,Saarland,DE-SL,iso3166-2,NA,NA,NA,0.5057792925363491,0.5874011699460919,0.44084918586300087,0.5289610829610474
DE,DEU,Germany,DEU.14_1,DEU.14_1,Sachsen,Saxony,Sachsen,Freistaat,State,14,DE.SN,NA,NA,NA,NA,Sachsen,Saxony,Sachsen,DE-SN,iso3166-2,NA,NA,NA,0.4214892090909882,0.5192431298639524,0.44084918586300087,0.5289610829610474
DE,DEU,Germany,DEU.13_1,DEU.13_1,Sachsen-Anhalt,Saxony-Anhalt,Sachsen-Anhalt,Land,State,15,DE.ST,NA,NA,NA,NA,Sachsen-Anhalt,Saxony-Anhalt,Sachsen-Anhalt,DE-ST,iso3166-2,NA,NA,NA,0.5143476792179048,0.5144899093237006,0.44084918586300087,0.5289610829610474
DE,DEU,Germany,DEU.15_1,DEU.15_1,Schleswig-Holstein,NA,Schleswig-Holstein,Land,State,1,DE.SH,NA,NA,NA,NA,Schleswig-Holstein,Schleswig-Holstein,Schleswig-Holstein,DE-SH,iso3166-2,NA,NA,NA,0.5082012481610475,0.5885206763407745,0.44084918586300087,0.5289610829610474
DE,DEU,Germany,DEU.16_1,DEU.16_1,Th√ºringen,Thuringia,Th√ºringen,Freistaat,State,16,DE.TH,NA,NA,NA,NA,Thüringen,Thuringia,Thüringen,DE-TH,iso3166-2,NA,NA,NA,0.4621660198935555,0.5807522270489955,0.44084918586300087,0.5289610829610474
DJ,DJI,Djibouti,DJI.1_1,DJI.1_1,Ali Sabieh,`Ali Sab√Æh,Ali Sabieh,Region,Region,NA,DJ.AS,nat,Djibouti,NA,NA,Ali Sabieh,‘Alī Şabīḩ,على صبيح,DJ-AS,iso3166-2,NA,NA,NA,NA,NA,0.37110375632594267,0.37154916195889975
DJ,DJI,Djibouti,NA,DJ-AR,NA,NA,NA,NA,NA,NA,NA,nat,Djibouti,NA,NA,Arta,‘Artā,إقليم عرتا,DJ-AR,iso3166-2,NA,NA,NA,NA,NA,0.37110375632594267,0.37154916195889975
DJ,DJI,Djibouti,DJI.2_1,DJI.2_1,Dikhil,Dikkil,Dikhil,Region,Region,NA,DJ.DK,nat,Djibouti,NA,NA,Dikhil,Dikhīl,إقليم دخيل,DJ-DI,iso3166-2,NA,NA,NA,NA,NA,0.37110375632594267,0.37154916195889975
DJ,DJI,Djibouti,DJI.3_1,DJI.3_1,Djibouti,NA,Djibouti,City,City,NA,DJ.DB,nat,Djibouti,NA,NA,Djibouti,Jībūtī,مدينة جيبوتي,DJ-DJ,iso3166-2,NA,NA,NA,NA,NA,0.37110375632594267,0.37154916195889975
DJ,DJI,Djibouti,DJI.4_1,DJI.4_1,Obock,NA,Obock,Region,Region,NA,DJ.OB,nat,Djibouti,NA,NA,Obock,Awbūk,إقليم أوبوك,DJ-OB,iso3166-2,NA,NA,NA,NA,NA,0.37110375632594267,0.37154916195889975
DJ,DJI,Djibouti,DJI.5_1,DJI.5_1,Tadjourah,Tadjoura,Tadjourah,Region,Region,NA,DJ.TA,nat,Djibouti,NA,NA,Tadjourah,Tājūrah,إقليم تاجورة,DJ-TA,iso3166-2,NA,NA,NA,NA,NA,0.37110375632594267,0.37154916195889975
DK,DNK,Denmark,DNK.1_1,DNK.1_1,Hovedstaden,Capital,Hovedstaden,Region,Region,NA,DK.HS,NA,NA,NA,NA,Hovedstaden,Capital Region of Denmark,Hovedstaden,DK-84,iso3166-2,NA,NA,NA,0.4311392834178764,0.6007031858277757,0.34300868252992955,0.5299329778625496
DK,DNK,Denmark,DNK.2_1,DNK.2_1,Midtjylland,Central Jutland,Midtjylland,Region,Region,NA,DK.MJ,NA,NA,NA,NA,Midtjylland,Central Denmark Region,Midtjylland,DK-82,iso3166-2,NA,NA,NA,0.44471999346463814,0.5722724873803381,0.34300868252992955,0.5299329778625496
DK,DNK,Denmark,DNK.3_1,DNK.3_1,Nordjylland,North Jutland,Nordjylland,Region,Region,NA,DK.ND,NA,NA,NA,NA,Nordjylland,North Denmark Region,Nordjylland,DK-81,iso3166-2,NA,NA,NA,0.3957806990574232,0.5308843334420745,0.34300868252992955,0.5299329778625496
DK,DNK,Denmark,DNK.4_1,DNK.4_1,Sj√¶lland,Zealand,Sj√¶lland,Region,Region,NA,DK.SL,NA,NA,NA,NA,Sjælland,Region Zealand,Sjælland,DK-85,iso3166-2,NA,NA,NA,0.4012971484387293,0.579712150340097,0.34300868252992955,0.5299329778625496
DK,DNK,Denmark,DNK.5_1,DNK.5_1,Syddanmark,South Denmark,Syddanmark,Region,Region,NA,DK.SD,NA,NA,NA,NA,Syddanmark,Region of Southern Denmark,Syddanmark,DK-83,iso3166-2,NA,NA,NA,0.40074144468761363,0.533811699810194,0.34300868252992955,0.5299329778625496
DM,DMA,Dominica,DMA.1_1,DMA.1_1,Saint Andrew,NA,Saint Andrew,Parish,Parish,NA,DM.AN,nat,Dominica,NA,NA,Dominica,NA,Dominica,DM-02,iso3166-2,NA,NA,NA,NA,NA,0.4719943617987622,0.49059772617866937
DM,DMA,Dominica,DMA.2_1,DMA.2_1,Saint David,NA,Saint David,Parish,Parish,NA,DM.DA,nat,Dominica,NA,NA,Dominica,NA,Dominica,DM-03,iso3166-2,NA,NA,NA,NA,NA,0.4719943617987622,0.49059772617866937
DM,DMA,Dominica,DMA.3_1,DMA.3_1,Saint George,NA,Saint George,Parish,Parish,NA,DM.GO,nat,Dominica,NA,NA,Dominica,NA,Dominica,DM-04,iso3166-2,NA,NA,NA,NA,NA,0.4719943617987622,0.49059772617866937
DM,DMA,Dominica,DMA.4_1,DMA.4_1,Saint John,NA,Saint John,Parish,Parish,NA,DM.JN,nat,Dominica,NA,NA,Dominica,NA,Dominica,DM-05,iso3166-2,NA,NA,NA,NA,NA,0.4719943617987622,0.49059772617866937
DM,DMA,Dominica,DMA.5_1,DMA.5_1,Saint Joseph,NA,Saint Joseph,Parish,Parish,NA,DM.JH,nat,Dominica,NA,NA,Dominica,NA,Dominica,DM-06,iso3166-2,NA,NA,NA,NA,NA,0.4719943617987622,0.49059772617866937
DM,DMA,Dominica,DMA.6_1,DMA.6_1,Saint Luke,NA,Saint Luke,Parish,Parish,NA,DM.LU,nat,Dominica,NA,NA,Dominica,NA,Dominica,DM-07,iso3166-2,NA,NA,NA,NA,NA,0.4719943617987622,0.49059772617866937
DM,DMA,Dominica,DMA.7_1,DMA.7_1,Saint Mark,NA,Saint Mark,Parish,Parish,NA,DM.MA,nat,Dominica,NA,NA,Dominica,NA,Dominica,DM-08,iso3166-2,NA,NA,NA,NA,NA,0.4719943617987622,0.49059772617866937
DM,DMA,Dominica,DMA.8_1,DMA.8_1,Saint Patrick,NA,Saint Patrick,Parish,Parish,NA,DM.PK,nat,Dominica,NA,NA,Dominica,NA,Dominica,DM-09,iso3166-2,NA,NA,NA,NA,NA,0.4719943617987622,0.49059772617866937
DM,DMA,Dominica,DMA.9_1,DMA.9_1,Saint Paul,NA,Saint Paul,Parish,Parish,NA,DM.PL,nat,Dominica,NA,NA,Dominica,NA,Dominica,DM-10,iso3166-2,NA,NA,NA,NA,NA,0.4719943617987622,0.49059772617866937
DM,DMA,Dominica,DMA.10_1,DMA.10_1,Saint Peter,NA,Saint Peter,Parish,Parish,NA,DM.PR,nat,Dominica,NA,NA,Dominica,NA,Dominica,DM-11,iso3166-2,NA,NA,NA,NA,NA,0.4719943617987622,0.49059772617866937
DO,DOM,Dominican Republic,NA,DO-33,NA,NA,NA,NA,NA,NA,NA,NA,NA,NA,NA,Cibao Nordeste,NA,Cibao Nordeste,DO-33,iso3166-2,NA,NA,NA,0.5899108050627712,0.7242531812418899,0.5736603000194045,0.7052376181770699
DO,DOM,Dominican Republic,NA,DO-34,NA,NA,NA,NA,NA,NA,NA,NA,NA,NA,NA,Cibao Noroeste,NA,Cibao Noroeste,DO-34,iso3166-2,NA,NA,NA,0.6006677420965644,0.6681320567850996,0.5736603000194045,0.7052376181770699
DO,DOM,Dominican Republic,NA,DO-35,NA,NA,NA,NA,NA,NA,NA,NA,NA,NA,NA,Cibao Norte,NA,Cibao Norte,DO-35,iso3166-2,NA,NA,NA,0.6138345826979549,0.7080557561975415,0.5736603000194045,0.7052376181770699
DO,DOM,Dominican Republic,NA,DO-36,NA,NA,NA,NA,NA,NA,NA,NA,NA,NA,NA,Cibao Sur,NA,Cibao Sur,DO-36,iso3166-2,NA,NA,NA,0.6471133935389543,0.7099554944981089,0.5736603000194045,0.7052376181770699
DO,DOM,Dominican Republic,NA,DO-37,NA,NA,NA,NA,NA,NA,NA,NA,NA,NA,NA,El Valle,NA,El Valle,DO-37,iso3166-2,NA,NA,NA,0.5429487256943132,0.7175740015734632,0.5736603000194045,0.7052376181770699
DO,DOM,Dominican Republic,NA,DO-38,NA,NA,NA,NA,NA,NA,NA,NA,NA,NA,NA,Enriquillo,NA,Enriquillo,DO-38,iso3166-2,NA,NA,NA,0.5629315575519772,0.6557988914652908,0.5736603000194045,0.7052376181770699
DO,DOM,Dominican Republic,NA,DO-39,NA,NA,NA,NA,NA,NA,NA,NA,NA,NA,NA,Higuamo,NA,Higuamo,DO-39,iso3166-2,NA,NA,NA,0.6166352210781233,0.7269445588545504,0.5736603000194045,0.7052376181770699
DO,DOM,Dominican Republic,NA,DO-40,NA,NA,NA,NA,NA,NA,NA,NA,NA,NA,NA,Ozama,NA,Ozama,DO-40,iso3166-2,NA,NA,NA,0.6193728899573776,0.7188938690553744,0.5736603000194045,0.7052376181770699
DO,DOM,Dominican Republic,NA,DO-41,NA,NA,NA,NA,NA,NA,NA,NA,NA,NA,NA,Valdesia,NA,Valdesia,DO-41,iso3166-2,NA,NA,NA,0.6174169308844082,0.7332169676001316,0.5736603000194045,0.7052376181770699
DO,DOM,Dominican Republic,NA,DO-42,NA,NA,NA,NA,NA,NA,NA,NA,NA,NA,NA,Yuma,NA,Yuma,DO-42,iso3166-2,NA,NA,NA,0.5182253198856922,0.6775178923402602,0.5736603000194045,0.7052376181770699
EC,ECU,Ecuador,ECU.1_1,ECU.1_1,Azuay,NA,Azuay,Provincia,Province,1,EC.AZ,NA,NA,NA,NA,Azuay,NA,Azuay,EC-A,iso3166-2,NA,NA,NA,0.6941287033744852,0.7364617024381447,0.6042476060820581,0.7198891998587251
EC,ECU,Ecuador,ECU.2_1,ECU.2_1,Bolivar,NA,Bolivar,Provincia,Province,2,EC.BO,NA,NA,NA,NA,Bolívar,NA,Bolívar,EC-B,iso3166-2,NA,NA,NA,0.659311140173419,0.7125293327832914,0.6042476060820581,0.7198891998587251
EC,ECU,Ecuador,ECU.3_1,ECU.3_1,Ca√±ar,NA,Ca√±ar,Provincia,Province,3,EC.CN,NA,NA,NA,NA,Cañar,NA,Cañar,EC-F,iso3166-2,NA,NA,NA,0.5876015949451175,0.6270869920029408,0.6042476060820581,0.7198891998587251
EC,ECU,Ecuador,ECU.4_1,ECU.4_1,Carchi,NA,Carchi,Provincia,Province,4,EC.CR,NA,NA,NA,NA,Carchi,NA,Carchi,EC-C,iso3166-2,NA,NA,NA,0.5415785605343972,0.6859234350742781,0.6042476060820581,0.7198891998587251
EC,ECU,Ecuador,ECU.5_1,ECU.5_1,Chimborazo,NA,Chimborazo,Provincia,Province,6,EC.CB,NA,NA,NA,NA,Chimborazo,NA,Chimborazo,EC-H,iso3166-2,NA,NA,NA,0.6044387790807894,0.7290685914022945,0.6042476060820581,0.7198891998587251
EC,ECU,Ecuador,ECU.6_1,ECU.6_1,Cotopaxi,NA,Cotopaxi,Provincia,Province,5,EC.CT,NA,NA,NA,NA,Cotopaxi,NA,Cotopaxi,EC-X,iso3166-2,NA,NA,NA,0.7132196124292184,0.7043654816365102,0.6042476060820581,0.7198891998587251
EC,ECU,Ecuador,ECU.7_1,ECU.7_1,El Oro,NA,El Oro,Provincia,Province,7,EC.EO,NA,NA,NA,NA,El Oro,NA,El Oro,EC-O,iso3166-2,NA,NA,NA,0.6126946020915978,0.7149838219959079,0.6042476060820581,0.7198891998587251
EC,ECU,Ecuador,ECU.8_1,ECU.8_1,Esmeraldas,NA,Esmeraldas,Provincia,Province,8,EC.ES,NA,NA,NA,NA,Esmeraldas,NA,Esmeraldas,EC-E,iso3166-2,NA,NA,NA,0.6606598824126815,0.7086992364628409,0.6042476060820581,0.7198891998587251
EC,ECU,Ecuador,ECU.9_1,ECU.9_1,Gal√°pagos,NA,Gal√°pagos,Provincia,Province,20,EC.GA,NA,NA,NA,NA,Galápagos,NA,Galápagos,EC-W,iso3166-2,NA,NA,NA,0.5763476236444931,0.6398849657916408,0.6042476060820581,0.7198891998587251
EC,ECU,Ecuador,ECU.10_1,ECU.10_1,Guayas,NA,Guayas,Provincia,Province,9,EC.GU,NA,NA,NA,NA,Guayas,NA,Guayas,EC-G,iso3166-2,NA,NA,NA,0.6574084681166109,0.7240610171584734,0.6042476060820581,0.7198891998587251
EC,ECU,Ecuador,ECU.11_1,ECU.11_1,Imbabura,NA,Imbabura,Provincia,Province,10,EC.IM,NA,NA,NA,NA,Imbabura,NA,Imbabura,EC-I,iso3166-2,NA,NA,NA,0.5530854914698179,0.7728064723571239,0.6042476060820581,0.7198891998587251
EC,ECU,Ecuador,ECU.12_1,ECU.12_1,Loja,NA,Loja,Provincia,Province,11,EC.LJ,NA,NA,NA,NA,Loja,NA,Loja,EC-L,iso3166-2,NA,NA,NA,0.643831158377851,0.724164191797687,0.6042476060820581,0.7198891998587251
EC,ECU,Ecuador,ECU.13_1,ECU.13_1,Los Rios,NA,Los Rios,Provincia,Province,12,EC.LR,NA,NA,NA,NA,Los Ríos,NA,Los Ríos,EC-R,iso3166-2,NA,NA,NA,0.5660502811116312,0.7046502751304786,0.6042476060820581,0.7198891998587251
EC,ECU,Ecuador,ECU.14_1,ECU.14_1,Manabi,NA,Manabi,Provincia,Province,13,EC.MN,NA,NA,NA,NA,Manabí,NA,Manabí,EC-M,iso3166-2,NA,NA,NA,0.5550351225560468,0.6742932720739189,0.6042476060820581,0.7198891998587251
EC,ECU,Ecuador,ECU.15_1,ECU.15_1,Morona Santiago,NA,Morona Santiago,Provincia,Province,14,EC.MS,NA,NA,NA,NA,Morona Santiago,NA,Morona Santiago,EC-S,iso3166-2,NA,NA,NA,0.6402695002306399,0.6135856039895773,0.6042476060820581,0.7198891998587251
EC,ECU,Ecuador,ECU.16_1,ECU.16_1,Napo,NA,Napo,Provincia,Province,15,EC.NA,NA,NA,NA,NA,Napo,NA,Napo,EC-N,iso3166-2,NA,NA,NA,0.6467779465695286,0.6106630488684203,0.6042476060820581,0.7198891998587251
EC,ECU,Ecuador,ECU.17_1,ECU.17_1,Orellana,NA,Orellana,Provincia,Province,22,EC.OR,NA,NA,NA,NA,Orellana,NA,Orellana,EC-D,iso3166-2,NA,NA,NA,0.6391149075228659,0.7023294709249192,0.6042476060820581,0.7198891998587251
EC,ECU,Ecuador,ECU.18_1,ECU.18_1,Pastaza,NA,Pastaza,Provincia,Province,16,EC.PA,NA,NA,NA,NA,Pastaza,NA,Pastaza,EC-Y,iso3166-2,NA,NA,NA,0.794319764247926,0.9046595791075255,0.6042476060820581,0.7198891998587251
EC,ECU,Ecuador,ECU.19_1,ECU.19_1,Pichincha,NA,Pichincha,Provincia,Province,17,EC.PI,NA,NA,NA,NA,Pichincha,NA,Pichincha,EC-P,iso3166-2,NA,NA,NA,0.6155109133696,0.7676313150210681,0.6042476060820581,0.7198891998587251
EC,ECU,Ecuador,ECU.20_1,ECU.20_1,Santa Elena,NA,Santa Elena,Provincia,Province,24,EC.SE,NA,NA,NA,NA,Santa Elena,NA,Santa Elena,EC-SE,iso3166-2,NA,NA,NA,0.5851422674308516,0.6760624939461549,0.6042476060820581,0.7198891998587251
EC,ECU,Ecuador,ECU.21_1,ECU.21_1,Santo Domingo de los Tsachilas,NA,Santo Domingo de los Tsachilas,Provincia,Province,23,EC.SD,NA,NA,NA,NA,Santo Domingo de los Tsáchilas,NA,Santo Domingo de los Tsáchilas,EC-SD,iso3166-2,NA,NA,NA,0.682495393186465,0.7285284966372156,0.6042476060820581,0.7198891998587251
EC,ECU,Ecuador,ECU.22_1,ECU.22_1,Sucumbios,NA,Sucumbios,Provincia,Province,21,EC.SU,NA,NA,NA,NA,Sucumbíos,NA,Sucumbíos,EC-U,iso3166-2,NA,NA,NA,0.6570623366369864,0.665780029030977,0.6042476060820581,0.7198891998587251
EC,ECU,Ecuador,ECU.23_1,ECU.23_1,Tungurahua,NA,Tungurahua,Provincia,Province,18,EC.TU,NA,NA,NA,NA,Tungurahua,NA,Tungurahua,EC-T,iso3166-2,NA,NA,NA,0.6648983907993932,0.7596331984474053,0.6042476060820581,0.7198891998587251
EC,ECU,Ecuador,ECU.24_1,ECU.24_1,Zamora Chinchipe,NA,Zamora Chinchipe,Provincia,Province,19,EC.ZC,NA,NA,NA,NA,Zamora Chinchipe,NA,Zamora Chinchipe,EC-Z,iso3166-2,NA,NA,NA,0.6739494536611208,0.6741073366678076,0.6042476060820581,0.7198891998587251
EE,EST,Estonia,NA,EE006,NA,NA,NA,NA,NA,NA,NA,NA,NA,NA,NA,Kesk-Eesti,Central Estonia,Kesk-Eesti,EE006,nuts3,NA,NA,NA,0.24152651704866165,0.445641026936563,0.08810766177537568,0.38599180300239455
EE,EST,Estonia,NA,EE007,NA,NA,NA,NA,NA,NA,NA,NA,NA,NA,NA,Kirde-Eesti,Northeastern Estonia,Kirde-Eesti,EE007,nuts3,NA,NA,NA,0.23224520570074914,0.4654738610743058,0.08810766177537568,0.38599180300239455
EE,EST,Estonia,NA,EE004,NA,NA,NA,NA,NA,NA,NA,NA,NA,NA,NA,Lääne-Eesti,West Estonia,Lääne-Eesti,EE004,nuts3,NA,NA,NA,0.17954234314869705,0.4033364429184064,0.08810766177537568,0.38599180300239455
EE,EST,Estonia,NA,EE008,NA,NA,NA,NA,NA,NA,NA,NA,NA,NA,NA,Lõuna-Eesti,South Estonia,Lõuna-Eesti,EE008,nuts3,NA,NA,NA,0.1819091606576845,0.4498196461357145,0.08810766177537568,0.38599180300239455
EE,EST,Estonia,NA,EE001,NA,NA,NA,NA,NA,NA,NA,NA,NA,NA,NA,Põhja-Eesti,North Estonia,Põhja-Eesti,EE001,nuts3,NA,NA,NA,0.2309085589001381,0.468522137060708,0.08810766177537568,0.38599180300239455
EG,EGY,Egypt,EGY.1_1,EGY.1_1,Ad Daqahliyah,Al Daqahliyah|Dacahlia|Dagahlia|Dakahlieh|Dakahliya|Dakalieh|Daqalƒ´ya|Dakahlia|Dekahlia,Ad Daqahliyah,Muhafazah,Governorate,NA,EG.DQ,NA,NA,NA,NA,Ad Daqahlīyah,Dakahlia,الدقهلية‎,EG-DK,iso3166-2,NA,NA,NA,0.1703082126611298,0.6753373072189924,0,0.7245973813024704
EG,EGY,Egypt,EGY.2_1,EGY.2_1,Al Bahr al Ahmar,Mar Rojo|Mar Vermelho|Mer Rouge|Red Sea,Al Bahr al Ahmar,Muhafazah,Governorate,NA,EG.BA,NA,NA,NA,NA,Al Baḩr al Aḩmar,Red Sea, البحر الأحمر,EG-BA,iso3166-2,NA,NA,NA,0.07302663607482934,0.6688402574382979,0,0.7245973813024704
EG,EGY,Egypt,EGY.3_1,EGY.3_1,Al Buhayrah,Beheira|Behera|El Buhayra|B√©h√©ra,Al Buhayrah,Muhafazah,Governorate,NA,EG.BH,NA,NA,NA,NA,Al Buḩayrah,NA,البحيرة‎,EG-BH,iso3166-2,NA,NA,NA,0.1282145675212055,0.6921154870427056,0,0.7245973813024704
EG,EGY,Egypt,EGY.4_1,EGY.4_1,Al Fayyum,El Faiyum|el Fayoum|Faium|Faiy≈´m|Fayum|Fayoum|Fayyum,Al Fayyum,Muhafazah,Governorate,NA,EG.FY,NA,NA,NA,NA,Al Fayyūm,The Lake,الفيوم,EG-FYM,iso3166-2,NA,NA,NA,0.1943056786088923,0.7427679513256927,0,0.7245973813024704
EG,EGY,Egypt,EGY.5_1,EGY.5_1,Al Gharbiyah,al-Garbƒ´yah|El Gharbiya|Garbia|Gharbieh|Gharbƒ´ya|Gharbia,Al Gharbiyah,Muhafazah,Governorate,NA,EG.GH,NA,NA,NA,NA,Al Gharbīyah,Western,الغربية,EG-GH,iso3166-2,NA,NA,NA,0.14267252619618295,0.7492673441032781,0,0.7245973813024704
EG,EGY,Egypt,EGY.6_1,EGY.6_1,Al Iskandariyah,Alexandria|Alexandrie|El Iskandariya,Al Iskandariyah,Muhafazah,Governorate,NA,EG.IK,NA,NA,NA,NA,Al Iskandarīyah,Alexandria,الإسكندرية,EG-ALX,iso3166-2,NA,NA,NA,0.1991207264471032,0.7693131938204756,0,0.7245973813024704
EG,EGY,Egypt,EGY.7_1,EGY.7_1,Al Isma`iliyah,As Ismailiyah|Ismailia|Isma√Ølia|Isma'iliya,Al Isma`iliyah,Muhafazah,Governorate,NA,EG.IS,NA,NA,NA,NA,Al Ismā'īlīyah,NA,الإسماعيلية‎,EG-IS,iso3166-2,NA,NA,NA,0.15511967933382306,0.6751229038342952,0,0.7245973813024704
EG,EGY,Egypt,EGY.8_1,EGY.8_1,Al Jizah,El Giza|El Gƒ´zah|Gizeh|Giza|Guiz√®h,Al Jizah,Muhafazah,Governorate,NA,EG.JZ,NA,NA,NA,NA,Al Jīzah,Giza,الجيزة‎,EG-GZ,iso3166-2,NA,NA,NA,0.09843809980043769,0.6416005720996913,0,0.7245973813024704
EG,EGY,Egypt,EGY.9_1,EGY.9_1,Al Minufiyah,Menoufieh|Menufia|Men≈´fƒ´ya|Min≈´fƒ´ya|Munufia|Menoufia|Minufia,Al Minufiyah,Muhafazah,Governorate,NA,EG.MF,NA,NA,NA,NA,Al Minūfīyah,NA,المنوفية,EG-MNF,iso3166-2,NA,NA,NA,0.13845527126670998,0.7099359170992086,0,0.7245973813024704
EG,EGY,Egypt,EGY.10_1,EGY.10_1,Al Minya,Minia|Minieh|Menia|Minya,Al Minya,Muhafazah,Governorate,NA,EG.MN,NA,NA,NA,NA,Al Minyā,NA,المنيا,EG-MN,iso3166-2,NA,NA,NA,0.1399213182540655,0.7483029569112706,0,0.7245973813024704
EG,EGY,Egypt,EGY.11_1,EGY.11_1,Al Qahirah,Cairo|El Cairo|El Qahira|Le Caire,Al Qahirah,Muhafazah,Governorate,NA,EG.QH,NA,NA,NA,NA,Al Qāhirah,Cairo,القاهرة‎,EG-C,iso3166-2,NA,NA,NA,0.16025595083915986,0.7446490815780631,0,0.7245973813024704
EG,EGY,Egypt,EGY.12_1,EGY.12_1,Al Qalyubiyah,Caliubia|Kalioubieh|Kalioubiya|Qaliyubia|Qalyubiya|Kalyoubia|Kalyubia,Al Qalyubiyah,Muhafazah,Governorate,NA,EG.QL,NA,NA,NA,NA,Al Qalyūbīyah,NA,القليوبية,EG-KB,iso3166-2,NA,NA,NA,0.14131924238550195,0.7085598577729341,0,0.7245973813024704
EG,EGY,Egypt,EGY.13_1,EGY.13_1,Al Uqsur,Luxor,Al Uqsur,Muhafazah,Governorate,NA,EG.UQ,NA,NA,NA,NA,Al Uqşur,Luxor,الأقصر,EG-LX,iso3166-2,NA,NA,NA,0.11684281027155063,0.763417902579485,0,0.7245973813024704
EG,EGY,Egypt,EGY.14_1,EGY.14_1,Al Wadi al Jadid,Al Wadi/Al Jadid|El-Wadi El-Gidid|New Valley|Novo Vale|OuƒÅdi El Guedƒ´d|Southern Desert,Al Wadi al Jadid,Muhafazah,Governorate,NA,EG.WJ,NA,NA,NA,NA,Al Wādī al Jadīd,New Valley,الوادي الجديد,EG-WAD,iso3166-2,NA,NA,NA,0.25587404592177104,0.8895938625138134,0,0.7245973813024704
EG,EGY,Egypt,EGY.15_1,EGY.15_1,As Suways,El Suweiz|Es Suweis|Suez,As Suways,Muhafazah,Governorate,NA,EG.SW,NA,NA,NA,NA,As Suways,Suez,السويس,EG-SUZ,iso3166-2,NA,NA,NA,0.14972857138345702,0.7167367483204113,0,0.7245973813024704
EG,EGY,Egypt,EGY.16_1,EGY.16_1,Ash Sharqiyah,Charkieh|Sharqia|Sharqƒ´ya|Sharquia|Sharkia,Ash Sharqiyah,Muhafazah,Governorate,NA,EG.SQ,NA,NA,NA,NA,Ash Sharqīyah,Eastern, الشرقية,EG-SHR,iso3166-2,NA,NA,NA,0.14997431227563376,0.743278772135196,0,0.7245973813024704
EG,EGY,Egypt,EGY.17_1,EGY.17_1,Aswan,Assouan|Assu√£|Assu√°n|Syene,Aswan,Muhafazah,Governorate,NA,EG.AN,NA,NA,NA,NA,Aswān,NA,أسوان,EG-ASN,iso3166-2,NA,NA,NA,0.15755021607010286,0.7560166712165524,0,0.7245973813024704
EG,EGY,Egypt,EGY.18_1,EGY.18_1,Asyut,Asyiut|Assiout|Assiut|Assyut|Asyout,Asyut,Muhafazah,Governorate,NA,EG.AT,NA,NA,NA,NA,Asyūţ,NA,أسيوط‎,EG-AST,iso3166-2,NA,NA,NA,0.14639179823915655,0.7931701166228611,0,0.7245973813024704
EG,EGY,Egypt,EGY.19_1,EGY.19_1,Bani Suwayf,Beni Suwayf|Beni Souef|Beni Suef,Bani Suwayf,Muhafazah,Governorate,NA,EG.BN,NA,NA,NA,NA,Banī Suwayf,NA,بني سويف‎‎,EG-BNS,iso3166-2,NA,NA,NA,0.08354864911084849,0.6947013448409456,0,0.7245973813024704
EG,EGY,Egypt,EGY.20_1,EGY.20_1,Bur Sa`id,Bur Said|Canal|Port Said|Port-Sa√Ød,Bur Sa`id,Muhafazah,Governorate,NA,EG.BS,NA,NA,NA,NA,Būr Sa‘īd,Port Said,بورسعيد,EG-PTS,iso3166-2,NA,NA,NA,0.1553954157122733,0.7355355451308844,0,0.7245973813024704
EG,EGY,Egypt,EGY.21_1,EGY.21_1,Dumyat,Damietta|Damiette|DumiƒÅt,Dumyat,Muhafazah,Governorate,NA,EG.DT,NA,NA,NA,NA,Dumyāţ,Damietta,دمياط,EG-DT,iso3166-2,NA,NA,NA,0.15666419022980027,0.776434055849616,0,0.7245973813024704
EG,EGY,Egypt,EGY.22_1,EGY.22_1,Janub Sina',Janub Sina|Sina al-Janubiyah|Sina' al-Jan≈´bƒ´yah|Sinai al Jan≈´bƒ´a|South Sinai|Sud Sinaƒ´,Janub Sina',Muhafazah,Governorate,NA,EG.JS,NA,NA,NA,NA,Janūb Sīnā',South Sinai,جنوب سيناء,EG-JS,iso3166-2,NA,NA,NA,0.08427850466977607,0.6545421746548508,0,0.7245973813024704
EG,EGY,Egypt,EGY.23_1,EGY.23_1,Kafr ash Shaykh,Kafr-El-Sheikh|Kafr ash Shaikh|Kafr ash-Shayk|Kafr el Sheik|Kafr el Sheikh,Kafr ash Shaykh,Muhafazah,Governorate,NA,EG.KS,NA,NA,NA,NA,Kafr ash Shaykh,NA,كفر الشيخ,EG-KFS,iso3166-2,NA,NA,NA,0.1575163912879748,0.748433629742704,0,0.7245973813024704
EG,EGY,Egypt,EGY.24_1,EGY.24_1,Matrouh,MarsƒÅ Matr≈´h|Mersa Matruh|Western Desert|Matrouh,Matrouh,Muhafazah,Governorate,NA,EG.MT,NA,NA,NA,NA,Maţrūḩ,NA,مطروح,EG-MT,iso3166-2,NA,NA,NA,0,0.5918242637492409,0,0.7245973813024704
EG,EGY,Egypt,EGY.25_1,EGY.25_1,Qina,Kena|Qena|Quena,Qina,Muhafazah,Governorate,NA,EG.QN,NA,NA,NA,NA,Qinā,NA,قنا,EG-KN,iso3166-2,NA,NA,NA,0.1624940970174949,0.7482683691711881,0,0.7245973813024704
EG,EGY,Egypt,EGY.26_1,EGY.26_1,Shamal Sina',Shamal Sina|Nord Sina√Ø|North Sinai|Sina ash-ShamƒÅlƒ´yah|Sinai ash ShamƒÅlƒ´ya,Shamal Sina',Muhafazah,Governorate,NA,EG.SS,NA,NA,NA,NA,Shamāl Sīnā',North Sinai, شمال سيناء,EG-SIN,iso3166-2,NA,NA,NA,0.10563346548041634,0.6964154178901752,0,0.7245973813024704
EG,EGY,Egypt,EGY.27_1,EGY.27_1,Suhaj,Girga|Girgeh|SawhƒÅj|Sohag|Suhag,Suhaj,Muhafazah,Governorate,NA,EG.SJ,NA,NA,NA,NA,Sūhāj,Sohag,سوهاج,EG-SHG,iso3166-2,NA,NA,NA,0.16163374840899283,0.7909637419805908,0,0.7245973813024704
ES,ESP,Spain,ESP.1_1,ESP.1_1,Andaluc√≠a,Andalousie|Andaluc¬°a|Andalusien|Andaluzia,Andaluc√≠a,Comunidad Aut√≥noma,Autonomous Community,1,ES.AN,NA,NA,NA,NA,Andalucía,Andalusia,Andalucía,ES-AN,iso3166-2,NA,NA,NA,0.5303181289435135,0.6054640139194795,0.47926238827128914,0.624419381518917
ES,ESP,Spain,ESP.2_1,ESP.2_1,Arag√≥n,Arag√£o|Arag√≥|Arag√≥n|Aragona|Aragonien,Arag√≥n,Comunidad Aut√≥noma,Autonomous Community,15,ES.AR,NA,NA,NA,NA,Aragón,Aragon,Aragón,ES-AR,iso3166-2,NA,NA,NA,0.49325519910972837,0.5915435470611495,0.47926238827128914,0.624419381518917
ES,ESP,Spain,ESP.17_1,ESP.17_1,Principado de Asturias,Ast√∫rias|Asturie|Asturien|Asturies|Ast√∫ries|Asturias,Principado de Asturias,Comunidad Aut√≥noma,Autonomous Community,3,ES.AS,NA,NA,NA,NA,"Asturias, Principado de",Principality of Asturias,"Asturias, Principado de",ES-AS,iso3166-2,NA,NA,NA,0.5319646218677874,0.6293345433560964,0.47926238827128914,0.624419381518917
ES,ESP,Spain,ESP.14_1,ESP.14_1,Islas Canarias,Canarias|Canary Islands|Can√°rias|Ilhas Can√°rias|Canarie|√éles Canaries|Illes Can√†ries|Kanari√∏yene|Kanarische Inseln,Islas Canarias,Comunidad Aut√≥noma,Autonomous Community,5,ES.CN,NA,NA,NA,NA,Canarias,Canary Islands,Canarias,ES-CN,iso3166-2,NA,NA,NA,0.5787813340501756,0.6600294141448605,0.47926238827128914,0.624419381518917
ES,ESP,Spain,ESP.3_1,ESP.3_1,Cantabria,Cant√†bria|Cant√°bria|Cantabrie|Kantabrien,Cantabria,Comunidad Aut√≥noma,Autonomous Community,6,ES.CB,NA,NA,NA,NA,Cantabria,Cantabria,Cantabria,ES-CB,iso3166-2,NA,NA,NA,0.49401175677032705,0.6603415925586069,0.47926238827128914,0.624419381518917
ES,ESP,Spain,ESP.4_1,ESP.4_1,Castilla-La Mancha,Castela-La Mancha|Castela-Mancha|Castella-la Manxa|Castilha-La Mancha,Castilla-La Mancha,Comunidad Aut√≥noma,Autonomous Community,8,ES.CM,NA,NA,NA,NA,Castilla y León,Castile and León,Castilla y León,ES-CL,iso3166-2,NA,NA,NA,0.4959195756219231,0.6422812658474052,0.47926238827128914,0.624419381518917
ES,ESP,Spain,ESP.5_1,ESP.5_1,Castilla y Le√≥n,Castile and Leon|Castela e Le√£o|Castella i Lle√≥|Castile-Leon|Castilha-Le√£o|Castilla y Le√≥n|Castille et L√©on|Kastilien-Le√≥n,Castilla y Le√≥n,Comunidad Aut√≥noma,Autonomous Community,7,ES.CL,NA,NA,NA,NA,Castilla-La Mancha,Castile-La Mancha,Castilla-La Mancha,ES-CM,iso3166-2,NA,NA,NA,0.5351056566567228,0.67342716048802,0.47926238827128914,0.624419381518917
ES,ESP,Spain,ESP.6_1,ESP.6_1,Catalu√±a,Catalogna|Catalogne|Catalonia|Catalunha|Catalunya|Katalonien,Catalu√±a,Comunidad Aut√≥noma,Autonomous Community,9,ES.CT,NA,NA,NA,NA,Catalunya,Catalonia,Catalunya,ES-CT,iso3166-2,NA,NA,NA,0.5050959116177868,0.6807604314355569,0.47926238827128914,0.624419381518917
ES,ESP,Spain,NA,ES-CE,NA,NA,NA,NA,NA,NA,NA,NA,NA,NA,NA,Ceuta,NA,Ceuta,ES-CE,iso3166-2,NA,NA,NA,NA,NA,0.47926238827128914,0.624419381518917
ES,ESP,Spain,ESP.11_1,ESP.11_1,Extremadura,Estremadura|Estr√©madure,Extremadura,Comunidad Aut√≥noma,Autonomous Community,11,ES.EX,NA,NA,NA,NA,Extremadura,Extremadura,Extremadura,ES-EX,iso3166-2,NA,NA,NA,0.5462261006399061,0.6898040273779257,0.47926238827128914,0.624419381518917
ES,ESP,Spain,ESP.12_1,ESP.12_1,Galicia,Galice|Gal¬°cia|Galicien|Galiza|Galizia,Galicia,Comunidad Aut√≥noma,Autonomous Community,12,ES.GA,NA,NA,NA,NA,Galicia,Galicia,Galicia,ES-GA,iso3166-2,NA,NA,NA,0.5219069125671545,0.64460793669412,0.47926238827128914,0.624419381518917
ES,ESP,Spain,ESP.13_1,ESP.13_1,Islas Baleares,Balearic Islands|Balearen|Balearene|Baleares|Islas Baleares|Baleari|√éles Bal√©ares|Ilhas Baleares|Illes Balears,Islas Baleares,Comunidad Aut√≥noma,Autonomous Community,4,ES.PM,NA,NA,NA,NA,Illes Balears,Balearic Islands,Illes Balears,ES-IB,iso3166-2,NA,NA,NA,0.5110249724232997,0.678700803855528,0.47926238827128914,0.624419381518917
ES,ESP,Spain,ESP.15_1,ESP.15_1,La Rioja,Rioja,La Rioja,Comunidad Aut√≥noma,Autonomous Community,17,ES.LO,NA,NA,NA,NA,La Rioja,La Rioja,La Rioja,ES-RI,iso3166-2,NA,NA,NA,0.5065051564584477,0.6082976878587479,0.47926238827128914,0.624419381518917
ES,ESP,Spain,ESP.8_1,ESP.8_1,Comunidad de Madrid,Madrid|Communaut√© de Madrid| Community of Madrid|Comunidad de Madrid |Comunidade de Madrid|Comunitat de Madrid,Comunidad de Madrid,Comunidad Aut√≥noma,Autonomous Community,NA,ES.MD,NA,NA,NA,NA,"Madrid, Comunidad de",Community of Madrid,"Madrid, Comunidad de",ES-MD,iso3166-2,NA,NA,NA,0.5286240798915686,0.6519881943574763,0.47926238827128914,0.624419381518917
ES,ESP,Spain,NA,ES-ML,NA,NA,NA,NA,NA,NA,NA,NA,NA,NA,NA,Melilla,Melilla,Melilla,ES-ML,iso3166-2,NA,NA,NA,NA,NA,0.47926238827128914,0.624419381518917
ES,ESP,Spain,ESP.18_1,ESP.18_1,Regi√≥n de Murcia,Murcia|Regi√£o de M√∫rcia|Regi√≥ de M√∫rcia|R√©gion de Murcie|Region of Murcia,Regi√≥n de Murcia,Comunidad Aut√≥noma,Autonomous Community,14,ES.MU,NA,NA,NA,NA,"Murcia, Región de",Region of Murcia,"Murcia, Región de",ES-MC,iso3166-2,NA,NA,NA,0.5847697583284203,0.687005701846752,0.47926238827128914,0.624419381518917
ES,ESP,Spain,ESP.9_1,ESP.9_1,Comunidad Foral de Navarra,Communaut√© forale de Navarre|Comunidade Foral de Navarra|Comunitat Foral|Navarra,Comunidad Foral de Navarra,Comunidad Aut√≥noma,Autonomous Community,15,ES.NA,NA,NA,NA,NA,"Navarra, Comunidad Foral de",NA,"Navarra, Comunidad Foral de",ES-NC,iso3166-2,NA,NA,NA,0.5185799780964935,0.6176324597615133,0.47926238827128914,0.624419381518917
ES,ESP,Spain,ESP.16_1,ESP.16_1,Pa√≠s Vasco,Basque Country|Baskenland|Basque Autonomous Community|Basque Provinces|CAV|Comunidad Autonoma Vasca,Pa√≠s Vasco,Comunidad Aut√≥noma,Autonomous Community,16,ES.PV,NA,NA,NA,NA,País Vasco,Euskal Herria (eu),País Vasco,ES-PV,iso3166-2,NA,NA,NA,0.5244901054133712,0.596565047280355,0.47926238827128914,0.624419381518917
ES,ESP,Spain,ESP.10_1,ESP.10_1,Comunidad Valenciana,Valencia|Communaut√© de Valence|Comunidade Valenciana|Comunidad Valenciana|Comunitat Valenciana,Comunidad Valenciana,Comunidad Aut√≥noma,Autonomous Community,10,ES.VC,NA,NA,NA,NA,"Valenciana, Comunidad","Valenciana, Comunitat (ca)","Valenciana, Comunidad",ES-VC,iso3166-2,NA,NA,NA,0.5616938254859524,0.6463316596404922,0.47926238827128914,0.624419381518917
ET,ETH,Ethiopia,ETH.1_1,ETH.1_1,Addis Abeba,ƒÄddƒ´s ƒÄbaba|Addis Ababa|Adis-Abeba|ƒÄdƒ´s ƒÄbeba,Addis Abeba,Astedader,City,14,ET.AA,NA,NA,NA,NA,Ādīs Ābeba,Addis Ababa,አዲስ አበባ,ET-AA,iso3166-2,NA,NA,NA,0.4680437054568404,0.5882068637542247,0.45720531177996176,0.6024062472537045
ET,ETH,Ethiopia,ETH.2_1,ETH.2_1,Afar,NA,Afar,Kilil,State,2,ET.AF,NA,NA,NA,NA,Āfar,Afar,አፋር ክልል,ET-AF,iso3166-2,NA,NA,NA,0.5515665126660239,0.7129307237008182,0.45720531177996176,0.6024062472537045
ET,ETH,Ethiopia,ETH.3_1,ETH.3_1,Amhara,Amara,Amhara,Kilil,State,3,ET.AM,NA,NA,NA,NA,Āmara,Amara,አማራ,ET-AM,iso3166-2,NA,NA,NA,0.4772023014447742,0.5957933630871887,0.45720531177996176,0.6024062472537045
ET,ETH,Ethiopia,ETH.4_1,ETH.4_1,Benshangul-Gumaz,Beneshangul Gumu,Benshangul-Gumaz,Kilil,State,6,ET.BE,NA,NA,NA,NA,Bīnshangul Gumuz,Benshangul-Gumaz,ቤንሻንጉል ጉሙዝ,ET-BE,iso3166-2,NA,NA,NA,0.4527595012654078,0.6909804418473336,0.45720531177996176,0.6024062472537045
ET,ETH,Ethiopia,ETH.5_1,ETH.5_1,Dire Dawa,NA,Dire Dawa,Astedader,City,15,ET.DD,NA,NA,NA,NA,Dirē Dawa,Dire Dawa,ድሬ ዳዋ,ET-DD,iso3166-2,NA,NA,NA,0.6245689585189012,0.7610271922865116,0.45720531177996176,0.6024062472537045
ET,ETH,Ethiopia,ETH.6_1,ETH.6_1,Gambela Peoples,Gambela,Gambela Peoples,Kilil,State,12,ET.GA,NA,NA,NA,NA,Gambēla Hizboch,Gambela Peoples,ጋምቤላ,ET-GA,iso3166-2,NA,NA,NA,0.4593961557624534,0.3658210205679955,0.45720531177996176,0.6024062472537045
ET,ETH,Ethiopia,ETH.7_1,ETH.7_1,Harari People,Hareri,Harari People,Kilil,State,13,ET.HA,NA,NA,NA,NA,Hārerī Hizb,Harari People,ሐረሪ,ET-HA,iso3166-2,NA,NA,NA,0.6544375118553677,0.8439375868516006,0.45720531177996176,0.6024062472537045
ET,ETH,Ethiopia,ETH.8_1,ETH.8_1,Oromia,Oromiya,Oromia,Kilil,State,4,ET.OR,NA,NA,NA,NA,Oromīya,Oromia,Oromiyaa,ET-OR,iso3166-2,NA,NA,NA,0.5303904115477478,0.6558675907655371,0.45720531177996176,0.6024062472537045
ET,ETH,Ethiopia,ETH.9_1,ETH.9_1,Somali,Sumale,Somali,Kilil,State,5,ET.SO,NA,NA,NA,NA,Sumalē,Somali,Dawlada Deegaanka Soomaalida,ET-SO,iso3166-2,NA,NA,NA,0.619017642355209,0.8518225586328616,0.45720531177996176,0.6024062472537045
ET,ETH,Ethiopia,ETH.11_1,ETH.11_1,Tigray,Tegr√©|Tigrai|Tigre,Tigray,Kilil,State,1,ET.TI,NA,NA,NA,NA,Tigray,Tigrai,"ክልል ትግራይ,",ET-TI,iso3166-2,NA,NA,NA,0.4803681141912909,0.48323885150259144,0.45720531177996176,0.6024062472537045
ET,ETH,Ethiopia,ETH.10_1,ETH.10_1,"Southern Nations, Nationalities and Peoples",SNNPR,"Southern Nations, Nationalities and Peoples",Kilil,State,7,ET.SN,NA,NA,NA,NA,YeDebub Bihēroch Bihēreseboch na Hizboch,"Southern Nations, Nationalities and Peoples",የደቡብ ብሔር ብሔረሰቦችና ህዝቦች ክልል,ET-SN,iso3166-2,NA,NA,NA,0.495183743406918,0.5841075136118217,0.45720531177996176,0.6024062472537045
FI,FIN,Finland,NA,FI-01,NA,NA,NA,NA,NA,NA,NA,NA,NA,NA,NA,Åland,Åland,Åland,FI-01,iso3166-2,NA,NA,NA,0.3976378242427569,0.5345904767751309,0.29859821917725127,0.46885642911568415
FI,FIN,Finland,FIN.4.4_1,FIN.4.4_1,South Karelia,Etel√§-Karjala|S√∂dra Karelen,NA,Maakunta|landskap,Region,NA,NA,NA,NA,NA,NA,Etelä-Karjala,South Karelia,Etelä-Karjala,FI-02,iso3166-2,NA,NA,NA,0.36146475563255126,0.5026029082065943,0.29859821917725127,0.46885642911568415
FI,FIN,Finland,FIN.5.8_1,FIN.5.8_1,Southern Ostrobothnia,Etel√§-Pohjanmaa|Syd√∂sterbotten,NA,Maakunta|landskap,Region,NA,NA,NA,NA,NA,NA,Etelä-Pohjanmaa,Southern Ostrobothnia,Etelä-Pohjanmaa,FI-03,iso3166-2,NA,NA,NA,0.36053974002437106,0.4710567790729501,0.29859821917725127,0.46885642911568415
FI,FIN,Finland,FIN.1.4_1,FIN.1.4_1,Southern Savonia,Etel√§-Savo|S√∂dra Savolax,NA,Maakunta|landskap,Region,NA,NA,NA,NA,NA,NA,Etelä-Savo,Southern Savonia,Etelä-Savo,FI-04,iso3166-2,NA,NA,NA,0.40227323240446805,0.4745710563598107,0.29859821917725127,0.46885642911568415
FI,FIN,Finland,FIN.3.1_1,FIN.3.1_1,Kainuu,Kainuu|Kajanaland,NA,Maakunta|landskap,Region,NA,NA,NA,NA,NA,NA,Kainuu,Kainuu,Kainuu,FI-05,iso3166-2,NA,NA,NA,0.3373346251160054,0.515784407917465,0.29859821917725127,0.46885642911568415
FI,FIN,Finland,FIN.5.9_1,FIN.5.9_1,Tavastia Proper,Kanta-H√§me|Egentliga Tavastland,NA,Maakunta|landskap,Region,NA,NA,NA,NA,NA,NA,Kanta-Häme,Tavastia Proper,Kanta-Häme,FI-06,iso3166-2,NA,NA,NA,0.3687692555977203,0.5078790494928405,0.29859821917725127,0.46885642911568415
FI,FIN,Finland,FIN.5.2_1,FIN.5.2_1,Central Ostrobothnia,Keski-Pohjanmaa|Mellersta √ñsterbotten,NA,Maakunta|landskap,Region,NA,NA,NA,NA,NA,NA,Keski-Pohjanmaa,Central Ostrobothnia,Keski-Pohjanmaa,FI-07,iso3166-2,NA,NA,NA,0.350628529876171,0.5000951623435442,0.29859821917725127,0.46885642911568415
FI,FIN,Finland,FIN.5.1_1,FIN.5.1_1,Central Finland,Keski-Suomi|Mellersta Finland,NA,Maakunta|landskap,Region,NA,NA,NA,NA,NA,NA,Keski-Suomi,Central Finland,Keski-Suomi,FI-08,iso3166-2,NA,NA,NA,0.3838034391912716,0.5124801773829276,0.29859821917725127,0.46885642911568415
FI,FIN,Finland,FIN.4.2_1,FIN.4.2_1,Kymenlaakso,Kymenlaakso|Kymmenedalen,NA,Maakunta|landskap,Region,NA,NA,NA,NA,NA,NA,Kymenlaakso,Kymenlaakso,Kymenlaakso,FI-09,iso3166-2,NA,NA,NA,0.38855564515897606,0.49212480113411017,0.29859821917725127,0.46885642911568415
FI,FIN,Finland,FIN.2.1_1,FIN.2.1_1,Lapland,Lappi|Lappland,NA,Maakunta|landskap,Region,NA,NA,NA,NA,NA,NA,Lappi,Lapland,Lappi,FI-10,iso3166-2,NA,NA,NA,0.34846432078706246,0.5033586965730483,0.29859821917725127,0.46885642911568415
FI,FIN,Finland,NA,FI-16,NA,NA,NA,NA,NA,NA,NA,NA,NA,NA,NA,Päijät-Häme,Päijänne Tavastia,Päijät-Häme,FI-16,iso3166-2,NA,NA,NA,0.39488097522499677,0.504406988191518,0.29859821917725127,0.46885642911568415
FI,FIN,Finland,FIN.5.6_1,FIN.5.6_1,Pirkanmaa,Pirkanmaa|Birkaland,NA,Maakunta|landskap,Region,NA,NA,NA,NA,NA,NA,Pirkanmaa,Pirkanmaa,Pirkanmaa,FI-11,iso3166-2,NA,NA,NA,0.3504480224157615,0.5355732113144542,0.29859821917725127,0.46885642911568415
FI,FIN,Finland,FIN.5.4_1,FIN.5.4_1,Ostrobothnia,√ñsterbotten|Pohjanmaa,NA,Maakunta|landskap,Region,NA,NA,NA,NA,NA,NA,Pohjanmaa,Ostrobothnia,Pohjanmaa,FI-12,iso3166-2,NA,NA,NA,0.3570776390302478,0.4791740853100007,0.29859821917725127,0.46885642911568415
FI,FIN,Finland,FIN.1.1_1,FIN.1.1_1,North Karelia,Pohjois-Karjala|Norra Karelen,NA,Maakunta|landskap,Region,NA,NA,NA,NA,NA,NA,Pohjois-Karjala,North Karelia,Pohjois-Karjala,FI-13,iso3166-2,NA,NA,NA,0.3483937415999466,0.4704280567255531,0.29859821917725127,0.46885642911568415
FI,FIN,Finland,FIN.3.2_1,FIN.3.2_1,Northern Ostrobothnia,Pohjois-Pohjanmaa|Norra √ñsterbotten,NA,Maakunta|landskap,Region,NA,NA,NA,NA,NA,NA,Pohjois-Pohjanmaa,Northern Ostrobothnia,Pohjois-Pohjanmaa,FI-14,iso3166-2,NA,NA,NA,0.3492836562131844,0.45335903988744236,0.29859821917725127,0.46885642911568415
FI,FIN,Finland,FIN.1.2_1,FIN.1.2_1,North Savonia,Pohjois-Savo|Norra Savolax,NA,Maakunta|landskap,Region,NA,NA,NA,NA,NA,NA,Pohjois-Savo,Northern Savonia,Pohjois-Savo,FI-15,iso3166-2,NA,NA,NA,0.3719697996758728,0.4835709986279578,0.29859821917725127,0.46885642911568415
FI,FIN,Finland,FIN.5.7_1,FIN.5.7_1,Satakunta,Satakunta|Satakunda,NA,Maakunta|landskap,Region,NA,NA,NA,NA,NA,NA,Satakunta,Satakunta,Satakunta,FI-17,iso3166-2,NA,NA,NA,0.3824184600523078,0.4831285966822748,0.29859821917725127,0.46885642911568415
FI,FIN,Finland,NA,FI-18,NA,NA,NA,NA,NA,NA,NA,NA,NA,NA,NA,Uusimaa,Uusimaa,Uusimaa,FI-18,iso3166-2,NA,NA,NA,0.42193078236162723,0.5744910531869813,0.29859821917725127,0.46885642911568415
FI,FIN,Finland,FIN.5.3_1,FIN.5.3_1,Finland Proper,Varsinais-Suomi|Egentliga Finland,NA,Maakunta|landskap,Region,NA,NA,NA,NA,NA,NA,Varsinais-Suomi,Southwest Finland,Varsinais-Suomi,FI-19,iso3166-2,NA,NA,NA,0.3888209904717604,0.5261171468454205,0.29859821917725127,0.46885642911568415
FR,FRA,France,FRA.1_1,FRA.1_1,Auvergne-Rh√¥ne-Alpes,NA,Auvergne-Rh√¥ne-Alpes,R√©gion,Region,NA,FR.AR,NA,NA,NA,NA,Auvergne-Rhône-Alpes,NA,Auvergne-Rhône-Alpes,FR-ARA,iso3166-2,NA,NA,NA,0.4113445543909297,0.6096628773872487,0.3279255932949331,0.5718334830026592
FR,FRA,France,FRA.2_1,FRA.2_1,Bourgogne-Franche-Comt√©,NA,Bourgogne-Franche-Comt√©,R√©gion,Region,NA,FR.BF,NA,NA,NA,NA,Bourgogne-Franche-Comté,NA,Bourgogne-Franche-Comté,FR-BFC,iso3166-2,NA,NA,NA,0.40633567442081975,0.6002819434791723,0.3279255932949331,0.5718334830026592
FR,FRA,France,FRA.3_1,FRA.3_1,Bretagne,NA,Bretagne,R√©gion,Region,NA,FR.BT,NA,NA,NA,NA,Bretagne,NA,Bretagne,FR-BRE,iso3166-2,NA,NA,NA,0.41120294645580335,0.5898653827265045,0.3279255932949331,0.5718334830026592
FR,FRA,France,FRA.4_1,FRA.4_1,Centre-Val de Loire,NA,Centre-Val de Loire,R√©gion,Region,NA,FR.CN,NA,NA,NA,NA,Centre-Val de Loire,NA,Centre-Val de Loire,FR-CVL,iso3166-2,NA,NA,NA,0.4171534882471661,0.603248983520008,0.3279255932949331,0.5718334830026592
FR,FRA,France,FRA.5_1,FRA.5_1,Corse,Corsica,Corse,R√©gion,Region,NA,FR.CE,NA,NA,NA,NA,Corse,NA,Corse,FR-COR,iso3166-2,NA,NA,NA,0.39868406003262996,0.6175894994453339,0.3279255932949331,0.5718334830026592
FR,FRA,France,FRA.6_1,FRA.6_1,Grand Est,NA,Grand Est,R√©gion,Region,NA,FR.AO,NA,NA,NA,NA,Grand-Est,NA,Grand-Est,FR-GES,iso3166-2,NA,NA,NA,0.401994703486456,0.5933355484570809,0.3279255932949331,0.5718334830026592
FR,FRA,France,FRA.7_1,FRA.7_1,Hauts-de-France,NA,Hauts-de-France,R√©gion,Region,NA,FR.NC,NA,NA,NA,NA,Hauts-de-France,NA,Hauts-de-France,FR-HDF,iso3166-2,NA,NA,NA,0.40372000253172236,0.597632085880028,0.3279255932949331,0.5718334830026592
FR,FRA,France,FRA.8_1,FRA.8_1,√éle-de-France,NA,√éle-de-France,R√©gion,Region,NA,FR.IF,NA,NA,NA,NA,Île-de-France,NA,Île-de-France,FR-IDF,iso3166-2,NA,NA,NA,0.4238953924866348,0.593319011987578,0.3279255932949331,0.5718334830026592
FR,FRA,France,FRA.9_1,FRA.9_1,Normandie,NA,Normandie,R√©gion,Region,NA,FR.ND,NA,NA,NA,NA,Normandie,NA,Normandie,FR-NOR,iso3166-2,NA,NA,NA,0.37869745398077387,0.6146828924304777,0.3279255932949331,0.5718334830026592
FR,FRA,France,FRA.10_1,FRA.10_1,Nouvelle-Aquitaine,NA,Nouvelle-Aquitaine,R√©gion,Region,NA,FR.AC,NA,NA,NA,NA,Nouvelle-Aquitaine,NA,Nouvelle-Aquitaine,FR-NAQ,iso3166-2,NA,NA,NA,0.40659759267587947,0.6154499219976154,0.3279255932949331,0.5718334830026592
FR,FRA,France,FRA.11_1,FRA.11_1,Occitanie,NA,Occitanie,R√©gion,Region,NA,FR.LP,NA,NA,NA,NA,Occitanie,NA,Occitanie,FR-OCC,iso3166-2,NA,NA,NA,0.40260292683294036,0.624218238895458,0.3279255932949331,0.5718334830026592
FR,FRA,France,FRA.12_1,FRA.12_1,Pays de la Loire,NA,Pays de la Loire,R√©gion,Region,NA,FR.PL,NA,NA,NA,NA,Pays-de-la-Loire,NA,Pays-de-la-Loire,FR-PDL,iso3166-2,NA,NA,NA,0.3840738543607161,0.6150186201848599,0.3279255932949331,0.5718334830026592
FR,FRA,France,FRA.13_1,FRA.13_1,Provence-Alpes-C√¥te d'Azur,NA,Provence-Alpes-C√¥te d'Azur,R√©gion,Region,NA,FR.PR,NA,NA,NA,NA,Provence-Alpes-Côte-d’Azur,NA,Provence-Alpes-Côte-d’Azur,FR-PAC,iso3166-2,NA,NA,NA,0.4166333340062957,0.5959306209684557,0.3279255932949331,0.5718334830026592
GA,GAB,Gabon,GAB.1_1,GAB.1_1,Estuaire,NA,Estuaire,Province,Province,NA,GA.ES,NA,NA,NA,NA,Estuaire,NA,Estuaire,GA-1,iso3166-2,NA,NA,NA,0.5908908301727754,0.6354812109780915,0.5341632635579051,0.5868947490728766
GA,GAB,Gabon,GAB.2_1,GAB.2_1,Haut-Ogoou√©,NA,Haut-Ogoou√©,Province,Province,NA,GA.HO,NA,NA,NA,NA,Haut-Ogooué,NA,Haut-Ogooué,GA-2,iso3166-2,NA,NA,NA,0.5287884614828778,0.5756972103856084,0.5341632635579051,0.5868947490728766
GA,GAB,Gabon,GAB.3_1,GAB.3_1,Moyen-Ogoou√©,NA,Moyen-Ogoou√©,Province,Province,NA,GA.MO,NA,NA,NA,NA,Moyen-Ogooué,NA,Moyen-Ogooué,GA-3,iso3166-2,NA,NA,NA,0.6003583964088015,0.6461568754706063,0.5341632635579051,0.5868947490728766
GA,GAB,Gabon,GAB.4_1,GAB.4_1,Ngouni√©,N'Gouni√©,Ngouni√©,Province,Province,NA,GA.NG,NA,NA,NA,NA,Ngounié,NA,Ngounié,GA-4,iso3166-2,NA,NA,NA,0.5699028119749711,0.6448333959047934,0.5341632635579051,0.5868947490728766
GA,GAB,Gabon,GAB.5_1,GAB.5_1,Nyanga,NA,Nyanga,Province,Province,NA,GA.NY,NA,NA,NA,NA,Nyanga,NA,Nyanga,GA-5,iso3166-2,NA,NA,NA,0.6123262360376386,0.606601378150264,0.5341632635579051,0.5868947490728766
GA,GAB,Gabon,GAB.6_1,GAB.6_1,Ogoou√©-Ivindo,NA,Ogoou√©-Ivindo,Province,Province,NA,GA.OI,NA,NA,NA,NA,Ogooué-Ivindo,NA,Ogooué-Ivindo,GA-6,iso3166-2,NA,NA,NA,0.5708932653950864,0.6370526029665083,0.5341632635579051,0.5868947490728766
GA,GAB,Gabon,GAB.7_1,GAB.7_1,Ogoou√©-Lolo,NA,Ogoou√©-Lolo,Province,Province,NA,GA.OL,NA,NA,NA,NA,Ogooué-Lolo,NA,Ogooué-Lolo,GA-7,iso3166-2,NA,NA,NA,0.5528910659021021,0.5640347704029781,0.5341632635579051,0.5868947490728766
GA,GAB,Gabon,GAB.8_1,GAB.8_1,Ogoou√©-Maritime,NA,Ogoou√©-Maritime,Province,Province,NA,GA.OM,NA,NA,NA,NA,Ogooué-Maritime,NA,Ogooué-Maritime,GA-8,iso3166-2,NA,NA,NA,0.5907313126260209,0.6672253278799122,0.5341632635579051,0.5868947490728766
GA,GAB,Gabon,GAB.9_1,GAB.9_1,Wouleu-Ntem,Woleu-Ntem,Wouleu-Ntem,Province,Province,NA,GA.WN,NA,NA,NA,NA,Woleu-Ntem,NA,Woleu-Ntem,GA-9,iso3166-2,NA,NA,NA,0.6083348720238148,0.6114469863079709,0.5341632635579051,0.5868947490728766
GB,GBR,United Kingdom,NA,UKF,NA,NA,NA,NA,NA,NA,NA,NA,NA,NA,NA,East Midlands,NA,East Midlands,UKF,nuts1,NA,NA,NA,0.3352193865047717,0.5405192128372667,0.26363835421665277,0.5057520383758772
GB,GBR,United Kingdom,NA,UKH,NA,NA,NA,NA,NA,NA,NA,NA,NA,NA,NA,East of England,NA,East of England,UKH,nuts1,NA,NA,NA,0.34385931044046864,0.5251827559386362,0.26363835421665277,0.5057520383758772
GB,GBR,United Kingdom,NA,UKI,NA,NA,NA,NA,NA,NA,NA,NA,NA,NA,NA,London,NA,London,UKI,nuts1,NA,NA,NA,0.41101910602350206,0.5780816806740323,0.26363835421665277,0.5057520383758772
GB,GBR,United Kingdom,NA,UKC,NA,NA,NA,NA,NA,NA,NA,NA,NA,NA,NA,North East,NA,North East,UKC,nuts1,NA,NA,NA,0.3171808700057717,0.48054377706952967,0.26363835421665277,0.5057520383758772
GB,GBR,United Kingdom,NA,UKD,NA,NA,NA,NA,NA,NA,NA,NA,NA,NA,NA,North West,NA,North West,UKD,nuts1,NA,NA,NA,0.3552706885473854,0.5584479775283675,0.26363835421665277,0.5057520383758772
GB,GBR,United Kingdom,NA,UKN,NA,NA,NA,NA,NA,NA,NA,NA,NA,NA,NA,Northern Ireland,NA,Northern Ireland,UKN,nuts1,NA,NA,NA,0.3141196805427755,0.5539207442226329,0.26363835421665277,0.5057520383758772
GB,GBR,United Kingdom,NA,UKM,NA,NA,NA,NA,NA,NA,NA,NA,NA,NA,NA,Scotland,NA,Scotland,UKM,nuts1,NA,NA,NA,0.3659963196922637,0.5468848330394845,0.26363835421665277,0.5057520383758772
GB,GBR,United Kingdom,NA,UKJ,NA,NA,NA,NA,NA,NA,NA,NA,NA,NA,NA,South East,NA,South East,UKJ,nuts1,NA,NA,NA,0.3333216075996147,0.5650275820072481,0.26363835421665277,0.5057520383758772
GB,GBR,United Kingdom,NA,UKK,NA,NA,NA,NA,NA,NA,NA,NA,NA,NA,NA,South West,NA,South West,UKK,nuts1,NA,NA,NA,0.37188250160705644,0.583239767417456,0.26363835421665277,0.5057520383758772
GB,GBR,United Kingdom,NA,UKL,NA,NA,NA,NA,NA,NA,NA,NA,NA,NA,NA,Wales,NA,Wales,UKL,nuts1,NA,NA,NA,0.3913010341214965,0.5662127846754816,0.26363835421665277,0.5057520383758772
GB,GBR,United Kingdom,NA,UKG,NA,NA,NA,NA,NA,NA,NA,NA,NA,NA,NA,West Midlands,NA,West Midlands,UKG,nuts1,NA,NA,NA,0.34006935843972974,0.5303428868139698,0.26363835421665277,0.5057520383758772
GB,GBR,United Kingdom,NA,UKE,NA,NA,NA,NA,NA,NA,NA,NA,NA,NA,NA,Yorkshire and the Humber,NA,Yorkshire and the Humber,UKE,nuts1,NA,NA,NA,0.3455426713662097,0.526981818999983,0.26363835421665277,0.5057520383758772
GD,GRD,Grenada,GRD.2_1,GRD.2_1,Saint Andrew,NA,Saint Andrew,Parish,Parish,NA,GD.AN,nat,Grenada,NA,NA,Saint Andrew,NA,Saint Andrew,GD-01,iso3166-2,NA,NA,NA,NA,NA,NA,NA
GD,GRD,Grenada,GRD.3_1,GRD.3_1,Saint David,NA,Saint David,Parish,Parish,NA,GD.DA,nat,Grenada,NA,NA,Saint David,NA,Saint David,GD-02,iso3166-2,NA,NA,NA,NA,NA,NA,NA
GD,GRD,Grenada,GRD.4_1,GRD.4_1,Saint George,Saint George's,Saint George,Parish,Parish,NA,GD.GE,nat,Grenada,NA,NA,Saint George,NA,Saint George,GD-03,iso3166-2,NA,NA,NA,NA,NA,NA,NA
GD,GRD,Grenada,GRD.5_1,GRD.5_1,Saint John,NA,Saint John,Parish,Parish,NA,GD.JO,nat,Grenada,NA,NA,Saint John,NA,Saint John,GD-04,iso3166-2,NA,NA,NA,NA,NA,NA,NA
GD,GRD,Grenada,GRD.6_1,GRD.6_1,Saint Mark,NA,Saint Mark,Parish,Parish,NA,GD.MA,nat,Grenada,NA,NA,Saint Mark,NA,Saint Mark,GD-05,iso3166-2,NA,NA,NA,NA,NA,NA,NA
GD,GRD,Grenada,GRD.7_1,GRD.7_1,Saint Patrick,NA,Saint Patrick,Parish,Parish,NA,GD.PA,nat,Grenada,NA,NA,Saint Patrick,NA,Saint Patrick,GD-06,iso3166-2,NA,NA,NA,NA,NA,NA,NA
GD,GRD,Grenada,GRD.1_1,GRD.1_1,Carriacou,NA,Carriacou,Dependency,Dependency,NA,GD.CA,nat,Grenada,NA,NA,Southern Grenadine Islands,Carriacou,Carriacou,GD-10,iso3166-2,NA,NA,NA,NA,NA,NA,NA
GE,GEO,Georgia,GEO.1_1,GEO.1_1,Abkhazia,Sokhumi,Abkhazia,Avtonomiuri Respublika,Autonomous Republic,NA,GE.AB,NA,NA,NA,NA,Abkhazia,Apkhazeti,აფხაზეთი,GE-AB,iso3166-2,NA,NA,NA,NA,NA,0.5354084586256385,0.5876370483053863
GE,GEO,Georgia,GEO.2_1,GEO.2_1,Ajaria,Batumi,Ajaria,Avtonomiuri Respublika,Autonomous Republic,NA,GE.AJ,NA,NA,NA,NA,Ajaria,Ach'ara,აჭარა,GE-AJ,iso3166-2,NA,NA,NA,0.5850596140985084,0.8246000528026964,0.5354084586256385,0.5876370483053863
GE,GEO,Georgia,GEO.3_1,GEO.3_1,Guria,Ozurgeti,Guria,Region,Region,NA,GE.GU,NA,NA,NA,NA,Guria,NA,გურია,GE-GU,iso3166-2,NA,NA,NA,0.5943918348009216,0.62839824154322,0.5354084586256385,0.5876370483053863
GE,GEO,Georgia,GEO.4_1,GEO.4_1,Imereti,Kutaisi,Imereti,Region,Region,NA,GE.IM,NA,NA,NA,NA,Imereti,NA,იმერეთი,GE-IM,iso3166-2,NA,NA,NA,0.5635668116109577,0.6583285456562602,0.5354084586256385,0.5876370483053863
GE,GEO,Georgia,GEO.5_1,GEO.5_1,Kakheti,Telavi,Kakheti,Region,Region,NA,GE.KA,NA,NA,NA,NA,K'akheti,NA,კახეთი,GE-KA,iso3166-2,NA,NA,NA,0.5983037493308555,0.6616704443749329,0.5354084586256385,0.5876370483053863
GE,GEO,Georgia,GEO.6_1,GEO.6_1,Kvemo Kartli,Rustavi,Kvemo Kartli,Region,Region,NA,GE.KK,NA,NA,NA,NA,Kvemo Kartli,NA,ქვემო ქართლი,GE-KK,iso3166-2,NA,NA,NA,0.5766901177486582,0.5041018013558638,0.5354084586256385,0.5876370483053863
GE,GEO,Georgia,GEO.7_1,GEO.7_1,Mtskheta-Mtianeti,Mtskheta,Mtskheta-Mtianeti,Region,Region,NA,GE.MM,NA,NA,NA,NA,Mtskheta-Mtianeti,NA,მცხეთა-მთიანეთი,GE-MM,iso3166-2,NA,NA,NA,0.5371266677444474,0.5700905665286544,0.5354084586256385,0.5876370483053863
GE,GEO,Georgia,GEO.8_1,GEO.8_1,Racha-Lechkhumi-Kvemo Svaneti,Ambrolauri,Racha-Lechkhumi-Kvemo Svaneti,Region,Region,NA,GE.RK,NA,NA,NA,NA,Rach'a-Lechkhumi-Kvemo Svaneti,NA,რაჭა-ლეჩხუმი და ქვემო სვანეთი,GE-RL,iso3166-2,NA,NA,NA,0.6966290557709982,0.7491476191404706,0.5354084586256385,0.5876370483053863
GE,GEO,Georgia,GEO.9_1,GEO.9_1,Samegrelo-Zemo Svaneti,Zugdidi,Samegrelo-Zemo Svaneti,Region,Region,NA,GE.SZ,NA,NA,NA,NA,Samegrelo-Zemo Svaneti,NA,სამეგრელო-ზემო სვანეთი,GE-SZ,iso3166-2,NA,NA,NA,0.5627668417773397,0.6363372293359374,0.5354084586256385,0.5876370483053863
GE,GEO,Georgia,GEO.10_1,GEO.10_1,Samtskhe-Javakheti,Akhaltsikhe,Samtskhe-Javakheti,Region,Region,NA,GE.SJ,NA,NA,NA,NA,Samtskhe-Javakheti,NA,სამცხე-ჯავახეთი,GE-SJ,iso3166-2,NA,NA,NA,0.5298562847024567,0.628934646240678,0.5354084586256385,0.5876370483053863
GE,GEO,Georgia,GEO.11_1,GEO.11_1,Shida Kartli,Gori,Shida Kartli,Region,Region,NA,GE.SD,NA,NA,NA,NA,Shida Kartli,NA,შიდა ქართლი,GE-SK,iso3166-2,NA,NA,NA,0.49167518398221693,0.47894171752945863,0.5354084586256385,0.5876370483053863
GE,GEO,Georgia,GEO.12_1,GEO.12_1,Tbilisi,NA,Tbilisi,K'alak'i,Independent City,NA,GE.TB,NA,NA,NA,NA,Tbilisi,NA,თბილისი,GE-TB,iso3166-2,NA,NA,NA,0.59521385173427,0.5989027831194003,0.5354084586256385,0.5876370483053863
GH,GHA,Ghana,NA,GH-AF,NA,NA,NA,NA,NA,NA,NA,NA,NA,NA,NA,Ahafo,NA,Ahafo,GH-AF,iso3166-2,NA,NA,NA,0.528075301181877,0.5015176025523402,0.4181402526440174,0.4570721545901402
GH,GHA,Ghana,GHA.1_1,GHA.1_1,Ashanti,NA,Ashanti,Region,Region,NA,GH.AH,NA,NA,NA,NA,Ashanti,NA,Ashanti,GH-AH,iso3166-2,NA,NA,NA,0.44059835252555957,0.36767754107584577,0.4181402526440174,0.4570721545901402
GH,NA,Ghana,NA,GH-BO,NA,NA,NA,NA,NA,NA,NA,NA,NA,NA,NA,Bono,NA,Bono,GH-BO,iso3166-2,NA,NA,NA,0.5294158115207019,0.48810411926885117,0.4181402526440174,0.4570721545901402
GH,NA,Ghana,NA,GH-BE,NA,NA,NA,NA,NA,NA,NA,NA,NA,NA,NA,Bono East,NA,Bono East,GH-BE,iso3166-2,NA,NA,NA,0.47489931519078304,0.48309797203996424,0.4181402526440174,0.4570721545901402
GH,GHA,Ghana,GHA.3_1,GHA.3_1,Central,NA,Central,Region,Region,NA,GH.CP,NA,NA,NA,NA,Central,NA,Central,GH-CP,iso3166-2,NA,NA,NA,0.5094992141549524,0.5807483762216398,0.4181402526440174,0.4570721545901402
GH,GHA,Ghana,GHA.4_1,GHA.4_1,Eastern,NA,Eastern,Region,Region,NA,GH.EP,NA,NA,NA,NA,Eastern,NA,Eastern,GH-EP,iso3166-2,NA,NA,NA,0.5184844637239836,0.5241747318454416,0.4181402526440174,0.4570721545901402
GH,GHA,Ghana,GHA.5_1,GHA.5_1,Greater Accra,NA,Greater Accra,Region,Region,NA,GH.AA,NA,NA,NA,NA,Greater Accra,NA,Greater Accra,GH-AA,iso3166-2,NA,NA,NA,0.47114227510791745,0.5457963144995535,0.4181402526440174,0.4570721545901402
GH,GHA,Ghana,NA,GH-NE,NA,NA,NA,NA,NA,NA,NA,NA,NA,NA,NA,North East,NA,North East,GH-NE,iso3166-2,NA,NA,NA,0.5352766062930582,0.5420625459348771,0.4181402526440174,0.4570721545901402
GH,GHA,Ghana,GHA.6_1,GH-NP,Northern,NA,Northern,Region,Region,NA,GH.NP,NA,NA,NA,NA,Northern,NA,Northern,GH-NP,iso3166-2,NA,NA,NA,0.46368275209094995,0.580125613485933,0.4181402526440174,0.4570721545901402
GH,GHA,Ghana,NA,GH-OT,NA,NA,NA,NA,NA,NA,NA,NA,NA,NA,NA,Oti,NA,Oti,GH-OT,iso3166-2,NA,NA,NA,0.4911418073315943,0.5124303710546354,0.4181402526440174,0.4570721545901402
GH,GHA,Ghana,NA,GH-SV,NA,NA,NA,NA,NA,NA,NA,NA,NA,NA,NA,Savannah,NA,Savannah,GH-SV,iso3166-2,NA,NA,NA,0.4781732683066102,0.5290318169412097,0.4181402526440174,0.4570721545901402
GH,GHA,Ghana,GHA.7_1,GHA.7_1,Upper East,NA,Upper East,Region,Region,NA,GH.UE,NA,NA,NA,NA,Upper East,NA,Upper East,GH-UE,iso3166-2,NA,NA,NA,0.5721362045133964,0.5701666407231141,0.4181402526440174,0.4570721545901402
GH,GHA,Ghana,GHA.8_1,GHA.8_1,Upper West,NA,Upper West,Region,Region,NA,GH.UW,NA,NA,NA,NA,Upper West,NA,Upper West,GH-UW,iso3166-2,NA,NA,NA,0.48929272834437176,0.6702504331170319,0.4181402526440174,0.4570721545901402
GH,GHA,Ghana,GHA.9_1,GH-TV,Volta,NA,Volta,Region,Region,NA,GH.TV,NA,NA,NA,NA,Volta,NA,Volta,GH-TV,iso3166-2,NA,NA,NA,0.5148436940122844,0.5808497354521431,0.4181402526440174,0.4570721545901402
GH,GHA,Ghana,GHA.10_1,GH-WP,Western,NA,Western,Region,Region,NA,GH.WP,NA,NA,NA,NA,Western,NA,Western,GH-WP,iso3166-2,NA,NA,NA,0.4235198271630266,0.5148097859068522,0.4181402526440174,0.4570721545901402
GH,GHA,Ghana,NA,GH-WN,NA,NA,NA,NA,NA,NA,NA,NA,NA,NA,NA,Western North,NA,Western North,GH-WN,iso3166-2,NA,NA,NA,0.44544388901666376,0.6182479538917669,0.4181402526440174,0.4570721545901402
GM,GMB,Gambia,GMB.1_1,GMB.1_1,Banjul,NA,Banjul,Independent City,Independent City,NA,GM.BJ,NA,NA,NA,NA,Banjul,NA,Banjul,GM-B,iso3166-2,NA,NA,NA,NA,NA,0.533341805077901,0.6817468903382675
GM,GMB,Gambia,GMB.3_1,GMB.3_1,Maccarthy Island,Central River|Jangjangbureh|Janjanbureh|Janjangburreh,Maccarthy Island,Division,Division,NA,GM.MC,NA,NA,NA,NA,Central River,NA,Central River,GM-M,iso3166-2,NA,NA,NA,0.5600378715463323,0.6747665801003637,0.533341805077901,0.6817468903382675
GM,GMB,Gambia,GMB.2_1,GMB.2_1,Lower River,Central|South Bank,Lower River,Division,Division,NA,GM.LR,NA,NA,NA,NA,Lower River,NA,Lower River,GM-L,iso3166-2,NA,NA,NA,0.506126377409683,0.6578346843452634,0.533341805077901,0.6817468903382675
GM,GMB,Gambia,GMB.4_1,GMB.4_1,North Bank,NA,North Bank,Division,Division,NA,GM.NB,NA,NA,NA,NA,North Bank,NA,North Bank,GM-N,iso3166-2,NA,NA,NA,0.5838681634279503,0.7264483602102848,0.533341805077901,0.6817468903382675
GM,GMB,Gambia,GMB.5_1,GMB.5_1,Upper River,NA,Upper River,Division,Division,NA,GM.UR,NA,NA,NA,NA,Upper River,NA,Upper River,GM-U,iso3166-2,NA,NA,NA,0.5678528749329299,0.6513132984161262,0.533341805077901,0.6817468903382675
GM,GMB,Gambia,GMB.6_1,GMB.6_1,Western,NA,Western,Division,Division,NA,GM.WE,NA,NA,NA,NA,Western,NA,Western,GM-W,iso3166-2,NA,NA,NA,0.5815829622833594,0.6976429382277464,0.533341805077901,0.6817468903382675
GN,GIN,Guinea,GIN.1_1,GIN.1_1,Bok√©,NA,Bok√©,Region,Region,NA,NA,NA,NA,NA,NA,Boké,NA,Boké,GN-B,iso3166-2,NA,NA,NA,0.6317737407028179,0.5973798237956616,0.5981293266806242,0.605864568176645
GN,GIN,Guinea,GIN.2_1,GIN.2_1,Conakry,NA,Conakry,Region,Region,NA,NA,NA,NA,NA,NA,Conakry,NA,Conakry,GN-C,iso3166-2,NA,NA,NA,0.6149338645260184,0.6719057739259948,0.5981293266806242,0.605864568176645
GN,GIN,Guinea,GIN.3_1,GIN.3_1,Faranah,NA,Faranah,Region,Region,NA,NA,NA,NA,NA,NA,Faranah,NA,Faranah,GN-F,iso3166-2,NA,NA,NA,0.6789383070639685,0.6572875771447148,0.5981293266806242,0.605864568176645
GN,GIN,Guinea,GIN.4_1,GIN.4_1,Kankan,NA,Kankan,Region,Region,NA,NA,NA,NA,NA,NA,Kankan,NA,Kankan,GN-K,iso3166-2,NA,NA,NA,0.5903580765698122,0.6157778309038755,0.5981293266806242,0.605864568176645
GN,GIN,Guinea,GIN.5_1,GIN.5_1,Kindia,NA,Kindia,Region,Region,NA,NA,NA,NA,NA,NA,Kindia,NA,Kindia,GN-D,iso3166-2,NA,NA,NA,0.689333029183072,0.6216285895200627,0.5981293266806242,0.605864568176645
GN,GIN,Guinea,GIN.6_1,GIN.6_1,Lab√©,NA,Lab√©,Region,Region,NA,NA,NA,NA,NA,NA,Labé,NA,Labé,GN-L,iso3166-2,NA,NA,NA,0.5949599566832772,0.6547993967869585,0.5981293266806242,0.605864568176645
GN,GIN,Guinea,GIN.7_1,GIN.7_1,Mamou,NA,Mamou,Region,Region,NA,NA,NA,NA,NA,NA,Mamou,NA,Mamou,GN-M,iso3166-2,NA,NA,NA,0.5916733659556933,0.6336688397118311,0.5981293266806242,0.605864568176645
GN,GIN,Guinea,GIN.8_1,GIN.8_1,Nz√©r√©kor√©,NA,Nz√©r√©kor√©,Region,Region,NA,NA,NA,NA,NA,NA,Nzérékoré,NA,Nzérékoré,GN-N,iso3166-2,NA,NA,NA,0.6052738583525903,0.6114511050682174,0.5981293266806242,0.605864568176645
GR,GRC,Greece,GRC.6.2_1,GRC.6.2_1,East Macedonia and Thrace,NA,ŒëŒΩŒ±œÑŒøŒªŒπŒ∫ŒÆ ŒúŒ±Œ∫ŒµŒ¥ŒøŒΩŒØŒ± Œ∫Œ±Œπ ŒòœÅŒ¨Œ∫Œ∑,Perif√©reia,Region,NA,NA,NA,NA,NA,NA,Anatolikí Makedonía kai Thráki,Eastern Macedonia and Thrace,Ανατολική Μακεδονία και Θράκη,GR-A,iso3166-2,NA,NA,NA,0.6533855658936625,0.5619329841271267,0.6036180256309657,0.5979915602863528
GR,GRC,Greece,GRC.3.1_1,GRC.3.1_1,Attica,NA,ŒëœÑœÑŒπŒ∫ŒÆ,Perif√©reia,Region,NA,NA,NA,NA,NA,NA,Attikí,Attica,Αττική,GR-I,iso3166-2,NA,NA,NA,0.6259266517643408,0.6296619024553508,0.6036180256309657,0.5979915602863528
GR,GRC,Greece,GRC.7.3_1,GRC.7.3_1,West Greece,NA,ŒîœÖœÑŒπŒ∫ŒÆ ŒïŒªŒªŒ¨Œ¥Œ±,Perif√©reia,Region,NA,NA,NA,NA,NA,NA,Dytikí Elláda,Western Greece,Δυτική Ελλάδα,GR-G,iso3166-2,NA,NA,NA,0.6225544910930026,0.5995998678076693,0.6036180256309657,0.5979915602863528
GR,GRC,Greece,GRC.5.2_1,GRC.5.2_1,West Macedonia,NA,ŒîœÖœÑŒπŒ∫ŒÆ ŒúŒ±Œ∫ŒµŒ¥ŒøŒΩŒØŒ±,Perif√©reia,Region,NA,NA,NA,NA,NA,NA,Dytikí Makedonía,Western Macedonia,Δυτική Μακεδονία,GR-C,iso3166-2,NA,NA,NA,0.5961268005599317,0.6149876005266919,0.6036180256309657,0.5979915602863528
GR,GRC,Greece,GRC.7.1_1,GRC.7.1_1,Ionian Islands,NA,ŒôœåŒΩŒπŒ± ŒΩŒ∑œÉŒπŒ¨,Perif√©reia,Region,NA,NA,NA,NA,NA,NA,Ionía Nísia,Ionian Islands,Ιόνια Νησιά,GR-F,iso3166-2,NA,NA,NA,0.667723866035763,0.6384298577527063,0.6036180256309657,0.5979915602863528
GR,GRC,Greece,GRC.5.1_1,GRC.5.1_1,Epirus,NA,ŒâœÄŒµŒπœÅŒøœÇ,Perif√©reia,Region,NA,NA,NA,NA,NA,NA,Ípeiros,Epirus,Ήπειρος,GR-D,iso3166-2,NA,NA,NA,0.5686567826816777,0.6548775547717527,0.6036180256309657,0.5979915602863528
GR,GRC,Greece,GRC.6.1_1,GRC.6.1_1,Central Macedonia,NA,ŒöŒµŒΩœÑœÅŒπŒ∫ŒÆ ŒúŒ±Œ∫ŒµŒ¥ŒøŒΩŒØŒ±,Perif√©reia,Region,NA,NA,NA,NA,NA,NA,Kentrikí Makedonía,Central Macedonia,Κεντρική Μακεδονία,GR-B,iso3166-2,NA,NA,NA,0.6594792838771074,0.5798647313687507,0.6036180256309657,0.5979915602863528
GR,GRC,Greece,GRC.4.1_1,GRC.4.1_1,Crete,NA,ŒöœÅŒÆœÑŒ∑,Perif√©reia,Region,NA,NA,NA,NA,NA,NA,Kríti,Crete,Κρήτη,GR-M,iso3166-2,NA,NA,NA,0.5840268954367258,0.6323255013086667,0.6036180256309657,0.5979915602863528
GR,GRC,Greece,GRC.1.2_1,GRC.1.2_1,South Aegean,NA,ŒùœåœÑŒπŒø ŒëŒπŒ≥Œ±ŒØŒø,Perif√©reia,Region,NA,NA,NA,NA,NA,NA,Nótio Aigaío,Southern Aegean,Νότιο Αιγαίο,GR-L,iso3166-2,NA,NA,NA,0.6701789477503822,0.6302891603643415,0.6036180256309657,0.5979915602863528
GR,GRC,Greece,GRC.7.2_1,GRC.7.2_1,Peloponnese,NA,Œ†ŒµŒªŒøœÄœåŒΩŒΩŒ∑œÉŒøœÇ,Perif√©reia,Region,NA,NA,NA,NA,NA,NA,Pelóponnisos,Peloponnese,Πελοπόννησος,GR-J,iso3166-2,NA,NA,NA,0.5942051388139307,0.6160264247037828,0.6036180256309657,0.5979915602863528
GR,GRC,Greece,GRC.8.1_1,GRC.8.1_1,Central Greece,NA,Œ£œÑŒµœÅŒµŒ¨ ŒïŒªŒªŒ¨Œ¥Œ±,Perif√©reia,Region,NA,NA,NA,NA,NA,NA,Stereá Elláda,Central Greece,Στερεά Ελλάδα,GR-H,iso3166-2,NA,NA,NA,0.6413656298073288,0.6772799387436005,0.6036180256309657,0.5979915602863528
GR,GRC,Greece,GRC.8.2_1,GRC.8.2_1,Thessaly,NA,ŒòŒµœÉœÉŒ±ŒªŒØŒ±,Perif√©reia,Region,NA,NA,NA,NA,NA,NA,Thessalía,Thessaly,Θεσσαλία,GR-E,iso3166-2,NA,NA,NA,0.6282556590729977,0.7160082096003001,0.6036180256309657,0.5979915602863528
GR,GRC,Greece,GRC.1.1_1,GRC.1.1_1,North Aegean,NA,ŒíœåœÅŒµŒπŒø ŒëŒπŒ≥Œ±ŒØŒø,Perif√©reia,Region,NA,NA,NA,NA,NA,NA,Vóreio Aigaío,Northern Aegean,Βόρειο Αιγαίο,GR-K,iso3166-2,NA,NA,NA,0.6211539618696716,0.713324528414392,0.6036180256309657,0.5979915602863528
GT,GTM,Guatemala,GTM.1_1,GTM.1_1,Alta Verapaz,NA,Alta Verapaz,Departamento,Department,NA,GT.AV,NA,NA,NA,NA,Alta Verapaz,NA,Alta Verapaz,GT-AV,iso3166-2,NA,NA,NA,0.6316916062880855,0.6132596272497752,0.6532021677958216,0.6866614753827123
GT,GTM,Guatemala,GTM.2_1,GTM.2_1,Baja Verapaz,NA,Baja Verapaz,Departamento,Department,NA,GT.BV,NA,NA,NA,NA,Baja Verapaz,NA,Baja Verapaz,GT-BV,iso3166-2,NA,NA,NA,0.6662314946453503,0.7345702291048548,0.6532021677958216,0.6866614753827123
GT,GTM,Guatemala,GTM.3_1,GTM.3_1,Chimaltenango,NA,Chimaltenango,Departamento,Department,NA,GT.CM,NA,NA,NA,NA,Chimaltenango,NA,Chimaltenango,GT-CM,iso3166-2,NA,NA,NA,0.6541934810179438,0.7358108350669915,0.6532021677958216,0.6866614753827123
GT,GTM,Guatemala,GTM.4_1,GTM.4_1,Chiquimula,NA,Chiquimula,Departamento,Department,NA,GT.CQ,NA,NA,NA,NA,Chiquimula,NA,Chiquimula,GT-CQ,iso3166-2,NA,NA,NA,0.6727787987032777,0.6619139813445108,0.6532021677958216,0.6866614753827123
GT,GTM,Guatemala,GTM.5_1,GTM.5_1,El Progreso,Guastatoya,El Progreso,Departamento,Department,NA,GT.PR,NA,NA,NA,NA,El Progreso,NA,El Progreso,GT-PR,iso3166-2,NA,NA,NA,0.7183093597302298,0.7921928751870332,0.6532021677958216,0.6866614753827123
GT,GTM,Guatemala,GTM.6_1,GTM.6_1,Escuintla,NA,Escuintla,Departamento,Department,NA,GT.ES,NA,NA,NA,NA,Escuintla,NA,Escuintla,GT-ES,iso3166-2,NA,NA,NA,0.6454329613157604,0.757076108799722,0.6532021677958216,0.6866614753827123
GT,GTM,Guatemala,GTM.7_1,GTM.7_1,Guatemala,NA,Guatemala,Departamento,Department,NA,GT.GU,NA,NA,NA,NA,Guatemala,NA,Guatemala,GT-GU,iso3166-2,NA,NA,NA,0.6957453677874487,0.7054638496509131,0.6532021677958216,0.6866614753827123
GT,GTM,Guatemala,GTM.8_1,GTM.8_1,Huehuetenango,NA,Huehuetenango,Departamento,Department,NA,GT.HU,NA,NA,NA,NA,Huehuetenango,NA,Huehuetenango,GT-HU,iso3166-2,NA,NA,NA,0.6483605259542193,0.7025846611019043,0.6532021677958216,0.6866614753827123
GT,GTM,Guatemala,GTM.9_1,GTM.9_1,Izabal,NA,Izabal,Departamento,Department,NA,GT.IZ,NA,NA,NA,NA,Izabal,NA,Izabal,GT-IZ,iso3166-2,NA,NA,NA,0.6359285681138707,0.7228151562263667,0.6532021677958216,0.6866614753827123
GT,GTM,Guatemala,GTM.10_1,GTM.10_1,Jalapa,NA,Jalapa,Departamento,Department,NA,GT.JA,NA,NA,NA,NA,Jalapa,NA,Jalapa,GT-JA,iso3166-2,NA,NA,NA,0.652707335647291,0.7279969047115414,0.6532021677958216,0.6866614753827123
GT,GTM,Guatemala,GTM.11_1,GTM.11_1,Jutiapa,NA,Jutiapa,Departamento,Department,NA,GT.JU,NA,NA,NA,NA,Jutiapa,NA,Jutiapa,GT-JU,iso3166-2,NA,NA,NA,0.6409832191251026,0.6492966912738034,0.6532021677958216,0.6866614753827123
GT,GTM,Guatemala,GTM.12_1,GTM.12_1,Pet√©n,NA,Pet√©n,Departamento,Department,NA,GT.PE,NA,NA,NA,NA,Petén,NA,Petén,GT-PE,iso3166-2,NA,NA,NA,0.8696357318468187,0.7119523521545527,0.6532021677958216,0.6866614753827123
GT,GTM,Guatemala,GTM.13_1,GTM.13_1,Quezaltenango,NA,Quezaltenango,Departamento,Department,NA,GT.QZ,NA,NA,NA,NA,Quetzaltenango,NA,Quetzaltenango,GT-QZ,iso3166-2,NA,NA,NA,0.6503509302182598,0.6540821944599484,0.6532021677958216,0.6866614753827123
GT,GTM,Guatemala,GTM.14_1,GTM.14_1,Quich√©,NA,Quich√©,Departamento,Department,NA,GT.QC,NA,NA,NA,NA,Quiché,NA,Quiché,GT-QC,iso3166-2,NA,NA,NA,0.654097047526702,0.74095801280295,0.6532021677958216,0.6866614753827123
GT,GTM,Guatemala,GTM.15_1,GTM.15_1,Retalhuleu,NA,Retalhuleu,Departamento,Department,NA,GT.RE,NA,NA,NA,NA,Retalhuleu,NA,Retalhuleu,GT-RE,iso3166-2,NA,NA,NA,0.6002921777749816,0.6290753733954373,0.6532021677958216,0.6866614753827123
GT,GTM,Guatemala,GTM.16_1,GTM.16_1,Sacatep√©quez,NA,Sacatep√©quez,Departamento,Department,NA,GT.SA,NA,NA,NA,NA,Sacatepéquez,NA,Sacatepéquez,GT-SA,iso3166-2,NA,NA,NA,0.6497383267571527,0.6577599005722431,0.6532021677958216,0.6866614753827123
GT,GTM,Guatemala,GTM.17_1,GTM.17_1,San Marcos,NA,San Marcos,Departamento,Department,NA,GT.SM,NA,NA,NA,NA,San Marcos,NA,San Marcos,GT-SM,iso3166-2,NA,NA,NA,0.656855654119749,0.7047228287433865,0.6532021677958216,0.6866614753827123
GT,GTM,Guatemala,GTM.18_1,GTM.18_1,Santa Rosa,NA,Santa Rosa,Departamento,Department,NA,GT.SR,NA,NA,NA,NA,Santa Rosa,NA,Santa Rosa,GT-SR,iso3166-2,NA,NA,NA,0.6345547724066452,0.7298692045057523,0.6532021677958216,0.6866614753827123
GT,GTM,Guatemala,GTM.19_1,GTM.19_1,Solol√°,NA,Solol√°,Departamento,Department,NA,GT.SO,NA,NA,NA,NA,Sololá,NA,Sololá,GT-SO,iso3166-2,NA,NA,NA,0.6886970690429399,0.7094264163493146,0.6532021677958216,0.6866614753827123
GT,GTM,Guatemala,GTM.20_1,GTM.20_1,Suchitep√©quez,NA,Suchitep√©quez,Departamento,Department,NA,GT.SU,NA,NA,NA,NA,Suchitepéquez,NA,Suchitepéquez,GT-SU,iso3166-2,NA,NA,NA,0.6128279464535694,0.7171406843825713,0.6532021677958216,0.6866614753827123
GT,GTM,Guatemala,GTM.21_1,GTM.21_1,Totonicap√°n,NA,Totonicap√°n,Departamento,Department,NA,GT.TO,NA,NA,NA,NA,Totonicapán,NA,Totonicapán,GT-TO,iso3166-2,NA,NA,NA,0.6737579727412268,0.6092861018782996,0.6532021677958216,0.6866614753827123
GT,GTM,Guatemala,GTM.22_1,GTM.22_1,Zacapa,NA,Zacapa,Departamento,Department,NA,GT.ZA,NA,NA,NA,NA,Zacapa,NA,Zacapa,GT-ZA,iso3166-2,NA,NA,NA,0.6500027123473913,0.6676744875287699,0.6532021677958216,0.6866614753827123
GY,GUY,Guyana,GUY.1_1,GUY.1_1,Barima-Waini,NA,Barima-Waini,Region,Region,1,GY.BA,nat,Guyana,NA,NA,Barima-Waini,NA,Barima-Waini,GY-BA,iso3166-2,NA,NA,NA,NA,NA,0.5495397251669875,0.6848596448576565
GY,GUY,Guyana,GUY.2_1,GUY.2_1,Cuyuni-Mazaruni,NA,Cuyuni-Mazaruni,Region,Region,7,GY.CU,nat,Guyana,NA,NA,Cuyuni-Mazaruni,NA,Cuyuni-Mazaruni,GY-CU,iso3166-2,NA,NA,NA,NA,NA,0.5495397251669875,0.6848596448576565
GY,GUY,Guyana,GUY.3_1,GUY.3_1,Demerara-Mahaica,NA,Demerara-Mahaica,Region,Region,4,GY.DE,nat,Guyana,NA,NA,Demerara-Mahaica,NA,Demerara-Mahaica,GY-DE,iso3166-2,NA,NA,NA,NA,NA,0.5495397251669875,0.6848596448576565
GY,GUY,Guyana,GUY.4_1,GUY.4_1,East Berbice-Corentyne,NA,East Berbice-Corentyne,Region,Region,6,GY.EB,nat,Guyana,NA,NA,East Berbice-Corentyne,NA,East Berbice-Corentyne,GY-EB,iso3166-2,NA,NA,NA,NA,NA,0.5495397251669875,0.6848596448576565
GY,GUY,Guyana,GUY.5_1,GUY.5_1,Essequibo Islands-West Demerara,NA,Essequibo Islands-West Demerara,Region,Region,3,GY.ES,nat,Guyana,NA,NA,Essequibo Islands-West Demerara,NA,Essequibo Islands-West Demerara,GY-ES,iso3166-2,NA,NA,NA,NA,NA,0.5495397251669875,0.6848596448576565
GY,GUY,Guyana,GUY.6_1,GUY.6_1,Mahaica-Berbice,NA,Mahaica-Berbice,Region,Region,5,GY.MA,nat,Guyana,NA,NA,Mahaica-Berbice,NA,Mahaica-Berbice,GY-MA,iso3166-2,NA,NA,NA,NA,NA,0.5495397251669875,0.6848596448576565
GY,GUY,Guyana,GUY.7_1,GUY.7_1,Pomeroon-Supenaam,NA,Pomeroon-Supenaam,Region,Region,2,GY.PM,nat,Guyana,NA,NA,Pomeroon-Supenaam,NA,Pomeroon-Supenaam,GY-PM,iso3166-2,NA,NA,NA,NA,NA,0.5495397251669875,0.6848596448576565
GY,GUY,Guyana,GUY.8_1,GUY.8_1,Potaro-Siparuni,NA,Potaro-Siparuni,Region,Region,8,GY.PT,nat,Guyana,NA,NA,Potaro-Siparuni,NA,Potaro-Siparuni,GY-PT,iso3166-2,NA,NA,NA,NA,NA,0.5495397251669875,0.6848596448576565
GY,GUY,Guyana,GUY.9_1,GUY.9_1,Upper Demerara-Berbice,NA,Upper Demerara-Berbice,Region,Region,10,GY.UD,nat,Guyana,NA,NA,Upper Demerara-Berbice,NA,Upper Demerara-Berbice,GY-UD,iso3166-2,NA,NA,NA,NA,NA,0.5495397251669875,0.6848596448576565
GY,GUY,Guyana,GUY.10_1,GUY.10_1,Upper Takutu-Upper Essequibo,NA,Upper Takutu-Upper Essequibo,Region,Region,9,GY.UT,nat,Guyana,NA,NA,Upper Takutu-Upper Essequibo,NA,Upper Takutu-Upper Essequibo,GY-UT,iso3166-2,NA,NA,NA,NA,NA,0.5495397251669875,0.6848596448576565
GY,GUY,Guyana,NA,GY.nat,NA,NA,NA,NA,NA,NA,GY.nat,nat,Guyana,NA,NA,Guyana,NA,Guyana,GY.nat,NA,NA,NA,NA,0.5859676163776326,0.694594306674793,0.5495397251669875,0.6848596448576565
HN,HND,Honduras,HND.1_1,HND.1_1,Atl√°ntida,NA,Atl√°ntida,Departamento,Department,NA,HN.AT,NA,NA,NA,NA,Atlántida,NA,Atlántida,HN-AT,iso3166-2,NA,NA,NA,0.5808021662110088,0.6784764930531483,0.5940940005417384,0.6862160517743149
HN,HND,Honduras,HND.2_1,HND.2_1,Choluteca,NA,Choluteca,Departamento,Department,NA,HN.CH,NA,NA,NA,NA,Choluteca,NA,Choluteca,HN-CH,iso3166-2,NA,NA,NA,0.6073060209160678,0.6883508678571975,0.5940940005417384,0.6862160517743149
HN,HND,Honduras,HND.3_1,HND.3_1,Col√≥n,NA,Col√≥n,Departamento,Department,NA,HN.CL,NA,NA,NA,NA,Colón,NA,Colón,HN-CL,iso3166-2,NA,NA,NA,0.5745790976776224,0.6661319342683545,0.5940940005417384,0.6862160517743149
HN,HND,Honduras,HND.4_1,HND.4_1,Comayagua,NA,Comayagua,Departamento,Department,NA,HN.CM,NA,NA,NA,NA,Comayagua,NA,Comayagua,HN-CM,iso3166-2,NA,NA,NA,0.6394114256730125,0.7793888511395006,0.5940940005417384,0.6862160517743149
HN,HND,Honduras,HND.5_1,HND.5_1,Cop√°n,NA,Cop√°n,Departamento,Department,NA,HN.CP,NA,NA,NA,NA,Copán,NA,Copán,HN-CP,iso3166-2,NA,NA,NA,0.6554988578613489,0.6692365219065101,0.5940940005417384,0.6862160517743149
HN,HND,Honduras,HND.6_1,HND.6_1,Cort√©s,Cortez,Cort√©s,Departamento,Department,NA,HN.CR,NA,NA,NA,NA,Cortés,NA,Cortés,HN-CR,iso3166-2,NA,NA,NA,0.6284313481589942,0.7184647189833486,0.5940940005417384,0.6862160517743149
HN,HND,Honduras,HND.7_1,HND.7_1,El Para√≠so,Paraiso,El Para√≠so,Departamento,Department,NA,HN.EP,NA,NA,NA,NA,El Paraíso,NA,El Paraíso,HN-EP,iso3166-2,NA,NA,NA,0.5999005875812101,0.7066075871991981,0.5940940005417384,0.6862160517743149
HN,HND,Honduras,HND.8_1,HND.8_1,Francisco Moraz√°n,Tegucigalpa,Francisco Moraz√°n,Departamento,Department,NA,HN.FM,NA,NA,NA,NA,Francisco Morazán,NA,Francisco Morazán,HN-FM,iso3166-2,NA,NA,NA,0.6341881804823046,0.6723351614344851,0.5940940005417384,0.6862160517743149
HN,HND,Honduras,HND.9_1,HND.9_1,Gracias a Dios,NA,Gracias a Dios,Departamento,Department,NA,HN.GD,NA,NA,NA,NA,Gracias a Dios,NA,Gracias a Dios,HN-GD,iso3166-2,NA,NA,NA,0.553410209247423,0.6414114008484506,0.5940940005417384,0.6862160517743149
HN,HND,Honduras,HND.10_1,HND.10_1,Intibuc√°,NA,Intibuc√°,Departamento,Department,NA,HN.IN,NA,NA,NA,NA,Intibucá,NA,Intibucá,HN-IN,iso3166-2,NA,NA,NA,0.7007747282427838,0.7766205850647196,0.5940940005417384,0.6862160517743149
HN,HND,Honduras,HND.11_1,HND.11_1,Islas de la Bah√≠a,Islas de Bahia,Islas de la Bah√≠a,Departamento,Department,NA,HN.IB,NA,NA,NA,NA,Islas de la Bahía,NA,Islas de la Bahía,HN-IB,iso3166-2,NA,NA,NA,NA,NA,0.5940940005417384,0.6862160517743149
HN,HND,Honduras,HND.12_1,HND.12_1,La Paz,NA,La Paz,Departamento,Department,NA,HN.LP,NA,NA,NA,NA,La Paz,NA,La Paz,HN-LP,iso3166-2,NA,NA,NA,0.6646306539568334,0.7133067468193564,0.5940940005417384,0.6862160517743149
HN,HND,Honduras,HND.13_1,HND.13_1,Lempira,Gracias,Lempira,Departamento,Department,NA,HN.LE,NA,NA,NA,NA,Lempira,NA,Lempira,HN-LE,iso3166-2,NA,NA,NA,0.5901072490146995,0.7477355600024286,0.5940940005417384,0.6862160517743149
HN,HND,Honduras,HND.14_1,HND.14_1,Ocotepeque,NA,Ocotepeque,Departamento,Department,NA,HN.OC,NA,NA,NA,NA,Ocotepeque,NA,Ocotepeque,HN-OC,iso3166-2,NA,NA,NA,0.6496850715008415,0.7245666718733073,0.5940940005417384,0.6862160517743149
HN,HND,Honduras,HND.15_1,HND.15_1,Olancho,NA,Olancho,Departamento,Department,NA,HN.OL,NA,NA,NA,NA,Olancho,NA,Olancho,HN-OL,iso3166-2,NA,NA,NA,0.5653016058188547,0.6172058975291176,0.5940940005417384,0.6862160517743149
HN,HND,Honduras,HND.16_1,HND.16_1,Santa B√°rbara,NA,Santa B√°rbara,Departamento,Department,NA,HN.CP,NA,NA,NA,NA,Santa Bárbara,NA,Santa Bárbara,HN-SB,iso3166-2,NA,NA,NA,0.6726013451376035,0.711575920819561,0.5940940005417384,0.6862160517743149
HN,HND,Honduras,HND.17_1,HND.17_1,Valle,NA,Valle,Departamento,Department,NA,HN.VA,NA,NA,NA,NA,Valle,NA,Valle,HN-VA,iso3166-2,NA,NA,NA,0.6267050178988448,0.6956163622392249,0.5940940005417384,0.6862160517743149
HN,HND,Honduras,HND.18_1,HND.18_1,Yoro,NA,Yoro,Departamento,Department,NA,HN.YO,NA,NA,NA,NA,Yoro,NA,Yoro,HN-YO,iso3166-2,NA,NA,NA,0.5999209396764792,0.649564279119536,0.5940940005417384,0.6862160517743149
HR,HRV,Croatia,HRV.1_1,HRV.1_1,Bjelovarska-Bilogorska,Bjelovar-Bilagora,Bjelovarska-Bilogorska,≈Ωupanija,County,NA,HR.BB,NA,NA,NA,NA,Bjelovarsko-bilogorska županija,Bjelovar-Bilogora,Bjelovarsko-bilogorska županija,HR-07,iso3166-2,NA,NA,NA,0.5279866996957869,0.6554976360002331,0.45422356531583813,0.5843654997030037
HR,HRV,Croatia,HRV.2_1,HRV.2_1,Brodsko-Posavska,Slavonski Brod-Posavina,Brodsko-Posavska,≈Ωupanija,County,NA,HR.SP,NA,NA,NA,NA,Brodsko-posavska županija,Brod-Posavina,Brodsko-posavska županija,HR-12,iso3166-2,NA,NA,NA,0.5415316027117636,0.6253969214276802,0.45422356531583813,0.5843654997030037
HR,HRV,Croatia,HRV.3_1,HRV.3_1,Dubrovacko-Neretvanska,Dubrovnik-Neretva,Dubrovacko-Neretvanska,≈Ωupanija,County,NA,HR.DN,NA,NA,NA,NA,Dubrovačko-neretvanska županija,Dubrovnik-Neretva,Dubrovačko-neretvanska županija,HR-19,iso3166-2,NA,NA,NA,0.5127554978154613,0.6102800422860178,0.45422356531583813,0.5843654997030037
HR,HRV,Croatia,HRV.4_1,HRV.4_1,Grad Zagreb,NA,Grad Zagreb,Grad,City,NA,HR.GZ,NA,NA,NA,NA,Grad Zagreb,Zagreb City,Grad Zagreb,HR-21,iso3166-2,NA,NA,NA,0.5470859822415097,0.5998626677144225,0.45422356531583813,0.5843654997030037
HR,HRV,Croatia,HRV.5_1,HRV.5_1,Istarska,Istra,Istarska,≈Ωupanija,County,NA,HR.IS,NA,NA,NA,NA,Istarska županija,Istria,Istarska županija,HR-18,iso3166-2,NA,NA,NA,0.4547580272550097,0.593552923936384,0.45422356531583813,0.5843654997030037
HR,HRV,Croatia,HRV.6_1,HRV.6_1,Karlovacka,Karlovac,Karlovacka,≈Ωupanija,County,NA,HR.KA,NA,NA,NA,NA,Karlovačka županija,Karlovac,Karlovačka županija,HR-04,iso3166-2,NA,NA,NA,0.4590234951363481,0.520872858031187,0.45422356531583813,0.5843654997030037
HR,HRV,Croatia,HRV.7_1,HRV.7_1,Koprivniƒçko-Kri≈æevaƒçka,Koprivnica-Kri≈æevci,Koprivniƒçko-Kri≈æevaƒçka,≈Ωupanija,County,NA,HR.KK,NA,NA,NA,NA,Koprivničko-križevačka županija,Koprivnica-Križevci,Koprivničko-križevačka županija,HR-06,iso3166-2,NA,NA,NA,0.5019102404290651,0.7139973235876113,0.45422356531583813,0.5843654997030037
HR,HRV,Croatia,HRV.8_1,HRV.8_1,Krapinsko-Zagorska,Krapina-Zagorje,Krapinsko-Zagorska,≈Ωupanija,County,NA,HR.KZ,NA,NA,NA,NA,Krapinsko-zagorska županija,Krapina-Zagorje,Krapinsko-zagorska županija,HR-02,iso3166-2,NA,NA,NA,0.4802184818812962,0.6405402775669337,0.45422356531583813,0.5843654997030037
HR,HRV,Croatia,HRV.9_1,HRV.9_1,Licko-Senjska,Lika-Senj,Licko-Senjska,≈Ωupanija,County,NA,HR.LS,NA,NA,NA,1,Ličko-senjska županija,Lika-Senj,Ličko-senjska županija,HR-09,iso3166-2,NA,NA,NA,0.4926588028874157,0.5109089254602417,0.45422356531583813,0.5843654997030037
HR,HRV,Croatia,HRV.10_1,HRV.10_1,Medimurska,Medimurje,Medimurska,≈Ωupanija,County,NA,HR.ME,NA,NA,NA,NA,Međimurska županija,Međimurje,Međimurska županija,HR-20,iso3166-2,NA,NA,NA,0.5209773514230203,0.6263293100262254,0.45422356531583813,0.5843654997030037
HR,HRV,Croatia,HRV.11_1,HRV.11_1,Osjecko-Baranjska,Osijek-Baranja,Osjecko-Baranjska,≈Ωupanija,County,NA,HR.OB,NA,NA,NA,NA,Osječko-baranjska županija,Osijek-Baranja,Osječko-baranjska županija,HR-14,iso3166-2,NA,NA,NA,0.5086808467289776,0.6075225819665149,0.45422356531583813,0.5843654997030037
HR,HRV,Croatia,HRV.12_1,HRV.12_1,Po≈æe≈°ko-Slavonska,Po≈æega-Slavonija,Po≈æe≈°ko-Slavonska,≈Ωupanija,County,NA,HR.PS,NA,NA,NA,NA,Požeško-slavonska županija,Požega-Slavonia,Požeško-slavonska županija,HR-11,iso3166-2,NA,NA,NA,0.5306106175572443,0.613309264105068,0.45422356531583813,0.5843654997030037
HR,HRV,Croatia,HRV.13_1,HRV.13_1,Primorsko-Goranska,Primorje-Gorski Kotar,Primorsko-Goranska,≈Ωupanija,County,NA,HR.PG,NA,NA,NA,NA,Primorsko-goranska županija,Primorje-Gorski Kotar,Primorsko-goranska županija,HR-08,iso3166-2,NA,NA,NA,0.4772557814384022,0.6442396487763623,0.45422356531583813,0.5843654997030037
HR,HRV,Croatia,HRV.14_1,HRV.14_1,≈†ibensko-Kninska,≈†ibenik,≈†ibensko-Kninska,≈Ωupanija,County,NA,HR.SB,NA,NA,NA,NA,Šibensko-kninska županija,Šibenik-Knin,Šibensko-kninska županija,HR-15,iso3166-2,NA,NA,NA,0.4945384595088855,0.6198999644909429,0.45422356531583813,0.5843654997030037
HR,HRV,Croatia,HRV.15_1,HRV.15_1,Sisacko-Moslavacka,Sisak-Moslavina,Sisacko-Moslavacka,≈Ωupanija,County,NA,HR.SM,NA,NA,NA,NA,Sisačko-moslavačka županija,Sisak-Moslavina,Sisačko-moslavačka županija,HR-03,iso3166-2,NA,NA,NA,0.5417229852153322,0.6785940332519527,0.45422356531583813,0.5843654997030037
HR,HRV,Croatia,HRV.16_1,HRV.16_1,Splitsko-Dalmatinska,Split-Dalmacia,Splitsko-Dalmatinska,≈Ωupanija,County,NA,HR.SD,NA,NA,NA,NA,Splitsko-dalmatinska županija,Split-Dalmatia,Splitsko-dalmatinska županija,HR-17,iso3166-2,NA,NA,NA,0.48066024871711155,0.5869684064831748,0.45422356531583813,0.5843654997030037
HR,HRV,Croatia,HRV.17_1,HRV.17_1,Vara≈ædinska,Vara≈ædin|Varasd,Vara≈ædinska,≈Ωupanija,County,NA,HR.VA,NA,NA,NA,NA,Varaždinska županija,Varaždin,Varaždinska županija,HR-05,iso3166-2,NA,NA,NA,0.4824458776668692,0.6451046154392732,0.45422356531583813,0.5843654997030037
HR,HRV,Croatia,HRV.18_1,HRV.18_1,Viroviticko-Podravska,Virovitica-Podravina,Viroviticko-Podravska,≈Ωupanija,County,NA,HR.VP,NA,NA,NA,NA,Virovitičko-podravska županija,Virovitica-Podravina,Virovitičko-podravska županija,HR-10,iso3166-2,NA,NA,NA,0.532658576333122,0.5863253135224935,0.45422356531583813,0.5843654997030037
HR,HRV,Croatia,HRV.19_1,HRV.19_1,Vukovarsko-Srijemska,Vukovar-Srijem,Vukovarsko-Srijemska,≈Ωupanija,County,NA,HR.VS,NA,NA,NA,NA,Vukovarsko-srijemska županija,Vukovar-Srijem,Vukovarsko-srijemska županija,HR-16,iso3166-2,NA,NA,NA,0.4642021763780661,0.6299250099403497,0.45422356531583813,0.5843654997030037
HR,HRV,Croatia,HRV.20_1,HRV.20_1,Zadarska,Zadar-Knin,Zadarska,≈Ωupanija,County,NA,HR.ZD,NA,NA,NA,NA,Zadarska županija,Zadar,Zadarska županija,HR-13,iso3166-2,NA,NA,NA,0.48149718310823997,0.6418313999884397,0.45422356531583813,0.5843654997030037
HR,HRV,Croatia,HRV.21_1,HRV.21_1,Zagrebaƒçka,Zagreb,Zagrebaƒçka,≈Ωupanija,County,NA,HR.ZG,NA,NA,NA,NA,Zagrebačka županija,Zagreb County,Zagrebačka županija,HR-01,iso3166-2,NA,NA,NA,0.5548183481613124,0.5923737456193977,0.45422356531583813,0.5843654997030037
HT,HTI,Haiti,HTI.3_1,HTI.3_1,L'Artibonite,Artibonite,L'Artibonite,D√©partement,Department,NA,HT.AR,NA,NA,NA,NA,Artibonite,Latibonit,Latibonit,HT-AR,iso3166-2,NA,NA,NA,0.4365372756743392,0.47864546382720224,0.39757439003131423,0.4447766542297899
HT,HTI,Haiti,HTI.1_1,HTI.1_1,Centre,Plateau Central,Centre,D√©partement,Department,NA,HT.CE,NA,NA,NA,NA,Centre,Sant,Sant,HT-CE,iso3166-2,NA,NA,NA,0.41285463093386066,0.4560735911705509,0.39757439003131423,0.4447766542297899
HT,HTI,Haiti,HTI.2_1,HTI.2_1,Grand'Anse,Grande-Asne|Grande Anse,Grand'Anse,D√©partement,Department,NA,HT.GR,NA,NA,NA,NA,Grande’Anse,Grandans,Grandans,HT-GA,iso3166-2,NA,NA,NA,0.463762880955673,0.5263689668616466,0.39757439003131423,0.4447766542297899
HT,HTI,Haiti,HTI.4_1,HTI.4_1,Nippes,Mirago√¢ne,Nippes,D√©partement,Department,NA,HT.NI,NA,NA,NA,NA,Nippes,Nip,Nip,HT-NI,iso3166-2,NA,NA,NA,0.48309859701107694,0.5472397300603964,0.39757439003131423,0.4447766542297899
HT,HTI,Haiti,HTI.7_1,HTI.7_1,Nord,NA,Nord,D√©partement,Department,NA,HT.ND,NA,NA,NA,NA,Nord,Nò,Nò,HT-ND,iso3166-2,NA,NA,NA,0.4610515895768042,0.5539280746426002,0.39757439003131423,0.4447766542297899
HT,HTI,Haiti,HTI.5_1,HTI.5_1,Nord-Est,NA,Nord-Est,D√©partement,Department,NA,HT.NE,NA,NA,NA,NA,Nord-Est,Nòdès,Nòdès,HT-NE,iso3166-2,NA,NA,NA,0.48045689380395923,0.5789704643096447,0.39757439003131423,0.4447766542297899
HT,HTI,Haiti,HTI.6_1,HTI.6_1,Nord-Ouest,NA,Nord-Ouest,D√©partement,Department,NA,HT.NO,NA,NA,NA,NA,Nord-Ouest,Nòdwès,Nòdwès,HT-NO,iso3166-2,NA,NA,NA,0.4779634394338287,0.572602822706464,0.39757439003131423,0.4447766542297899
HT,HTI,Haiti,HTI.8_1,HTI.8_1,Ouest,NA,Ouest,D√©partement,Department,NA,HT.OU,NA,NA,NA,NA,Ouest,Lwès,Lwès,HT-OU,iso3166-2,NA,NA,NA,0.4771232721182135,0.47186149535106364,0.39757439003131423,0.4447766542297899
HT,HTI,Haiti,HTI.10_1,HTI.10_1,Sud,NA,Sud,D√©partement,Department,NA,HT.SD,NA,NA,NA,NA,Sud,Sid,Sid,HT-SD,iso3166-2,NA,NA,NA,0.4772397487136665,0.551202884441494,0.39757439003131423,0.4447766542297899
HT,HTI,Haiti,HTI.9_1,HTI.9_1,Sud-Est,NA,Sud-Est,D√©partement,Department,NA,HT.SE,NA,NA,NA,NA,Sud-Est,Sidès,Sidès,HT-SE,iso3166-2,NA,NA,NA,0.46192853183791815,0.5236986409778083,0.39757439003131423,0.4447766542297899
HU,HUN,Hungary,NA,HU33,NA,NA,NA,NA,NA,NA,NA,NA,NA,NA,NA,Dél-Alföld,Southern Great Plain,Dél-Alföld,HU33,nuts2,NA,NA,NA,0.5729288963878714,0.5632186773133679,0.5219958236843811,0.5741857349880197
HU,HUN,Hungary,NA,HU23,NA,NA,NA,NA,NA,NA,NA,NA,NA,NA,NA,Dél-Dunántúl,Southern Transdanubia,Dél-Dunántúl,HU23,nuts2,NA,NA,NA,0.5617341609311262,0.6093418497818238,0.5219958236843811,0.5741857349880197
HU,HUN,Hungary,NA,HU32,NA,NA,NA,NA,NA,NA,NA,NA,NA,NA,NA,Észak-Alföld,Northern Great Plain,Észak-Alföld,HU32,nuts2,NA,NA,NA,0.5740481474838969,0.5809472238147818,0.5219958236843811,0.5741857349880197
HU,HUN,Hungary,NA,HU31,NA,NA,NA,NA,NA,NA,NA,NA,NA,NA,NA,Észak-Magyarország,Northern Hungary,Észak-Magyarország,HU31,nuts2,NA,NA,NA,0.5470794307377453,0.617261924692777,0.5219958236843811,0.5741857349880197
HU,HUN,Hungary,NA,HU21,NA,NA,NA,NA,NA,NA,NA,NA,NA,NA,NA,Közép-Dunántúl,Central Transdanubia,Közép-Dunántúl,HU21,nuts2,NA,NA,NA,0.575192829985744,0.605520632278152,0.5219958236843811,0.5741857349880197
HU,HUN,Hungary,NA,HU1,NA,NA,NA,NA,NA,NA,NA,NA,NA,NA,NA,Közép-Magyarország,Central Hungary,Közép-Magyarország,HU1,nuts1,NA,NA,NA,0.5569250077661375,0.6105714116808918,0.5219958236843811,0.5741857349880197
HU,HUN,Hungary,NA,HU22,NA,NA,NA,NA,NA,NA,NA,NA,NA,NA,NA,Nyugat-Dunántúl,Western Transdanubia,Nyugat-Dunántúl,HU22,nuts2,NA,NA,NA,0.5681071529909844,0.6673704965342445,0.5219958236843811,0.5741857349880197
ID,IDN,Indonesia,IDN.1_1,IDN.1_1,Aceh,NA,Aceh,Propinisi,Province,11,ID.AC,NA,NA,NA,NA,Aceh,Aceh,Aceh,ID-AC,iso3166-2,NA,NA,NA,0.4387801524772793,0.6123441689602996,0.3570526001103539,0.6377157655462395
ID,IDN,Indonesia,IDN.2_1,IDN.2_1,Bali,NA,Bali,Propinisi,Province,51,ID.BA,NA,NA,NA,NA,Bali,Bali,Bali,ID-BA,iso3166-2,NA,NA,NA,0.42657433178316795,0.6488530074761769,0.3570526001103539,0.6377157655462395
ID,IDN,Indonesia,IDN.4_1,IDN.4_1,Banten,NA,Banten,Propinisi,Province,36,ID.BT,NA,NA,NA,NA,Banten,Banten,Banten,ID-BT,iso3166-2,NA,NA,NA,0.41209353029134016,0.6176497599486713,0.3570526001103539,0.6377157655462395
ID,IDN,Indonesia,IDN.5_1,IDN.5_1,Bengkulu,NA,Bengkulu,Propinisi,Province,17,ID.BE,NA,NA,NA,NA,Bengkulu,Bengkulu,Bengkulu,ID-BE,iso3166-2,NA,NA,NA,0.45367070805240495,0.6126342866946924,0.3570526001103539,0.6377157655462395
ID,IDN,Indonesia,IDN.6_1,IDN.6_1,Gorontalo,NA,Gorontalo,Propinisi,Province,75,ID.GO,NA,NA,NA,NA,Gorontalo,Gorontalo,Gorontalo,ID-GO,iso3166-2,NA,NA,NA,0.4337471372648286,0.5629985869550345,0.3570526001103539,0.6377157655462395
ID,IDN,Indonesia,IDN.7_1,IDN.7_1,Jakarta Raya,NA,Jakarta Raya,Propinisi,Province,31,ID.JK,NA,NA,NA,NA,Jakarta Jakarta Raya,Jakarta,Jakarta Jakarta Raya,ID-JK,iso3166-2,NA,NA,NA,0.482726285164761,0.6800255241902411,0.3570526001103539,0.6377157655462395
ID,IDN,Indonesia,IDN.8_1,IDN.8_1,Jambi,NA,Jambi,Propinisi,Province,15,ID.JA,NA,NA,NA,NA,Jambi,Jambi,Jambi,ID-JA,iso3166-2,NA,NA,NA,0.4338704876646158,0.60437590468516,0.3570526001103539,0.6377157655462395
ID,IDN,Indonesia,IDN.9_1,IDN.9_1,Jawa Barat,NA,Jawa Barat,Propinisi,Province,32,ID.JR,NA,NA,NA,NA,Jawa Barat,West Java,Jawa Barat,ID-JB,iso3166-2,NA,NA,NA,0.4367457057095778,0.6814422282825879,0.3570526001103539,0.6377157655462395
ID,IDN,Indonesia,IDN.10_1,IDN.10_1,Jawa Tengah,NA,Jawa Tengah,Propinisi,Province,33,ID.JT,NA,NA,NA,NA,Jawa Tengah,Central Java,Jawa Tengah,ID-JT,iso3166-2,NA,NA,NA,0.4301597090925448,0.6484752090299464,0.3570526001103539,0.6377157655462395
ID,IDN,Indonesia,IDN.11_1,IDN.11_1,Jawa Timur,NA,Jawa Timur,Propinisi,Province,35,ID.JI,NA,NA,NA,NA,Jawa Timur,East Java,Jawa Timur,ID-JI,iso3166-2,NA,NA,NA,0.403108784305445,0.6578037191450001,0.3570526001103539,0.6377157655462395
ID,IDN,Indonesia,IDN.12_1,IDN.12_1,Kalimantan Barat,NA,Kalimantan Barat,Propinisi,Province,61,ID.KB,NA,NA,NA,NA,Kalimantan Barat,West Kalimantan,Kalimantan Barat,ID-KB,iso3166-2,NA,NA,NA,0.33356062743848164,0.6173781038796277,0.3570526001103539,0.6377157655462395
ID,IDN,Indonesia,IDN.13_1,IDN.13_1,Kalimantan Selatan,NA,Kalimantan Selatan,Propinisi,Province,63,ID.KS,NA,NA,NA,NA,Kalimantan Selatan,South Kalimantan,Kalimantan Selatan,ID-KS,iso3166-2,NA,NA,NA,0.5246086140044197,0.60410976650885,0.3570526001103539,0.6377157655462395
ID,IDN,Indonesia,IDN.14_1,IDN.14_1,Kalimantan Tengah,NA,Kalimantan Tengah,Propinisi,Province,62,ID.KT,NA,NA,NA,NA,Kalimantan Tengah,Central Kalimantan,Kalimantan Tengah,ID-KT,iso3166-2,NA,NA,NA,0.4864313253985002,0.6966758895690214,0.3570526001103539,0.6377157655462395
ID,IDN,Indonesia,IDN.15_1,IDN.15_1,Kalimantan Timur,NA,Kalimantan Timur,Propinisi,Province,64,ID.KM,B,East Kalimantan and North Kalimantan,NA,NA,Kalimantan Timur,East Kalimantan,Kalimantan Timur,ID-KI,iso3166-2,NA,NA,NA,NA,NA,0.3570526001103539,0.6377157655462395
ID,IDN,Indonesia,NA,ID-KU,NA,NA,NA,NA,NA,NA,NA,B,East Kalimantan and North Kalimantan,NA,1,Kalimantan Utara,North Kalimantan,Kalimantan Utara,ID-KU,iso3166-2,NA,NA,NA,NA,NA,0.3570526001103539,0.6377157655462395
ID,IDN,Indonesia,IDN.3_1,IDN.3_1,Bangka Belitung,NA,Bangka Belitung,Propinisi,Province,19,ID.BB,NA,NA,NA,NA,Kepulauan Bangka Belitung,Bangka Belitung Islands,Kepulauan Bangka Belitung,ID-BB,iso3166-2,NA,NA,NA,0.528051075474065,0.6361242317929409,0.3570526001103539,0.6377157655462395
ID,IDN,Indonesia,IDN.16_1,IDN.16_1,Kepulauan Riau,NA,Kepulauan Riau,Propinisi,Province,21,ID.KR,A,Riau and Riau Islands,NA,1,Kepulauan Riau,Riau Islands,Kepulauan Riau,ID-KR,iso3166-2,NA,NA,NA,NA,NA,0.3570526001103539,0.6377157655462395
ID,IDN,Indonesia,IDN.17_1,IDN.17_1,Lampung,NA,Lampung,Propinisi,Province,18,ID.LA,NA,NA,NA,NA,Lampung,Lampung,Lampung,ID-LA,iso3166-2,NA,NA,NA,0.3263286175229542,0.6261688901089405,0.3570526001103539,0.6377157655462395
ID,IDN,Indonesia,IDN.19_1,IDN.19_1,Maluku,NA,Maluku,Propinisi,Province,81,ID.MA,NA,NA,NA,NA,Maluku,Maluku,Maluku,ID-MA,iso3166-2,NA,NA,NA,0.4896267782289276,0.7244165004980198,0.3570526001103539,0.6377157655462395
ID,IDN,Indonesia,IDN.18_1,IDN.18_1,Maluku Utara,NA,Maluku Utara,Propinisi,Province,82,ID.MU,NA,NA,NA,1,Maluku Utara,North Maluku,Maluku Utara,ID-MU,iso3166-2,NA,NA,NA,0.3699100412592467,0.5834066289206704,0.3570526001103539,0.6377157655462395
ID,IDN,Indonesia,IDN.20_1,IDN.20_1,Nusa Tenggara Barat,NA,Nusa Tenggara Barat,Propinisi,Province,52,ID.NB,NA,NA,NA,NA,Nusa Tenggara Barat,West Nusa Tenggara,Nusa Tenggara Barat,ID-NB,iso3166-2,NA,NA,NA,0.4256228115127808,0.6183187421972367,0.3570526001103539,0.6377157655462395
ID,IDN,Indonesia,IDN.21_1,IDN.21_1,Nusa Tenggara Timur,NA,Nusa Tenggara Timur,Propinisi,Province,53,ID.NT,NA,NA,NA,NA,Nusa Tenggara Timur,East Nusa Tenggara,Nusa Tenggara Timur,ID-NT,iso3166-2,NA,NA,NA,0.44806489895671026,0.6283990727015444,0.3570526001103539,0.6377157655462395
ID,IDN,Indonesia,IDN.23_1,IDN.23_1,Papua,NA,Papua,Propinisi,Province,94,ID.PA,NA,NA,NA,NA,Papua,Papua,Papua,ID-PA,iso3166-2,NA,NA,NA,0.47346375450436234,0.6912260169366689,0.3570526001103539,0.6377157655462395
ID,IDN,Indonesia,IDN.22_1,IDN.22_1,Papua Barat,NA,Papua Barat,Propinisi,Province,91,ID.IB,NA,NA,NA,NA,Papua Barat,West Papua,Papua Barat,ID-PB,iso3166-2,NA,NA,NA,0.46868744359469544,0.693973359413146,0.3570526001103539,0.6377157655462395
ID,IDN,Indonesia,IDN.24_1,IDN.24_1,Riau,NA,Riau,Propinisi,Province,14,ID.RI,A,Riau and Riau Islands,NA,NA,Riau,Riau,Riau,ID-RI,iso3166-2,NA,NA,NA,NA,NA,0.3570526001103539,0.6377157655462395
ID,IDN,Indonesia,IDN.25_1,IDN.25_1,Sulawesi Barat,NA,Sulawesi Barat,Propinisi,Province,76,ID.SR,C,West Sulawesi and Central Sulawesi,NA,NA,Sulawesi Barat,West Sulawesi,Sulawesi Barat,ID-SR,iso3166-2,NA,NA,NA,NA,NA,0.3570526001103539,0.6377157655462395
ID,IDN,Indonesia,IDN.26_1,IDN.26_1,Sulawesi Selatan,NA,Sulawesi Selatan,Propinisi,Province,73,ID.SE,NA,NA,NA,NA,Sulawesi Selatan,South Sulawesi,Sulawesi Selatan,ID-SN,iso3166-2,NA,NA,NA,0.3899768995360062,0.7221027522942537,0.3570526001103539,0.6377157655462395
ID,IDN,Indonesia,IDN.27_1,IDN.27_1,Sulawesi Tengah,NA,Sulawesi Tengah,Propinisi,Province,72,ID.ST,C,West Sulawesi and Central Sulawesi,NA,1,Sulawesi Tengah,Central Sulawesi,Sulawesi Tengah,ID-ST,iso3166-2,NA,NA,NA,NA,NA,0.3570526001103539,0.6377157655462395
ID,IDN,Indonesia,IDN.28_1,IDN.28_1,Sulawesi Tenggara,NA,Sulawesi Tenggara,Propinisi,Province,74,ID.SG,NA,NA,NA,NA,Sulawesi Tenggara,Southeast Sulawesi,Sulawesi Tenggara,ID-SG,iso3166-2,NA,NA,NA,0.46267276986576844,0.7016050073987309,0.3570526001103539,0.6377157655462395
ID,IDN,Indonesia,IDN.29_1,IDN.29_1,Sulawesi Utara,NA,Sulawesi Utara,Propinisi,Province,71,ID.SW,NA,NA,NA,NA,Sulawesi Utara,North Sulawesi,Sulawesi Utara,ID-SA,iso3166-2,NA,NA,NA,0.4695040577811037,0.6966378788228825,0.3570526001103539,0.6377157655462395
ID,IDN,Indonesia,IDN.30_1,IDN.30_1,Sumatera Barat,NA,Sumatera Barat,Propinisi,Province,13,ID.SB,NA,NA,NA,NA,Sumatera Barat,West Sumatra,Sumatera Barat,ID-SB,iso3166-2,NA,NA,NA,0.4207203743532263,0.6085590165307484,0.3570526001103539,0.6377157655462395
ID,IDN,Indonesia,IDN.31_1,IDN.31_1,Sumatera Selatan,NA,Sumatera Selatan,Propinisi,Province,16,ID.SL,NA,NA,NA,NA,Sumatera Selatan,South Sumatra,Sumatera Selatan,ID-SS,iso3166-2,NA,NA,NA,0.3961335263760426,0.5647816000084492,0.3570526001103539,0.6377157655462395
ID,IDN,Indonesia,IDN.32_1,IDN.32_1,Sumatera Utara,NA,Sumatera Utara,Propinisi,Province,12,ID.SU,NA,NA,NA,NA,Sumatera Utara,North Sumatra,Sumatera Utara,ID-SU,iso3166-2,NA,NA,NA,0.42864161509900284,0.6608687333129842,0.3570526001103539,0.6377157655462395
ID,IDN,Indonesia,IDN.33_1,IDN.33_1,Yogyakarta,NA,Yogyakarta,Propinisi,Province,34,ID.YO,NA,NA,NA,NA,Yogyakarta,Yogyakarta,Yogyakarta,ID-YO,iso3166-2,NA,NA,NA,0.4628465046971807,0.712139222058308,0.3570526001103539,0.6377157655462395
IE,IRL,Ireland,NA,IE041,NA,NA,NA,NA,NA,NA,NA,NA,NA,NA,NA,Border,NA,Border,IE041,nuts3,NA,NA,NA,0.3500853525497158,0.4672786148124261,0.24565711551706612,0.4542942844897532
IE,IRL,Ireland,NA,IE061,NA,NA,NA,NA,NA,NA,NA,NA,NA,NA,NA,Dublin,NA,Dublin,IE061,nuts3,NA,NA,NA,0.3648856529918011,0.5529600989421716,0.24565711551706612,0.4542942844897532
IE,IRL,Ireland,NA,IE062,NA,NA,NA,NA,NA,NA,NA,NA,NA,NA,NA,Mid-East,NA,Mid-East,IE062,nuts3,NA,NA,NA,0.3682684533000247,0.5341317489159877,0.24565711551706612,0.4542942844897532
IE,IRL,Ireland,NA,IE051,NA,NA,NA,NA,NA,NA,NA,NA,NA,NA,NA,Mid-West,NA,Mid-West,IE051,nuts3,NA,NA,NA,0.2902069905415587,0.4741712515614323,0.24565711551706612,0.4542942844897532
IE,IRL,Ireland,NA,IE063,NA,NA,NA,NA,NA,NA,NA,NA,NA,NA,NA,Midland,NA,Midland,IE063,nuts3,NA,NA,NA,0.3447739088047763,0.4161626116847313,0.24565711551706612,0.4542942844897532
IE,IRL,Ireland,NA,IE052,NA,NA,NA,NA,NA,NA,NA,NA,NA,NA,NA,South-East (IRL),NA,South-East (IRL),IE052,nuts3,NA,NA,NA,0.3467889558152627,0.4576331726749099,0.24565711551706612,0.4542942844897532
IE,IRL,Ireland,NA,IE053,NA,NA,NA,NA,NA,NA,NA,NA,NA,NA,NA,South-West (IRL),NA,South-West (IRL),IE053,nuts3,NA,NA,NA,0.2861590987139766,0.5491566456070058,0.24565711551706612,0.4542942844897532
IE,IRL,Ireland,NA,IE042,NA,NA,NA,NA,NA,NA,NA,NA,NA,NA,NA,West,NA,West,IE042,nuts3,NA,NA,NA,0.35506319446359935,0.473410219334421,0.24565711551706612,0.4542942844897532
IL,ISR,Israel,ISR.2_1,ISR.2_1,HaDarom,Southern District,HaDarom,Mehoz,District,NA,IL.HD,NA,NA,NA,NA,HaDarom,Southern,מחוז הדרום,IL-D,iso3166-2,NA,NA,NA,0.41763759719302684,0.40107763402719576,0.3372673529218508,0.25797584806251145
IL,ISR,Israel,ISR.4_1,ISR.4_1,HaMerkaz,Central District,HaMerkaz,Mehoz,District,NA,IL.HM,NA,NA,NA,NA,HaMerkaz,Central,מָחוֹז הַמֶרְכָּז,IL-M,iso3166-2,NA,NA,NA,0.42586512727473785,0.41199042087091325,0.3372673529218508,0.25797584806251145
IL,ISR,Israel,ISR.5_1,ISR.5_1,HaZafon,Northern,HaZafon,Mehoz,District,NA,IL.HZ,NA,NA,NA,NA,HaTsafon,Northern,מחוז הצפון,IL-Z,iso3166-2,NA,NA,NA,0.3969369803959054,0.3152605939156254,0.3372673529218508,0.25797584806251145
IL,ISR,Israel,ISR.3_1,ISR.3_1,Haifa,Hefa,Haifa,Mehoz,District,NA,IL.HA,NA,NA,NA,NA,H̱efa,Haifa,מחוז חיפה,IL-HA,iso3166-2,NA,NA,NA,0.4399939573519426,0.38904251416214497,0.3372673529218508,0.25797584806251145
IL,ISR,Israel,ISR.7_1,ISR.7_1,Tel Aviv,NA,Tel Aviv,Mehoz,District,NA,IL.TA,NA,NA,NA,NA,Tel Aviv,NA,מָחוֹז תֵּל אָבִיב,IL-TA,iso3166-2,NA,NA,NA,NA,NA,0.3372673529218508,0.25797584806251145
IL,ISR,Israel,ISR.6_1,ISR.6_1,Jerusalem,Al-Quds|Yerushalayim,Jerusalem,Mehoz,District,NA,IL.JM,NA,NA,NA,NA,Yerushalayim,Jerusalem,מחוז ירושלים,IL-JM,iso3166-2,NA,NA,NA,0.3594425834151662,0.1967964671273985,0.3372673529218508,0.25797584806251145
IN,IND,India,IND.1_1,IND.1_1,Andaman and Nicobar,Andaman & Nicobar Islands|Andaman et Nicobar|Iihas de Andama e Nicobar|Inseln Andamanen und Nikobare,Andaman and Nicobar,Union Territor,Union Territory,NA,IN.AN,NA,NA,NA,NA,Andaman and Nicobar Islands,NA,Andaman and Nicobar Islands,IN-AN,iso3166-2,NA,NA,NA,0.2880535806109588,0.4822050149463681,0.32405559028413067,0.6052137471710587
IN,IND,India,IND.2_1,IND.2_1,Andhra Pradesh,NA,Andhra Pradesh,State,State,NA,IN.AP,NA,NA,NA,NA,Andhra Pradesh,NA,Andhra Pradesh,IN-AP,iso3166-2,NA,NA,NA,0.32959758293721153,0.5618427417154529,0.32405559028413067,0.6052137471710587
IN,IND,India,IND.3_1,IND.3_1,Arunachal Pradesh,Agence de la Fronti√®re du Nord-Est(French-obsolete)|North East Frontier Agency,Arunachal Pradesh,State,State,NA,IN.AR,NA,NA,NA,NA,Arunachal Pradesh,NA,Arunachal Pradesh,IN-AR,iso3166-2,NA,NA,NA,0.4179355857384031,0.6651833925839552,0.32405559028413067,0.6052137471710587
IN,IND,India,IND.4_1,IND.4_1,Assam,NA,Assam,State,State,NA,IN.AS,NA,NA,NA,NA,Assam,NA,Assam,IN-AS,iso3166-2,NA,NA,NA,0.2792896615013418,0.6710883982438137,0.32405559028413067,0.6052137471710587
IN,IND,India,IND.5_1,IND.5_1,Bihar,NA,Bihar,State,State,NA,IN.BR,NA,NA,NA,NA,Bihar,NA,Bihar,IN-BR,iso3166-2,NA,NA,NA,0.441573068682998,0.6095766783660814,0.32405559028413067,0.6052137471710587
IN,IND,India,IND.6_1,IND.6_1,Chandigarh,NA,Chandigarh,Union Territor,Union Territory,NA,IN.CH,NA,NA,NA,NA,Chandigarh,NA,Chandigarh,IN-CH,iso3166-2,NA,NA,NA,0.44151678029566144,0.7035263576455171,0.32405559028413067,0.6052137471710587
IN,IND,India,IND.7_1,IND.7_1,Chhattisgarh,NA,Chhattisgarh,State,State,NA,IN.CT,NA,NA,NA,NA,Chhattisgarh,NA,Chhattisgarh,IN-CT,iso3166-2,NA,NA,NA,0.41541013492524387,0.6485957675036597,0.32405559028413067,0.6052137471710587
IN,IND,India,NA,IN-DH,Dadra and Nagar Haveli and Daman and Diu,Dadra and Nagar Haveli and Daman and Diu,Dadra and Nagar Haveli and Daman and Diu,Union Territor,Union Territory,NA,NA,NA,NA,NA,NA,Dadra and Nagar Haveli and Daman and Diu,NA,Dadra and Nagar Haveli and Daman and Diu,IN-DH,iso3166-2,NA,NA,NA,0.4952508818651969,0.7680709759043601,0.32405559028413067,0.6052137471710587
IN,IND,India,IND.25_1,IND.25_1,NCT of Delhi,NA,NCT of Delhi,Union Territor,Union Territory,NA,IN.DL,NA,NA,NA,NA,Delhi,NA,Delhi,IN-DL,iso3166-2,NA,NA,NA,0.4088634258090334,0.7325883809182666,0.32405559028413067,0.6052137471710587
IN,IND,India,IND.10_1,IND.10_1,Goa,G√¥a,Goa,State,State,NA,IN.GA,NA,NA,NA,NA,Goa,NA,Goa,IN-GA,iso3166-2,NA,NA,NA,0.45078195180283653,0.7095270214467538,0.32405559028413067,0.6052137471710587
IN,IND,India,IND.11_1,IND.11_1,Gujarat,Goudjerate|Gujerat|Gujerate,Gujarat,State,State,NA,IN.GJ,NA,NA,NA,NA,Gujarat,NA,Gujarat,IN-GJ,iso3166-2,NA,NA,NA,0.3926565376363722,0.6407283795263244,0.32405559028413067,0.6052137471710587
IN,IND,India,IND.12_1,IND.12_1,Haryana,NA,Haryana,State,State,NA,IN.HR,NA,NA,NA,NA,Haryana,NA,Haryana,IN-HR,iso3166-2,NA,NA,NA,0.493691823071725,0.6681698135395711,0.32405559028413067,0.6052137471710587
IN,IND,India,IND.13_1,IND.13_1,Himachal Pradesh,NA,Himachal Pradesh,Union Territor,Union Territory,NA,IN.HP,NA,NA,NA,NA,Himachal Pradesh,NA,Himachal Pradesh,IN-HP,iso3166-2,NA,NA,NA,0.4600205770681052,0.6549581725111853,0.32405559028413067,0.6052137471710587
IN,IND,India,IND.14_1,IND.14_1,Jammu and Kashmir,NA,Jammu and Kashmir,Union Territor,Union Territory,NA,IN.JK,NA,NA,NA,NA,Jammu and Kashmir,NA,Jammu and Kashmir,IN-JK,iso3166-2,NA,NA,NA,0.4431058335924939,0.7157982865763366,0.32405559028413067,0.6052137471710587
IN,IND,India,IND.15_1,IND.15_1,Jharkhand,Vananchal,Jharkhand,State,State,NA,IN.JH,NA,NA,NA,NA,Jharkhand,NA,Jharkhand,IN-JH,iso3166-2,NA,NA,NA,0.3625966493402662,0.6344047332987165,0.32405559028413067,0.6052137471710587
IN,IND,India,IND.16_1,IND.16_1,Karnataka,Maisur|Mysore,Karnataka,State,State,NA,IN.KA,NA,NA,NA,NA,Karnataka,NA,Karnataka,IN-KA,iso3166-2,NA,NA,NA,0.3654160160857477,0.5882992557283119,0.32405559028413067,0.6052137471710587
IN,IND,India,IND.17_1,IND.17_1,Kerala,NA,Kerala,State,State,NA,IN.KL,NA,NA,NA,NA,Kerala,NA,Kerala,IN-KL,iso3166-2,NA,NA,NA,0.44583760123893196,0.6820896761329905,0.32405559028413067,0.6052137471710587
IN,IND,India,NA,IN-LA,NA,NA,NA,NA,NA,NA,NA,NA,NA,NA,NA,Ladakh,NA,Ladakh,IN-LA,iso3166-2,NA,NA,NA,NA,NA,0.32405559028413067,0.6052137471710587
IN,IND,India,IND.18_1,IND.18_1,Lakshadweep,√çles Laquedives|Laccadive|Minicoy and Amindivi Islands|Laccadives|Lackadiverna|Lakkadiven|Lakkadi,Lakshadweep,Union Territor,Union Territory,NA,IN.LD,NA,NA,NA,NA,Lakshadweep,NA,Lakshadweep,IN-LD,iso3166-2,NA,NA,NA,NA,NA,0.32405559028413067,0.6052137471710587
IN,IND,India,IND.19_1,IND.19_1,Madhya Pradesh,NA,Madhya Pradesh,State,State,NA,IN.MP,NA,NA,NA,NA,Madhya Pradesh,NA,Madhya Pradesh,IN-MP,iso3166-2,NA,NA,NA,0.3075293969210669,0.6137996662499597,0.32405559028413067,0.6052137471710587
IN,IND,India,IND.20_1,IND.20_1,Maharashtra,NA,Maharashtra,State,State,NA,IN.MH,NA,NA,NA,NA,Maharashtra,NA,Maharashtra,IN-MH,iso3166-2,NA,NA,NA,0.39128475146939573,0.6022040792267755,0.32405559028413067,0.6052137471710587
IN,IND,India,IND.21_1,IND.21_1,Manipur,NA,Manipur,State,State,NA,IN.MN,NA,NA,NA,NA,Manipur,NA,Manipur,IN-MN,iso3166-2,NA,NA,NA,0.4537087220333434,0.7352592135239768,0.32405559028413067,0.6052137471710587
IN,IND,India,IND.22_1,IND.22_1,Meghalaya,NA,Meghalaya,State,State,NA,IN.ML,NA,NA,NA,NA,Meghalaya,NA,Meghalaya,IN-ML,iso3166-2,NA,NA,NA,0.4396242764571838,0.6974304704948129,0.32405559028413067,0.6052137471710587
IN,IND,India,IND.23_1,IND.23_1,Mizoram,NA,Mizoram,State,State,NA,IN.MZ,NA,NA,NA,NA,Mizoram,NA,Mizoram,IN-MZ,iso3166-2,NA,NA,NA,0.5894751672245124,0.8775312044190914,0.32405559028413067,0.6052137471710587
IN,IND,India,IND.24_1,IND.24_1,Nagaland,NA,Nagaland,State,State,NA,IN.NL,NA,NA,NA,NA,Nagaland,NA,Nagaland,IN-NL,iso3166-2,NA,NA,NA,0.46990073239619307,0.7576989678170045,0.32405559028413067,0.6052137471710587
IN,IND,India,IND.26_1,IND.26_1,Odisha,NA,Odisha,State,State,NA,IN.OR,NA,NA,NA,NA,Odisha,Orissa,Odisha,IN-OR,iso3166-2,NA,NA,NA,0.36821307117935465,0.6964295590396326,0.32405559028413067,0.6052137471710587
IN,IND,India,IND.27_1,IND.27_1,Puducherry,Pondicherry|Puduchcheri|Pondich√©ry,Puducherry,Union Territor,Union Territory,NA,IN.PY,NA,NA,NA,NA,Puducherry,Pondicherry,Puducherry,IN-PY,iso3166-2,NA,NA,NA,0.4304764703263049,0.6815255135880233,0.32405559028413067,0.6052137471710587
IN,IND,India,IND.28_1,IND.28_1,Punjab,NA,Punjab,State,State,NA,IN.PB,NA,NA,NA,NA,Punjab,NA,Punjab,IN-PB,iso3166-2,NA,NA,NA,0.4400098755281789,0.6922007576655139,0.32405559028413067,0.6052137471710587
IN,IND,India,IND.29_1,IND.29_1,Rajasthan,Greater Rajasthan|Rajputana,Rajasthan,State,State,NA,IN.RJ,NA,NA,NA,NA,Rajasthan,NA,Rajasthan,IN-RJ,iso3166-2,NA,NA,NA,0.4785436383025457,0.6537911836159188,0.32405559028413067,0.6052137471710587
IN,IND,India,IND.30_1,IND.30_1,Sikkim,NA,Sikkim,State,State,NA,IN.SK,NA,NA,NA,NA,Sikkim,NA,Sikkim,IN-SK,iso3166-2,NA,NA,NA,0.4119663912648834,0.6574010112175065,0.32405559028413067,0.6052137471710587
IN,IND,India,IND.31_1,IND.31_1,Tamil Nadu,Madras|Tamilnad,Tamil Nadu,State,State,NA,IN.TN,NA,NA,NA,NA,Tamil Nadu,NA,Tamil Nadu,IN-TN,iso3166-2,NA,NA,NA,0.317178528973722,0.6205400295921241,0.32405559028413067,0.6052137471710587
IN,IND,India,IND.32_1,IND.32_1,Telangana,NA,Telangana,State,State,NA,IN.TG,NA,NA,NA,NA,Telangana,NA,Telangana,IN-TG,iso3166-2,NA,NA,NA,0.43790042981338406,0.6139698563510071,0.32405559028413067,0.6052137471710587
IN,IND,India,IND.33_1,IND.33_1,Tripura,NA,Tripura,State,State,NA,IN.TR,NA,NA,NA,NA,Tripura,NA,Tripura,IN-TR,iso3166-2,NA,NA,NA,0.18635871296016374,0.3843340989348516,0.32405559028413067,0.6052137471710587
IN,IND,India,IND.34_1,IND.34_1,Uttar Pradesh,United Provinces,Uttar Pradesh,State,State,NA,IN.UP,NA,NA,NA,NA,Uttar Pradesh,NA,Uttar Pradesh,IN-UP,iso3166-2,NA,NA,NA,0.4767721312023641,0.648526473087431,0.32405559028413067,0.6052137471710587
IN,IND,India,IND.35_1,IND.35_1,Uttarakhand,Uttarakhand,Uttarakhand,State,State,NA,IN.UT,NA,NA,NA,NA,Uttarakhand,Uttaranchal,Uttarakhand,IN-UT,iso3166-2,NA,NA,NA,0.3918099083005225,0.6701898293110634,0.32405559028413067,0.6052137471710587
IN,IND,India,IND.36_1,IND.36_1,West Bengal,Bangla|Bengala Occidentale|Bengala Ocidental|Bengale occidental,West Bengal,State,State,NA,IN.WB,NA,NA,NA,NA,West Bengal,NA,West Bengal,IN-WB,iso3166-2,NA,NA,NA,0.38301460637818746,0.5790093061664028,0.32405559028413067,0.6052137471710587
IQ,IRQ,Iraq,IRQ.1_1,IRQ.1_1,Al-Anbar,Dulaim|Ramadi,Al-Anbar,Muhafazah,Province,NA,IQ.AN,NA,NA,NA,NA,Al Anbār,NA,الأنبار,IQ-AN,iso3166-2,NA,NA,NA,0.5667400398785915,0.3284605933862388,0.4351366032840694,0.25294881357979915
IQ,IRQ,Iraq,IRQ.2_1,IRQ.2_1,Al-Basrah,Basra|Bassora,Al-Basrah,Muhafazah,Province,NA,IQ.BA,NA,NA,NA,NA,Al Başrah,NA,البصرة,IQ-BA,iso3166-2,NA,NA,NA,0.48116702507744674,0.4006719446816854,0.4351366032840694,0.25294881357979915
IQ,IRQ,Iraq,IRQ.3_1,IRQ.3_1,Al-Muthannia,Al-Muthanna,Al-Muthannia,Muhafazah,Province,NA,IQ.MU,NA,NA,NA,NA,Al Muthanná,NA,المثنى,IQ-MU,iso3166-2,NA,NA,NA,0.42096111945911724,0.26679961437452737,0.4351366032840694,0.25294881357979915
IQ,IRQ,Iraq,IRQ.4_1,IRQ.4_1,Al-Qadisiyah,Diwaniyah,Al-Qadisiyah,Muhafazah,Province,NA,IQ.QA,NA,NA,NA,NA,Al Qādisīyah,Diwaniya,القادسية,IQ-QA,iso3166-2,NA,NA,NA,0.5368565435501226,0.35390102823381114,0.4351366032840694,0.25294881357979915
IQ,IRQ,Iraq,IRQ.5_1,IRQ.5_1,An-Najaf,NA,An-Najaf,Muhafazah,Province,NA,IQ.NA,NA,NA,NA,NA,An Najaf,NA,النجف,IQ-NA,iso3166-2,NA,NA,NA,0.5535614257134676,0.337398516910874,0.4351366032840694,0.25294881357979915
IQ,IRQ,Iraq,IRQ.6_1,IRQ.6_1,Arbil,Arbela|Erbil|Irbil,Arbil,Muhafazah,Province,NA,IQ.AR,NA,NA,NA,NA,Arbīl,NA,پارێزگای ھەولێر,IQ-AR,iso3166-2,NA,NA,NA,0.45775020660210036,0.28794397484671297,0.4351366032840694,0.25294881357979915
IQ,IRQ,Iraq,IRQ.7_1,IRQ.7_1,As-Sulaymaniyah,NA,As-Sulaymaniyah,Muhafazah,Province,NA,IQ.SU,NA,NA,NA,NA,As Sulaymānīyah,NA,پارێزگای سلێمانی,IQ-SU,iso3166-2,NA,NA,NA,0.4491129077465272,0.45607037335325323,0.4351366032840694,0.25294881357979915
IQ,IRQ,Iraq,IRQ.9_1,IRQ.9_1,Babil,Babylon|Hilla,Babil,Muhafazah,Province,NA,IQ.BB,NA,NA,NA,NA,Bābil,NA, بابل,IQ-BB,iso3166-2,NA,NA,NA,0.4486068753421628,0.2815708142733906,0.4351366032840694,0.25294881357979915
IQ,IRQ,Iraq,IRQ.10_1,IRQ.10_1,Baghdad,Bagd¬†|Bagdad,Baghdad,Muhafazah,Province,NA,IQ.BG,NA,NA,NA,NA,Baghdād,NA, بغداد,IQ-BG,iso3166-2,NA,NA,NA,0.4745513201965135,0.2835844642368228,0.4351366032840694,0.25294881357979915
IQ,IRQ,Iraq,IRQ.12_1,IRQ.12_1,Dihok,Dahuk|D'hok,Dihok,Muhafazah,Province,NA,IQ.DA,NA,NA,NA,1,Dahūk,NA,پارێزگای دھۆک,IQ-DA,iso3166-2,NA,NA,NA,0.5807265755286799,0.45651430233478696,0.4351366032840694,0.25294881357979915
IQ,IRQ,Iraq,IRQ.11_1,IRQ.11_1,Dhi-Qar,Dhi Qar|Muntafiq|Nasiriyah|Thi-Qar,Dhi-Qar,Muhafazah,Province,NA,IQ.DQ,NA,NA,NA,NA,Dhī Qār,NA,ذي قار,IQ-DQ,iso3166-2,NA,NA,NA,0.5362818348311041,0.3416695465414434,0.4351366032840694,0.25294881357979915
IQ,IRQ,Iraq,IRQ.13_1,IRQ.13_1,Diyala,NA,Diyala,Muhafazah,Province,NA,IQ.DI,NA,NA,NA,NA,Diyālá,NA,ديالى,IQ-DI,iso3166-2,NA,NA,NA,0.5525908434250769,0.3875595751928011,0.4351366032840694,0.25294881357979915
IQ,IRQ,Iraq,NA,IQ-HALABJA,NA,NA,NA,NA,NA,NA,NA,NA,NA,NA,1,Halabja,NA,پارێزگای ھەڵەبجە,IQ-HALABJA,ypccc,NA,NA,NA,NA,NA,0.4351366032840694,0.25294881357979915
IQ,IRQ,Iraq,IRQ.14_1,IRQ.14_1,Karbala',Kerbela,Karbala',Muhafazah,Province,NA,IQ.KA,NA,NA,NA,NA,Karbalā’,NA, كربلاء,IQ-KA,iso3166-2,NA,NA,NA,0.4319857802695813,0.3102437699353533,0.4351366032840694,0.25294881357979915
IQ,IRQ,Iraq,IRQ.8_1,IRQ.8_1,At-Ta'mim,Kirkuk|Tamin,At-Ta'mim,Muhafazah,Province,NA,IQ.TS,NA,NA,NA,NA,Kirkūk,NA,پارێزگای کەرکووک‎,IQ-KI,iso3166-2,NA,NA,NA,0.4864312868244415,0.23641821649257042,0.4351366032840694,0.25294881357979915
IQ,IRQ,Iraq,IRQ.15_1,IRQ.15_1,Maysan,`Amara,Maysan,Muhafazah,Province,NA,IQ.MA,NA,NA,NA,NA,Maysān,NA,ميسان,IQ-MA,iso3166-2,NA,NA,NA,0.5780850639606715,0.4708486945517693,0.4351366032840694,0.25294881357979915
IQ,IRQ,Iraq,IRQ.16_1,IRQ.16_1,Ninawa,Al-Mawsil|Mosul|Ninive|N¬°nive|Nineveh|Niniveh,Ninawa,Muhafazah,Province,NA,IQ.NI,NA,NA,NA,NA,Nīnawá,NA,نينوى,IQ-NI,iso3166-2,NA,NA,NA,0.40751792979370594,0.36118054371690533,0.4351366032840694,0.25294881357979915
IQ,IRQ,Iraq,IRQ.17_1,IRQ.17_1,Sala ad-Din,Salah ad-Din|Salaheddin,Sala ad-Din,Muhafazah,Province,NA,IQ.SD,NA,NA,NA,NA,Şalāḩ ad Dīn,NA,الدين,IQ-SD,iso3166-2,NA,NA,NA,0.5079445277414688,0.36226493594727777,0.4351366032840694,0.25294881357979915
IQ,IRQ,Iraq,IRQ.18_1,IRQ.18_1,Wasit,Kut|Kut-al-Imara,Wasit,Muhafazah,Province,NA,IQ.WA,NA,NA,NA,NA,Wāsiţ,NA,واسط‎,IQ-WA,iso3166-2,NA,NA,NA,0.49768261697419663,0.3422659932147788,0.4351366032840694,0.25294881357979915
IR,IRN,Iran,IRN.1_1,IRN.1_1,Alborz,NA,Alborz,Ostan,Province,NA,IR.AL,NA,NA,NA,1,Alborz,NA,استان البرز,IR-30,iso3166-2,2/4/22,IR-30,NA,0.5630678504522433,0.6195557895749176,0.488745414312233,0.48920223654568046
IR,IRN,Iran,IRN.2_1,IRN.2_1,Ardebil,Ardabil,Ardebil,Ostan,Province,NA,IR.AR,NA,NA,NA,NA,Ardabīl,NA,اردبیل اوستانی,IR-24,iso3166-2,2/4/22,IR-25,NA,0.5227013808671933,0.5738174261409499,0.488745414312233,0.48920223654568046
IR,IRN,Iran,IRN.29_1,IRN.29_1,West Azarbaijan,Azarbayjan-e Bakhtari|Azarbaijan-e Gharbi|West Azarbayejan|Azerba‚Äπdjan e Gharbi,West Azarbaijan,Ostan,Province,NA,IR.WA,NA,NA,NA,NA,Āz̄ārbāyjān-e Ghārbī,West Azerbaijan, آذربایجان غربی,IR-04,iso3166-2,2/4/22,IR-04,NA,0.5418486146784302,0.5392716979140358,0.488745414312233,0.48920223654568046
IR,IRN,Iran,IRN.5_1,IRN.5_1,East Azarbaijan,Azarbayjan-e Khavari|Azarbaijan-e Sharghi|Azarbaijan-Sharqi|East Azarbayejan|Azerba‚Äπdjan e Sharqi,East Azarbaijan,Ostan,Province,NA,IR.EA,NA,NA,NA,NA,Āz̄ārbāyjān-e Shārqī,East Azerbaijan,شرقی آذربایجان اوستانی‎,IR-03,iso3166-2,2/4/22,IR-03,NA,0.5389202936850248,0.5251450903580244,0.488745414312233,0.48920223654568046
IR,IRN,Iran,IRN.3_1,IRN.3_1,Bushehr,Banader va Jazayer-e Khalij-e Fars|Bushire|Persian Gulf|Ports and Islands of the Persian Gulf,Bushehr,Ostan,Province,NA,IR.BS,NA,NA,NA,NA,Būshehr,NA, بوشهر,IR-18,iso3166-2,2/4/22,IR-18,NA,0.49447379447766443,0.5130927318899072,0.488745414312233,0.48920223654568046
IR,IRN,Iran,IRN.4_1,IRN.4_1,Chahar Mahall and Bakhtiari,Bakhtiari|Chaharmahal va Bakhtiyari|Charmahal-Bakhtiyari,Chahar Mahall and Bakhtiari,Ostan,Province,NA,IR.CM,NA,NA,NA,NA,Chahār Maḩāl va Bakhtīārī,NA,چهارمحال و بختیاری,IR-14,iso3166-2,2/4/22,IR-14,NA,0.5132991474261343,0.5465401074015609,0.488745414312233,0.48920223654568046
IR,IRN,Iran,IRN.6_1,IRN.6_1,Esfahan,Isfahan|Ispahan,Esfahan,Ostan,Province,NA,IR.ES,NA,NA,NA,NA,Eşfahān,NA,اصفهان,IR-10,iso3166-2,2/4/22,IR-10,NA,0.5489931924279968,0.5739626738376633,0.488745414312233,0.48920223654568046
IR,IRN,Iran,IRN.7_1,IRN.7_1,Fars,NA,Fars,Ostan,Province,NA,IR.FA,NA,NA,NA,NA,Fārs,NA, فارس,IR-07,iso3166-2,2/4/22,IR-07,NA,0.540645875040069,0.5652129763588281,0.488745414312233,0.48920223654568046
IR,IRN,Iran,IRN.8_1,IRN.8_1,Gilan,NA,Gilan,Ostan,Province,NA,IR.GI,NA,NA,NA,NA,Gīlān,NA, گیلان,IR-01,iso3166-2,2/4/22,IR-01,NA,0.5052310469826142,0.5392487780261804,0.488745414312233,0.48920223654568046
IR,IRN,Iran,IRN.9_1,IRN.9_1,Golestan,NA,Golestan,Ostan,Province,NA,IR.GO,NA,NA,NA,NA,Golestān,NA,گلستان,IR-27,iso3166-2,2/4/22,IR-27,NA,0.5585025433250463,0.5176443710074637,0.488745414312233,0.48920223654568046
IR,IRN,Iran,IRN.10_1,IRN.10_1,Hamadan,Hamedan,Hamadan,Ostan,Province,NA,IR.HD,NA,NA,NA,NA,Hamadān,NA, همدان,IR-13,iso3166-2,2/4/22,IR-13,NA,0.5390156244254802,0.5330112804444788,0.488745414312233,0.48920223654568046
IR,IRN,Iran,IRN.11_1,IRN.11_1,Hormozgan,Banader va Jazayer-e Bahr-e Oman|Ports and Islands of the Sea of Oman|Saheli,Hormozgan,Ostan,Province,NA,IR.HG,NA,NA,NA,NA,Hormozgān,NA, هرمزگان,IR-22,iso3166-2,2/4/22,IR-22,NA,0.5665996415624437,0.4963409019743713,0.488745414312233,0.48920223654568046
IR,IRN,Iran,IRN.12_1,IRN.12_1,Ilam,Ilam and Poshtkuh,Ilam,Ostan,Province,NA,IR.IL,NA,NA,NA,NA,Īlām,NA,ایلام,IR-16,iso3166-2,2/4/22,IR-16,NA,0.4934199021782475,0.5056421340477286,0.488745414312233,0.48920223654568046
IR,IRN,Iran,IRN.13_1,IRN.13_1,Kerman,NA,Kerman,Ostan,Province,NA,IR.KE,NA,NA,NA,NA,Kermān,NA, کرمان,IR-08,iso3166-2,2/4/22,IR-08,NA,0.5119335070044807,0.47813260233593674,0.488745414312233,0.48920223654568046
IR,IRN,Iran,IRN.14_1,IRN.14_1,Kermanshah,Bakhtaran|Kermanshahan,Kermanshah,Ostan,Province,NA,IR.BK,NA,NA,NA,NA,Kermānshāh,NA,کرمانشاه,IR-05,iso3166-2,2/4/22,IR-05,NA,0.5112611511235735,0.5000581586155521,0.488745414312233,0.48920223654568046
IR,IRN,Iran,IRN.27_1,IRN.27_1,South Khorasan,Khorasan-e Janubi,South Khorasan,Ostan,Province,NA,IR.KJ,NA,NA,NA,NA,Khorāsān-e Jonūbī,South Khorasan,خراسان جنوبی,IR-29,iso3166-2,2/4/22,IR-29,NA,0.5806229884209396,0.5842886596826528,0.488745414312233,0.48920223654568046
IR,IRN,Iran,IRN.24_1,IRN.24_1,Razavi Khorasan,Khorasan-e Razavi,Razavi Khorasan,Ostan,Province,NA,IR.KV,NA,NA,NA,NA,Khorāsān-e Raẕavī,NA,خراسان رضوی,IR-09,iso3166-2,2/4/22,IR-09,NA,0.531177575173774,0.4600813295136135,0.488745414312233,0.48920223654568046
IR,IRN,Iran,IRN.21_1,IRN.21_1,North Khorasan,Khorasan-e Shemali,North Khorasan,Ostan,Province,NA,IR.KS,NA,NA,NA,NA,Khorāsān-e Shomālī,North Khorasan,خراسان شمالی,IR-28,iso3166-2,2/4/22,IR-28,NA,0.5457449983803121,0.47761875617156113,0.488745414312233,0.48920223654568046
IR,IRN,Iran,IRN.15_1,IRN.15_1,Khuzestan,Khuzistan|Kouzistan,Khuzestan,Ostan,Province,NA,IR.KZ,NA,NA,NA,NA,Khūzestān,NA, خوزستان,IR-06,iso3166-2,2/4/22,IR-06,NA,0.5612537500255236,0.546431747171748,0.488745414312233,0.48920223654568046
IR,IRN,Iran,IRN.16_1,IRN.16_1,Kohgiluyeh and Buyer Ahmad,Bovir Ahmadi and Kohkiluyeh|Boyer-Ahmad and Koh-Giluye|Boyer Ahmad e Kohkiluyeh|Boyer Ahmadi-ye Sardir va Kohkiluyeh|Kohgil,Kohgiluyeh and Buyer Ahmad,Ostan,Province,NA,IR.KB,NA,NA,NA,NA,Kohgīlūyeh va Bowyer Aḩmad,NA,کهگیلویه و بویراحمد,IR-17,iso3166-2,2/4/22,IR-17,NA,0.47923750285918676,0.48386438184569386,0.488745414312233,0.48920223654568046
IR,IRN,Iran,IRN.17_1,IRN.17_1,Kordestan,Kurdistan,Kordestan,Ostan,Province,NA,IR.KD,NA,NA,NA,NA,Kordestān,NA,پارێزگای کوردستان,IR-12,iso3166-2,2/4/22,IR-12,NA,0.49219907595662316,0.4799315856107896,0.488745414312233,0.48920223654568046
IR,IRN,Iran,IRN.18_1,IRN.18_1,Lorestan,NA,Lorestan,Ostan,Province,NA,IR.LO,NA,NA,NA,NA,Lorestān,NA, لرستان,IR-15,iso3166-2,2/4/22,IR-15,NA,0.5174651068972591,0.5985013817154593,0.488745414312233,0.48920223654568046
IR,IRN,Iran,IRN.19_1,IRN.19_1,Markazi,NA,Markazi,Ostan,Province,NA,IR.MK,NA,NA,NA,NA,Markazī,NA,استان مرکزی,IR-00,iso3166-2,2/4/22,IR-00,NA,0.5482277208623023,0.6438026008486862,0.488745414312233,0.48920223654568046
IR,IRN,Iran,IRN.20_1,IRN.20_1,Mazandaran,NA,Mazandaran,Ostan,Province,NA,IR.MN,NA,NA,NA,NA,Māzandarān,NA, مازندران,IR-02,iso3166-2,2/4/22,IR-02,NA,0.5437470475925259,0.49592493496722,0.488745414312233,0.48920223654568046
IR,IRN,Iran,IRN.22_1,IRN.22_1,Qazvin,NA,Qazvin,Ostan,Province,NA,IR.QZ,NA,NA,1,NA,Qazvīn,NA, قزوین,IR-26,iso3166-2,2/4/22,IR-26,NA,0.5707806112954602,0.6394679135505453,0.488745414312233,0.48920223654568046
IR,IRN,Iran,IRN.23_1,IRN.23_1,Qom,NA,Qom,Ostan,Province,NA,IR.QM,NA,NA,NA,NA,Qom,NA, قم,IR-25,iso3166-2,2/4/22,IR-25,NA,0.5062593365917226,0.47498074691338826,0.488745414312233,0.48920223654568046
IR,IRN,Iran,IRN.25_1,IRN.25_1,Semnan,NA,Semnan,Ostan,Province,NA,IR.SM,NA,NA,NA,NA,Semnān,NA, سمنان,IR-20,iso3166-2,2/4/22,IR-20,NA,0.5486918222179558,0.495399771428622,0.488745414312233,0.48920223654568046
IR,IRN,Iran,IRN.26_1,IRN.26_1,Sistan and Baluchestan,Baluchestan va Sistan|Seistan and Baluchistan|Sistan e Baloutchistan,Sistan and Baluchestan,Ostan,Province,NA,IR.SB,NA,NA,NA,NA,Sīstān va Balūchestān,NA,سیستان و بلوچستان,IR-11,iso3166-2,2/4/22,IR-11,NA,0.5076956496864166,0.45294184501368834,0.488745414312233,0.48920223654568046
IR,IRN,Iran,IRN.28_1,IRN.28_1,Tehran,Teheran,Tehran,Ostan,Province,NA,IR.TH,NA,NA,NA,1,Tehrān,NA, تهران,IR-23,iso3166-2,2/4/22,IR-23,NA,0.5462552286482971,0.580060881709797,0.488745414312233,0.48920223654568046
IR,IRN,Iran,IRN.30_1,IRN.30_1,Yazd,NA,Yazd,Ostan,Province,NA,IR.YA,NA,NA,NA,NA,Yazd,NA, یزد,IR-21,iso3166-2,2/4/22,IR-21,NA,0.5484987194458145,0.5063698137982121,0.488745414312233,0.48920223654568046
IR,IRN,Iran,IRN.31_1,IRN.31_1,Zanjan,NA,Zanjan,Ostan,Province,NA,IR.ZA,NA,NA,NA,NA,Zanjān,NA, زنجان,IR-19,iso3166-2,2/4/22,IR-19,NA,0.506925362107168,0.5009348144542272,0.488745414312233,0.48920223654568046
IS,ISL,Iceland,ISL.1_1,ISL.1_1,Austurland,Eastland,Austurland,Landsv√¶√∞i,Region,NA,IS.AL,B,Landsbyggð,NA,NA,Austurland,NA,Austurland,IS-7,iso3166-2,NA,NA,NA,NA,NA,0.3017703873817429,0.45855602418174296
IS,ISL,Iceland,ISL.2_1,ISL.2_1,H√°lshreppur,Nor√∞urland eystra|Northland East,H√°lshreppur,Landsv√¶√∞i,Region,NA,IS.NE,A,Höfuðborgarsvæðið,NA,NA,Höfuðborgarsvæðið,Capital Region,Höfuðborgarsvæðið,IS-1,iso3166-2,NA,NA,NA,NA,NA,0.3017703873817429,0.45855602418174296
IS,ISL,Iceland,ISL.3_1,ISL.3_1,H√∂fu√∞borgarsv√¶√∞i,Capital|Reykjavik and Reykjane,H√∂fu√∞borgarsv√¶√∞i,Landsv√¶√∞i,Region,NA,IS.HO,B,Landsbyggð,NA,NA,Norðurland eystra,NA,Norðurland eystra,IS-6,iso3166-2,NA,NA,NA,NA,NA,0.3017703873817429,0.45855602418174296
IS,ISL,Iceland,ISL.4_1,ISL.4_1,Nor√∞urland vestra,Northland West,Nor√∞urland vestra,Landsv√¶√∞i,Region,NA,IS.NV,B,Landsbyggð,NA,NA,Norðurland vestra,NA,Norðurland vestra,IS-5,iso3166-2,NA,NA,NA,NA,NA,0.3017703873817429,0.45855602418174296
IS,ISL,Iceland,ISL.5_1,ISL.5_1,Su√∞urland,Southland|South,Su√∞urland,Landsv√¶√∞i,Region,NA,IS.SL,B,Landsbyggð,NA,NA,Suðurland,NA,Suðurland,IS-8,iso3166-2,NA,NA,NA,NA,NA,0.3017703873817429,0.45855602418174296
IS,ISL,Iceland,ISL.6_1,ISL.6_1,Su√∞urnes,Southern Peninsula,Su√∞urnes,Kaupstadir,Independent Town,NA,IS.SU,B,Landsbyggð,NA,NA,Suðurnes,NA,Suðurnes,IS-2,iso3166-2,NA,NA,NA,NA,NA,0.3017703873817429,0.45855602418174296
IS,ISL,Iceland,ISL.7_1,ISL.7_1,Vestfir√∞ir,Western Fjords|Western Peninsula,Vestfir√∞ir,Landsv√¶√∞i,Region,NA,IS.VF,B,Landsbyggð,NA,NA,Vestfirðir,NA,Vestfirðir,IS-4,iso3166-2,NA,NA,NA,NA,NA,0.3017703873817429,0.45855602418174296
IS,ISL,Iceland,ISL.8_1,ISL.8_1,Vesturland,Westland|West,Vesturland,Landsv√¶√∞i,Region,NA,IS.VL,B,Landsbyggð,NA,NA,Vesturland,NA,Vesturland,IS-3,iso3166-2,NA,NA,NA,NA,NA,0.3017703873817429,0.45855602418174296
IT,ITA,Italy,ITA.1_1,ITA.1_1,Abruzzo,Abruzos|Abruzzen|Abruzzes|Abruzzi,Abruzzo,Regione,Region,13,NA,NA,NA,NA,NA,Abruzzo,NA,Abruzzo,IT-65,iso3166-2,NA,NA,NA,0.561164493781154,0.6240476902435663,0.5229825109714725,0.5923654949266305
IT,ITA,Italy,ITA.3_1,ITA.3_1,Basilicata,Basilicate|Lucania,Basilicata,Regione,Region,17,NA,NA,NA,NA,NA,Basilicata,NA,Basilicata,IT-77,iso3166-2,NA,NA,NA,0.5960234716959321,0.6809794336813886,0.5229825109714725,0.5923654949266305
IT,ITA,Italy,ITA.4_1,ITA.4_1,Calabria,Calabre|Calabrie|Kalabrien,Calabria,Regione,Region,18,NA,NA,NA,NA,NA,Calabria,NA,Calabria,IT-78,iso3166-2,NA,NA,NA,0.60168661368157494,0.67103762953543,0.5229825109714725,0.5923654949266305
IT,ITA,Italy,ITA.5_1,ITA.5_1,Campania,Campanha|Campanie|Kampanien,Campania,Regione,Region,15,NA,NA,NA,NA,NA,Campania,NA,Campania,IT-72,iso3166-2,NA,NA,NA,0.6078930743402539,0.6358993056598046,0.5229825109714725,0.5923654949266305
IT,ITA,Italy,ITA.6_1,ITA.6_1,Emilia-Romagna,Emilia Romagna|Emilia|Emilia-Roma√±a|√âmilie-Romagne,Emilia-Romagna,Regione,Region,8,NA,NA,NA,NA,NA,Emilia-Romagna,NA,Emilia-Romagna,IT-45,iso3166-2,NA,NA,NA,0.5106573837450382,0.5622596574924454,0.5229825109714725,0.5923654949266305
IT,ITA,Italy,ITA.7_1,ITA.7_1,Friuli-Venezia Giulia,Friuli Venezia Giulia|Friuli-Venecia Julia,Friuli-Venezia Giulia,Regione,Autonomous Region,6,NA,NA,NA,NA,NA,Friuli Venezia Giulia,NA,Friuli Venezia Giulia,IT-36,iso3166-2,NA,NA,NA,0.6326702207166061,0.6218220165912046,0.5229825109714725,0.5923654949266305
IT,ITA,Italy,ITA.8_1,ITA.8_1,Lazio,Lacio|Latium,Lazio,Regione,Region,12,NA,NA,NA,NA,NA,Lazio,NA,Lazio,IT-62,iso3166-2,NA,NA,NA,0.5945633223942227,0.6367439521179955,0.5229825109714725,0.5923654949266305
IT,ITA,Italy,ITA.9_1,ITA.9_1,Liguria,Ligurie|Ligurien,Liguria,Regione,Region,7,NA,NA,NA,NA,NA,Liguria,NA,Liguria,IT-42,iso3166-2,NA,NA,NA,0.5224040783838073,0.6352259419460604,0.5229825109714725,0.5923654949266305
IT,ITA,Italy,ITA.10_1,ITA.10_1,Lombardia,Lombardy|Lombardei|Lombardie,Lombardia,Regione,Region,3,NA,NA,NA,NA,NA,Lombardia,NA,Lombardia,IT-25,iso3166-2,NA,NA,NA,0.5705601966729791,0.6341391560388245,0.5229825109714725,0.5923654949266305
IT,ITA,Italy,ITA.11_1,ITA.11_1,Marche,Marches|Marca,Marche,Regione,Region,11,NA,NA,NA,NA,NA,Marche,NA,Marche,IT-57,iso3166-2,NA,NA,NA,0.5710128276865125,0.6312279009328883,0.5229825109714725,0.5923654949266305
IT,ITA,Italy,ITA.12_1,ITA.12_1,Molise,Molisa,Molise,Regione,Region,14,NA,NA,NA,NA,NA,Molise,NA,Molise,IT-67,iso3166-2,NA,NA,NA,0.48224953134707227,0.6119645389858189,0.5229825109714725,0.5923654949266305
IT,ITA,Italy,ITA.13_1,ITA.13_1,Piemonte,Piemont|Pi√©mont|Piemonte|Piedmont,Piemonte,Regione,Region,1,NA,NA,NA,NA,NA,Piemonte,NA,Piemonte,IT-21,iso3166-2,NA,NA,NA,0.527866194024458,0.6002096002916081,0.5229825109714725,0.5923654949266305
IT,ITA,Italy,ITA.2_1,ITA.2_1,Apulia,Apulien|Pouilles|Pouille|Puglia|Puglie,Apulia,Regione,Region,16,NA,NA,NA,NA,NA,Puglia,NA,Puglia,IT-75,iso3166-2,NA,NA,NA,0.609120920597493,0.6571907867145824,0.5229825109714725,0.5923654949266305
IT,ITA,Italy,ITA.14_1,ITA.14_1,Sardegna,Cerde√±a|Sardenha,Sardegna,Regione,Autonomous Region,20,NA,NA,NA,NA,NA,Sardegna,NA,Sardegna,IT-88,iso3166-2,NA,NA,NA,0.5592296144481927,0.6081285721032441,0.5229825109714725,0.5923654949266305
IT,ITA,Italy,ITA.15_1,ITA.15_1,Sicily,Sicilia,Sicily,Regione,Autonomous Region,19,NA,NA,NA,NA,NA,Sicilia,NA,Sicilia,IT-82,iso3166-2,NA,NA,NA,0.5636130392402222,0.6332851759314351,0.5229825109714725,0.5923654949266305
IT,ITA,Italy,ITA.16_1,ITA.16_1,Toscana,Tuscany|Toscane|Toskana,Toscana,Regione,Region,9,NA,NA,NA,NA,NA,Toscana,NA,Toscana,IT-52,iso3166-2,NA,NA,NA,0.5529139879094592,0.6162073517253164,0.5229825109714725,0.5923654949266305
IT,ITA,Italy,ITA.17_1,ITA.17_1,Trentino-Alto Adige,Trentino - Alto Adige|Trentino-Alto Adigio|Trentino-South Tirol|Venezia Tridentina,Trentino-Alto Adige,Regione,Autonomous Region,4,NA,NA,NA,NA,NA,Trentino-Alto Adige,NA,Trentino-Alto Adige,IT-32,iso3166-2,NA,NA,NA,0.5490030433837235,0.5854317438253925,0.5229825109714725,0.5923654949266305
IT,ITA,Italy,ITA.18_1,ITA.18_1,Umbria,Ombrie|Umbrien,Umbria,Regione,Region,10,NA,NA,NA,NA,NA,Umbria,NA,Umbria,IT-55,iso3166-2,NA,NA,NA,0.5277450630892506,0.6173977814810725,0.5229825109714725,0.5923654949266305
IT,ITA,Italy,ITA.19_1,ITA.19_1,Valle d'Aosta,Aosta Valley|Val d'Aoste|Vall√©e d'Aoste,Valle d'Aosta,Regione,Autonomous Region,2,NA,NA,NA,NA,1,Valle d'Aosta,NA,Valle d'Aosta,IT-23,iso3166-2,NA,NA,NA,0.6335020625965858,0.6818080224639744,0.5229825109714725,0.5923654949266305
IT,ITA,Italy,ITA.20_1,ITA.20_1,Veneto,Venecia|Venetia|Venezia Euganea,Veneto,Regione,Region,5,NA,NA,NA,NA,NA,Veneto,NA,Veneto,IT-34,iso3166-2,NA,NA,NA,0.5193183750043411,0.5656890860963433,0.5229825109714725,0.5923654949266305
JM,JAM,Jamaica,JAM.1_1,JAM.1_1,Clarendon,NA,Clarendon,Parish,Parish,NA,JM.CL,NA,NA,NA,NA,Clarendon,NA,Clarendon,JM-13,iso3166-2,NA,NA,NA,0.6187090747074828,0.7904359455530411,0.5838572440474511,0.7120365152170081
JM,JAM,Jamaica,JAM.2_1,JAM.2_1,Hanover,NA,Hanover,Parish,Parish,NA,JM.HA,NA,NA,NA,NA,Hanover,NA,Hanover,JM-09,iso3166-2,NA,NA,NA,0.6014926632782467,0.6701625332665858,0.5838572440474511,0.7120365152170081
JM,JAM,Jamaica,JAM.3_1,JAM.3_1,Kingston,Kingston and Port Royal,Kingston,Parish,Parish,NA,JM.KI,NA,NA,NA,NA,Kingston,NA,Kingston,JM-01,iso3166-2,NA,NA,NA,NA,NA,0.5838572440474511,0.7120365152170081
JM,JAM,Jamaica,JAM.4_1,JAM.4_1,Manchester,NA,Manchester,Parish,Parish,NA,JM.MA,NA,NA,NA,NA,Manchester,NA,Manchester,JM-12,iso3166-2,NA,NA,NA,0.6160688190324237,0.6718549346401667,0.5838572440474511,0.7120365152170081
JM,JAM,Jamaica,JAM.5_1,JAM.5_1,Portland,NA,Portland,Parish,Parish,NA,JM.PO,NA,NA,NA,NA,Portland,NA,Portland,JM-04,iso3166-2,NA,NA,NA,0.587989393268968,0.70106022794686,0.5838572440474511,0.7120365152170081
JM,JAM,Jamaica,JAM.6_1,JAM.6_1,Saint Andrew,NA,Saint Andrew,Parish,Parish,NA,JM.SD,NA,NA,NA,NA,Saint Andrew,NA,Saint Andrew,JM-02,iso3166-2,NA,NA,NA,0.6183185718659808,0.6884891704589079,0.5838572440474511,0.7120365152170081
JM,JAM,Jamaica,JAM.7_1,JAM.7_1,Saint Ann,NA,Saint Ann,Parish,Parish,NA,JM.SN,NA,NA,NA,NA,Saint Ann,NA,Saint Ann,JM-06,iso3166-2,NA,NA,NA,0.6493457796116537,0.7338193530592343,0.5838572440474511,0.7120365152170081
JM,JAM,Jamaica,JAM.8_1,JAM.8_1,Saint Catherine,NA,Saint Catherine,Parish,Parish,NA,JM.SC,NA,NA,NA,NA,Saint Catherine,NA,Saint Catherine,JM-14,iso3166-2,NA,NA,NA,0.5937159940846314,0.7124686104769224,0.5838572440474511,0.7120365152170081
JM,JAM,Jamaica,JAM.9_1,JAM.9_1,Saint Elizabeth,NA,Saint Elizabeth,Parish,Parish,NA,JM.SE,NA,NA,NA,NA,Saint Elizabeth,NA,Saint Elizabeth,JM-11,iso3166-2,NA,NA,NA,0.6046274264635422,0.7272178338481846,0.5838572440474511,0.7120365152170081
JM,JAM,Jamaica,JAM.10_1,JAM.10_1,Saint James,NA,Saint James,Parish,Parish,NA,JM.SJ,NA,NA,NA,NA,Saint James,NA,Saint James,JM-08,iso3166-2,NA,NA,NA,0.6068650106077215,0.7359170079406051,0.5838572440474511,0.7120365152170081
JM,JAM,Jamaica,JAM.11_1,JAM.11_1,Saint Mary,NA,Saint Mary,Parish,Parish,NA,JM.SM,NA,NA,NA,NA,Saint Mary,NA,Saint Mary,JM-05,iso3166-2,NA,NA,NA,0.612055493279936,0.7389508612955323,0.5838572440474511,0.7120365152170081
JM,JAM,Jamaica,JAM.12_1,JAM.12_1,Saint Thomas,NA,Saint Thomas,Parish,Parish,NA,JM.ST,NA,NA,NA,NA,Saint Thomas,NA,Saint Thomas,JM-03,iso3166-2,NA,NA,NA,0.6238702976403796,0.7359153920656574,0.5838572440474511,0.7120365152170081
JM,JAM,Jamaica,JAM.13_1,JAM.13_1,Trelawny,NA,Trelawny,Parish,Parish,NA,JM.TR,NA,NA,NA,NA,Trelawny,NA,Trelawny,JM-07,iso3166-2,NA,NA,NA,0.6109379413650754,0.7499910495754333,0.5838572440474511,0.7120365152170081
JM,JAM,Jamaica,JAM.14_1,JAM.14_1,Westmoreland,NA,Westmoreland,Parish,Parish,NA,JM.WE,NA,NA,NA,NA,Westmoreland,NA,Westmoreland,JM-10,iso3166-2,NA,NA,NA,0.6621976683671286,0.7470904150678989,0.5838572440474511,0.7120365152170081
JO,JOR,Jordan,JOR.1_1,JOR.1_1,Ajlun,Ajloan|`Ajlun,Ajlun,Muhafazah,Province,NA,JO.AJ,NA,NA,NA,NA,‘Ajlūn,NA,عجلون,JO-AJ,iso3166-2,NA,NA,NA,0.3368311952575195,0.6716986387110874,0.23903449317523556,0.5980546906017523
JO,JOR,Jordan,JOR.3_1,JOR.3_1,Aqaba,Al `Aqabah,Aqaba,Muhafazah,Province,NA,JO.AQ,NA,NA,NA,NA,Al ‘Aqabah,Aqaba, العقبة,JO-AQ,iso3166-2,NA,NA,NA,0.3233461214240726,0.6288935955236009,0.23903449317523556,0.5980546906017523
JO,JOR,Jordan,JOR.2_1,JOR.2_1,Amman,Ama,Amman,Muhafazah,Province,NA,JO.AM,NA,NA,NA,NA,Al ‘A̅şimah,‘Ammān,العاصمة,JO-AM,iso3166-2,NA,NA,NA,0.3446375054028867,0.5945921432600313,0.23903449317523556,0.5980546906017523
JO,JOR,Jordan,JOR.4_1,JOR.4_1,Balqa,Al Balqa'|Balka|Belga,Balqa,Muhafazah,Province,NA,JO.BA,NA,NA,NA,NA,Al Balqā’,NA, البلقاء,JO-BA,iso3166-2,NA,NA,NA,0.32269896739798354,0.591472616816597,0.23903449317523556,0.5980546906017523
JO,JOR,Jordan,JOR.7_1,JOR.7_1,Karak,Al Karak|Kerak,Karak,Muhafazah,Province,NA,JO.KA,NA,NA,NA,NA,Al Karak,NA,الكرك,JO-KA,iso3166-2,NA,NA,NA,0.36661653279600626,0.6911479874725298,0.23903449317523556,0.5980546906017523
JO,JOR,Jordan,JOR.10_1,JOR.10_1,Mafraq,NA,Mafraq,Muhafazah,Province,NA,JO.MA,NA,NA,NA,NA,Al Mafraq,NA,المفرق,JO-MA,iso3166-2,NA,NA,NA,0.3232546972530995,0.6495020515966815,0.23903449317523556,0.5980546906017523
JO,JOR,Jordan,JOR.11_1,JOR.11_1,Tafilah,At Tafilah|Tafela|Tafileh,Tafilah,Muhafazah,Province,NA,JO.AT,NA,NA,NA,NA,Aţ Ţafīlah,NA, الطفيلة,JO-AT,iso3166-2,NA,NA,NA,0.3241048144482099,0.6024829931403904,0.23903449317523556,0.5980546906017523
JO,JOR,Jordan,JOR.12_1,JOR.12_1,Zarqa,Az Zarqa',Zarqa,Muhafazah,Province,NA,JO.AZ,NA,NA,NA,NA,Az Zarqā’,NA,الزرقاء,JO-AZ,iso3166-2,NA,NA,NA,0.3332958496990498,0.6693457182829913,0.23903449317523556,0.5980546906017523
JO,JOR,Jordan,JOR.5_1,JOR.5_1,Irbid,NA,Irbid,Muhafazah,Province,NA,JO.IR,NA,NA,NA,NA,Irbid,NA,إربد,JO-IR,iso3166-2,NA,NA,NA,0.33353297614984356,0.6457721957235406,0.23903449317523556,0.5980546906017523
JO,JOR,Jordan,JOR.6_1,JOR.6_1,Jarash,NA,Jarash,Muhafazah,Province,NA,JO.JA,NA,NA,NA,NA,Jarash,NA, جرش,JO-JA,iso3166-2,NA,NA,NA,0.3246281469573921,0.6096633765266197,0.23903449317523556,0.5980546906017523
JO,JOR,Jordan,JOR.8_1,JOR.8_1,Ma`an,NA,Ma`an,Muhafazah,Province,NA,JO.MN,NA,NA,NA,NA,Ma‘ān,NA,معان,JO-MN,iso3166-2,NA,NA,NA,0.3508971317019489,0.5954211139885774,0.23903449317523556,0.5980546906017523
JO,JOR,Jordan,JOR.9_1,JOR.9_1,Madaba,NA,Madaba,Muhafazah,Province,NA,JO.MD,NA,NA,NA,NA,Mādabā,NA, مادبا,JO-MD,iso3166-2,NA,NA,NA,0.33330297118547153,0.6558362003579542,0.23903449317523556,0.5980546906017523
JP,JPN,Japan,JPN.1_1,JPN.1_1,Aichi,Aiti,Aichi,Ken,Prefecture,NA,JP.AI,NA,NA,NA,NA,Aiti,NA,愛知県,JP-23,iso3166-2,NA,NA,NA,0.5420267047916607,0.5496653508358283,0.5099222206037741,0.5035118483717786
JP,JPN,Japan,JPN.2_1,JPN.2_1,Akita,NA,Akita,Ken,Prefecture,NA,JP.AK,NA,NA,NA,NA,Akita,NA,秋田県,JP-05,iso3166-2,NA,NA,NA,0.5782670540745671,0.5317470766105206,0.5099222206037741,0.5035118483717786
JP,JPN,Japan,JPN.3_1,JPN.3_1,Aomori,NA,Aomori,Ken,Prefecture,NA,JP.AO,NA,NA,NA,NA,Aomori,NA,青森県,JP-02,iso3166-2,NA,NA,NA,0.5669567576371051,0.5714708504682723,0.5099222206037741,0.5035118483717786
JP,JPN,Japan,JPN.5_1,JPN.5_1,Ehime,NA,Ehime,Ken,Prefecture,NA,JP.EH,NA,NA,NA,NA,Ehime,NA,愛媛県,JP-38,iso3166-2,NA,NA,NA,0.5373454288071109,0.5409024721914795,0.5099222206037741,0.5035118483717786
JP,JPN,Japan,JPN.9_1,JPN.9_1,Gifu,Gihu,Gifu,Ken,Prefecture,NA,JP.GF,NA,NA,NA,NA,Gihu,NA,岐阜県,JP-21,iso3166-2,NA,NA,NA,0.5734747127182475,0.5347924338274973,0.5099222206037741,0.5035118483717786
JP,JPN,Japan,JPN.10_1,JPN.10_1,Gunma,GunmaGumma,Gunma,Ken,Prefecture,NA,JP.GM,NA,NA,NA,NA,Gunma,NA,群馬県,JP-10,iso3166-2,NA,NA,NA,0.5793328497270238,0.51968260498044,0.5099222206037741,0.5035118483717786
JP,JPN,Japan,JPN.11_1,JPN.11_1,Hiroshima,Hirosima,Hiroshima,Ken,Prefecture,NA,JP.HS,NA,NA,NA,NA,Hirosima,NA,広島県,JP-34,iso3166-2,NA,NA,NA,0.5582206275392435,0.5304033930313732,0.5099222206037741,0.5035118483717786
JP,JPN,Japan,JPN.12_1,JPN.12_1,Hokkaido,Ezo|Yeso|Yezo,Hokkaido,Do,Circuit,NA,JP.HK,NA,NA,NA,NA,Hokkaidô,NA,北海道,JP-01,iso3166-2,NA,NA,NA,0.5797245536724664,0.5552508415130223,0.5099222206037741,0.5035118483717786
JP,JPN,Japan,JPN.6_1,JPN.6_1,Fukui,Hukui,Fukui,Ken,Prefecture,NA,JP.FI,NA,NA,NA,NA,Hukui,NA,福井県,JP-18,iso3166-2,NA,NA,NA,0.5662735989067939,0.5526308510685176,0.5099222206037741,0.5035118483717786
JP,JPN,Japan,JPN.7_1,JPN.7_1,Fukuoka,Hukuoka,Fukuoka,Ken,Prefecture,NA,JP.FO,NA,NA,NA,NA,Hukuoka,NA,福岡県,JP-40,iso3166-2,NA,NA,NA,0.5807183956202931,0.5652191644802429,0.5099222206037741,0.5035118483717786
JP,JPN,Japan,JPN.8_1,JPN.8_1,Fukushima,Hukusima,Fukushima,Ken,Prefecture,NA,JP.FS,NA,NA,NA,NA,Hukusima,NA,福島県,JP-07,iso3166-2,NA,NA,NA,0.5645058896573181,0.589640615349052,0.5099222206037741,0.5035118483717786
JP,JPN,Japan,JPN.13_1,JPN.13_1,Hy≈çgo,Hiogo,Hy≈çgo,Ken,Prefecture,NA,JP.HG,NA,NA,NA,NA,Hyôgo,NA,兵庫県,JP-28,iso3166-2,NA,NA,NA,0.5247411594035802,0.5625412161868758,0.5099222206037741,0.5035118483717786
JP,JPN,Japan,JPN.14_1,JPN.14_1,Ibaraki,NA,Ibaraki,Ken,Prefecture,NA,JP.IB,NA,NA,NA,NA,Ibaraki,NA,茨城県,JP-08,iso3166-2,NA,NA,NA,0.5490368948529347,0.5280399086846623,0.5099222206037741,0.5035118483717786
JP,JPN,Japan,JPN.15_1,JPN.15_1,Ishikawa,Isikawa,Ishikawa,Ken,Prefecture,NA,JP.IS,NA,NA,NA,NA,Isikawa,NA,石川県,JP-17,iso3166-2,NA,NA,NA,0.5443776612498824,0.5530211471246422,0.5099222206037741,0.5035118483717786
JP,JPN,Japan,JPN.16_1,JPN.16_1,Iwate,NA,Iwate,Ken,Prefecture,NA,JP.IW,NA,NA,NA,NA,Iwate,NA,岩手県,JP-03,iso3166-2,NA,NA,NA,0.5852842539573313,0.6018866449717329,0.5099222206037741,0.5035118483717786
JP,JPN,Japan,JPN.17_1,JPN.17_1,Kagawa,NA,Kagawa,Ken,Prefecture,NA,JP.KG,NA,NA,NA,NA,Kagawa,NA,香川県,JP-37,iso3166-2,NA,NA,NA,0.5414127969112544,0.5687303823220186,0.5099222206037741,0.5035118483717786
JP,JPN,Japan,JPN.18_1,JPN.18_1,Kagoshima,NA,Kagoshima,Ken,Prefecture,NA,JP.KS,NA,NA,NA,NA,Kagosima,NA,鹿児島県,JP-46,iso3166-2,NA,NA,NA,0.5312171775414881,0.5443635536029281,0.5099222206037741,0.5035118483717786
JP,JPN,Japan,JPN.19_1,JPN.19_1,Kanagawa,NA,Kanagawa,Ken,Prefecture,NA,JP.KN,NA,NA,NA,NA,Kanagawa,NA,神奈川県,JP-14,iso3166-2,NA,NA,NA,0.5465777797680633,0.5686656532208549,0.5099222206037741,0.5035118483717786
JP,JPN,Japan,JPN.20_1,JPN.20_1,Kochi,Koti,Kochi,Ken,Prefecture,NA,JP.KC,NA,NA,NA,NA,Kôti,NA,高知県,JP-39,iso3166-2,NA,NA,NA,0.54319731653171055,0.5244076791487075,0.5099222206037741,0.5035118483717786
JP,JPN,Japan,JPN.21_1,JPN.21_1,Kumamoto,NA,Kumamoto,Ken,Prefecture,NA,JP.KM,NA,NA,NA,NA,Kumamoto,NA,熊本県,JP-43,iso3166-2,NA,NA,NA,0.5623274732676463,0.5864754435097734,0.5099222206037741,0.5035118483717786
JP,JPN,Japan,JPN.22_1,JPN.22_1,Kyoto,Kioto,Kyoto,Fu,Urban Prefecture,NA,JP.KY,NA,NA,NA,NA,Kyôto,NA,京都府,JP-26,iso3166-2,NA,NA,NA,0.5533583356578595,0.5205702756666072,0.5099222206037741,0.5035118483717786
JP,JPN,Japan,JPN.23_1,JPN.23_1,Mie,Miye,Mie,Ken,Prefecture,NA,JP.ME,NA,NA,NA,NA,Mie,NA,三重県,JP-24,iso3166-2,NA,NA,NA,0.5364624365777515,0.5223512402314796,0.5099222206037741,0.5035118483717786
JP,JPN,Japan,JPN.24_1,JPN.24_1,Miyagi,NA,Miyagi,Ken,Prefecture,NA,JP.MG,NA,NA,NA,NA,Miyagi,NA,宮城県,JP-04,iso3166-2,NA,NA,NA,0.5676615849498562,0.5666282279107316,0.5099222206037741,0.5035118483717786
JP,JPN,Japan,JPN.25_1,JPN.25_1,Miyazaki,NA,Miyazaki,Ken,Prefecture,NA,JP.MZ,NA,NA,NA,NA,Miyazaki,NA,宮崎県,JP-45,iso3166-2,NA,NA,NA,0.5728330374057407,0.6055845584519691,0.5099222206037741,0.5035118483717786
JP,JPN,Japan,JPN.26_1,JPN.26_1,Nagano,NA,Nagano,Ken,Prefecture,NA,JP.NN,NA,NA,NA,NA,Nagano,NA,長野県,JP-20,iso3166-2,NA,NA,NA,0.5590504252873132,0.5662458009782666,0.5099222206037741,0.5035118483717786
JP,JPN,Japan,JPN.27_1,JPN.27_1,Naoasaki,Nagasaki,Naoasaki,Ken,Prefecture,NA,JP.NS,NA,NA,NA,NA,Nagasaki,NA,長崎県,JP-42,iso3166-2,NA,NA,NA,0.5483167496207558,0.5398734678637602,0.5099222206037741,0.5035118483717786
JP,JPN,Japan,JPN.28_1,JPN.28_1,Nara,NA,Nara,Ken,Prefecture,NA,JP.NR,NA,NA,NA,NA,Nara,NA,奈良県,JP-29,iso3166-2,NA,NA,NA,0.5544902392856264,0.4840027718719026,0.5099222206037741,0.5035118483717786
JP,JPN,Japan,JPN.29_1,JPN.29_1,Niigata,NA,Niigata,Ken,Prefecture,NA,JP.NI,NA,NA,NA,NA,Niigata,NA,新潟県,JP-15,iso3166-2,NA,NA,NA,0.5756124372902172,0.5586080432514402,0.5099222206037741,0.5035118483717786
JP,JPN,Japan,JPN.30_1,JPN.30_1,Oita,NA,Oita,Ken,Prefecture,NA,JP.OT,NA,NA,NA,NA,Ôita,NA,大分県,JP-44,iso3166-2,NA,NA,NA,0.543412497880251,0.5217680487876281,0.5099222206037741,0.5035118483717786
JP,JPN,Japan,JPN.31_1,JPN.31_1,Okayama,NA,Okayama,Ken,Prefecture,NA,JP.OY,NA,NA,NA,NA,Okayama,NA,岡山県,JP-33,iso3166-2,NA,NA,NA,0.5528121206956212,0.5478255698169853,0.5099222206037741,0.5035118483717786
JP,JPN,Japan,JPN.32_1,JPN.32_1,Okinawa,NA,Okinawa,Ken,Prefecture,NA,JP.ON,NA,NA,NA,NA,Okinawa,NA,沖縄県,JP-47,iso3166-2,NA,NA,NA,0.5515711357064678,0.543100297029848,0.5099222206037741,0.5035118483717786
JP,JPN,Japan,JPN.33_1,JPN.33_1,Osaka,NA,Osaka,Fu,Urban Prefecture,NA,JP.OS,NA,NA,NA,NA,Ôsaka,NA,大阪府,JP-27,iso3166-2,NA,NA,NA,0.5334700988797082,0.5192517573030432,0.5099222206037741,0.5035118483717786
JP,JPN,Japan,JPN.34_1,JPN.34_1,Saga,NA,Saga,Ken,Prefecture,NA,JP.SG,NA,NA,NA,NA,Saga,NA,佐賀県,JP-41,iso3166-2,NA,NA,NA,0.5545897404124219,0.580383864197161,0.5099222206037741,0.5035118483717786
JP,JPN,Japan,JPN.35_1,JPN.35_1,Saitama,NA,Saitama,Ken,Prefecture,NA,JP.ST,NA,NA,NA,NA,Saitama,NA,埼玉県,JP-11,iso3166-2,NA,NA,NA,0.5712276767547018,0.5752954569962679,0.5099222206037741,0.5035118483717786
JP,JPN,Japan,JPN.36_1,JPN.36_1,Shiga,Siga,Shiga,Ken,Prefecture,NA,JP.SH,NA,NA,NA,NA,Siga,NA,滋賀県,JP-25,iso3166-2,NA,NA,NA,0.5441754555645065,0.5154317127790718,0.5099222206037741,0.5035118483717786
JP,JPN,Japan,JPN.37_1,JPN.37_1,Shimane,Simane,Shimane,Ken,Prefecture,NA,JP.SM,NA,NA,NA,NA,Simane,NA,島根県,JP-32,iso3166-2,NA,NA,NA,0.5574955797886537,0.5029073401794486,0.5099222206037741,0.5035118483717786
JP,JPN,Japan,JPN.38_1,JPN.38_1,Shizuoka,Sizuoka,Shizuoka,Ken,Prefecture,NA,JP.SZ,NA,NA,NA,NA,Sizuoka,NA,静岡県,JP-22,iso3166-2,NA,NA,NA,0.5500566461291544,0.5353538335269118,0.5099222206037741,0.5035118483717786
JP,JPN,Japan,JPN.4_1,JPN.4_1,Chiba,Tiba|Tsiba,Chiba,Ken,Prefecture,NA,JP.CH,NA,NA,NA,NA,Tiba,Chiba,千葉県,JP-12,iso3166-2,NA,NA,NA,0.55920524867465,0.5334341422857338,0.5099222206037741,0.5035118483717786
JP,JPN,Japan,JPN.39_1,JPN.39_1,Tochigi,Totigi,Tochigi,Ken,Prefecture,NA,JP.TC,NA,NA,NA,NA,Tokusima,NA,徳島県,JP-36,iso3166-2,NA,NA,NA,0.5002194074867052,0.527856071606968,0.5099222206037741,0.5035118483717786
JP,JPN,Japan,JPN.40_1,JPN.40_1,Tokushima,Tokusima,Tokushima,Ken,Prefecture,NA,JP.TS,NA,NA,NA,NA,Tôkyô,NA,東京都,JP-13,iso3166-2,NA,NA,NA,0.5913064116400497,0.5466273377683102,0.5099222206037741,0.5035118483717786
JP,JPN,Japan,JPN.41_1,JPN.41_1,Tokyo,Edo|Yedo|Tokio|T¬¢quio,Tokyo,To,Metropolis,NA,JP.TK,NA,NA,NA,NA,Totigi,Tochigi,栃木県,JP-09,iso3166-2,NA,NA,NA,0.5610731487058261,0.5558393223442394,0.5099222206037741,0.5035118483717786
JP,JPN,Japan,JPN.42_1,JPN.42_1,Tottori,NA,Tottori,Ken,Prefecture,NA,JP.TT,NA,NA,NA,NA,Tottori,NA,鳥取県,JP-31,iso3166-2,NA,NA,NA,0.5571312394154905,0.5467407806850655,0.5099222206037741,0.5035118483717786
JP,JPN,Japan,JPN.43_1,JPN.43_1,Toyama,NA,Toyama,Ken,Prefecture,NA,JP.TY,NA,NA,NA,NA,Toyama,NA,富山県,JP-16,iso3166-2,NA,NA,NA,0.5291791998103799,0.5223745588448647,0.5099222206037741,0.5035118483717786
JP,JPN,Japan,JPN.44_1,JPN.44_1,Wakayama,NA,Wakayama,Ken,Prefecture,NA,JP.WK,NA,NA,NA,NA,Wakayama,NA,和歌山県,JP-30,iso3166-2,NA,NA,NA,0.5410897033907577,0.5239286293857575,0.5099222206037741,0.5035118483717786
JP,JPN,Japan,JPN.45_1,JPN.45_1,Yamagata,NA,Yamagata,Ken,Prefecture,NA,JP.YT,NA,NA,NA,NA,Yamagata,NA,山形県,JP-06,iso3166-2,NA,NA,NA,0.5918144450761601,0.5406917996960484,0.5099222206037741,0.5035118483717786
JP,JPN,Japan,JPN.46_1,JPN.46_1,Yamaguchi,Yamaguti,Yamaguchi,Ken,Prefecture,NA,JP.YC,NA,NA,NA,NA,Yamaguti,NA,山口県,JP-35,iso3166-2,NA,NA,NA,0.5129755328009973,0.5172835359654605,0.5099222206037741,0.5035118483717786
JP,JPN,Japan,JPN.47_1,JPN.47_1,Yamanashi,Yamanasi,Yamanashi,Ken,Prefecture,NA,JP.YN,NA,NA,NA,NA,Yamanasi,NA,山梨県,JP-19,iso3166-2,NA,NA,NA,0.518538384717288,0.5811954298744078,0.5099222206037741,0.5035118483717786
KE,KEN,Kenya,KEN.1_1,KEN.1_1,Baringo,NA,Baringo,County,County,30,KE.BA,NA,NA,NA,NA,Baringo,NA,Baringo,KE-01,iso3166-2,NA,NA,NA,0.42836921705189945,0.6766536074903158,0.4401502521565454,0.7263047333611548
KE,KEN,Kenya,KEN.2_1,KEN.2_1,Bomet,NA,Bomet,County,County,36,KE.BO,NA,NA,NA,NA,Bomet,NA,Bomet,KE-02,iso3166-2,NA,NA,NA,0.4690300630186977,0.7201341508840627,0.4401502521565454,0.7263047333611548
KE,KEN,Kenya,KEN.3_1,KEN.3_1,Bungoma,NA,Bungoma,County,County,39,KE.BN,NA,NA,NA,NA,Bungoma,NA,Bungoma,KE-03,iso3166-2,NA,NA,NA,0.5155129361775371,0.7117517714930522,0.4401502521565454,0.7263047333611548
KE,KEN,Kenya,KEN.4_1,KEN.4_1,Busia,NA,Busia,County,County,40,KE.BS,NA,NA,NA,NA,Busia,NA,Busia,KE-04,iso3166-2,NA,NA,NA,0.4815400513252108,0.7134051200140303,0.4401502521565454,0.7263047333611548
KE,KEN,Kenya,KEN.5_1,KEN.5_1,Elgeyo-Marakwet,NA,Elgeyo-Marakwet,County,County,28,KE.EM,NA,NA,NA,NA,Elgeyo/Marakwet,NA,Elgeyo/Marakwet,KE-05,iso3166-2,NA,NA,NA,0.5336599081161939,0.6191697606659382,0.4401502521565454,0.7263047333611548
KE,KEN,Kenya,KEN.6_1,KEN.6_1,Embu,NA,Embu,County,County,14,KE.EB,NA,NA,NA,NA,Embu,NA,Embu,KE-06,iso3166-2,NA,NA,NA,0.4207243612817772,0.7234767701025976,0.4401502521565454,0.7263047333611548
KE,KEN,Kenya,KEN.7_1,KEN.7_1,Garissa,NA,Garissa,County,County,7,KE.GA,NA,NA,NA,NA,Garissa,NA,Garissa,KE-07,iso3166-2,NA,NA,NA,0.3939369006397423,0.7045172444896042,0.4401502521565454,0.7263047333611548
KE,KEN,Kenya,KEN.8_1,KEN.8_1,Homa Bay,NA,Homa Bay,County,County,43,KE.HB,NA,NA,NA,NA,Homa Bay,NA,Homa Bay,KE-08,iso3166-2,NA,NA,NA,0.4927509834777002,0.6616623697053579,0.4401502521565454,0.7263047333611548
KE,KEN,Kenya,KEN.9_1,KEN.9_1,Isiolo,NA,Isiolo,County,County,11,KE.IS,NA,NA,NA,NA,Isiolo,NA,Isiolo,KE-09,iso3166-2,NA,NA,NA,0.3174908654778747,0.6731177620413916,0.4401502521565454,0.7263047333611548
KE,KEN,Kenya,KEN.10_1,KEN.10_1,Kajiado,NA,Kajiado,County,County,34,KE.KJ,NA,NA,NA,NA,Kajiado,NA,Kajiado,KE-10,iso3166-2,NA,NA,NA,0.5303673128397383,0.8386768709193366,0.4401502521565454,0.7263047333611548
KE,KEN,Kenya,KEN.11_1,KEN.11_1,Kakamega,NA,Kakamega,County,County,37,KE.KK,NA,NA,NA,NA,Kakamega,NA,Kakamega,KE-11,iso3166-2,NA,NA,NA,0.5077598024961707,0.7497944813723496,0.4401502521565454,0.7263047333611548
KE,KEN,Kenya,KEN.12_1,KEN.12_1,Kericho,NA,Kericho,County,County,35,KE.KR,NA,NA,NA,NA,Kericho,NA,Kericho,KE-12,iso3166-2,NA,NA,NA,0.5247884179732599,0.6808790451085783,0.4401502521565454,0.7263047333611548
KE,KEN,Kenya,KEN.13_1,KEN.13_1,Kiambu,NA,Kiambu,County,County,22,KE.KB,NA,NA,NA,NA,Kiambu,NA,Kiambu,KE-13,iso3166-2,NA,NA,NA,0.5031986864406046,0.7413502730903468,0.4401502521565454,0.7263047333611548
KE,KEN,Kenya,KEN.14_1,KEN.14_1,Kilifi,NA,Kilifi,County,County,3,KE.KF,NA,NA,NA,NA,Kilifi,NA,Kilifi,KE-14,iso3166-2,NA,NA,NA,0.4865606209241748,0.7285444728437952,0.4401502521565454,0.7263047333611548
KE,KEN,Kenya,KEN.15_1,KEN.15_1,Kirinyaga,NA,Kirinyaga,County,County,20,KE.KY,NA,NA,NA,NA,Kirinyaga,NA,Kirinyaga,KE-15,iso3166-2,NA,NA,NA,0.4981913765572359,0.7341650087074708,0.4401502521565454,0.7263047333611548
KE,KEN,Kenya,KEN.16_1,KEN.16_1,Kisii,NA,Kisii,County,County,45,KE.KI,NA,NA,NA,NA,Kisii,NA,Kisii,KE-16,iso3166-2,NA,NA,NA,0.51721137100772685,0.7318658356173128,0.4401502521565454,0.7263047333611548
KE,KEN,Kenya,KEN.17_1,KEN.17_1,Kisumu,NA,Kisumu,County,County,42,KE.KU,NA,NA,NA,NA,Kisumu,NA,Kisumu,KE-17,iso3166-2,NA,NA,NA,0.4993202824733987,0.7040199418746949,0.4401502521565454,0.7263047333611548
KE,KEN,Kenya,KEN.18_1,KEN.18_1,Kitui,NA,Kitui,County,County,15,KE.KT,NA,NA,NA,NA,Kitui,NA,Kitui,KE-18,iso3166-2,NA,NA,NA,0.48498171256862166,0.8119370703716478,0.4401502521565454,0.7263047333611548
KE,KEN,Kenya,KEN.19_1,KEN.19_1,Kwale,NA,Kwale,County,County,2,KE.KW,NA,NA,NA,NA,Kwale,NA,Kwale,KE-19,iso3166-2,NA,NA,NA,0.5044420298055612,0.7392173469132742,0.4401502521565454,0.7263047333611548
KE,KEN,Kenya,KEN.20_1,KEN.20_1,Laikipia,NA,Laikipia,County,County,31,KE.LK,NA,NA,NA,NA,Laikipia,NA,Laikipia,KE-20,iso3166-2,NA,NA,NA,0.5593235800378936,0.7801127613733774,0.4401502521565454,0.7263047333611548
KE,KEN,Kenya,KEN.21_1,KEN.21_1,Lamu,NA,Lamu,County,County,5,KE.LM,NA,NA,NA,NA,Lamu,NA,Lamu,KE-21,iso3166-2,NA,NA,NA,0.43969178577422924,0.6875777594809079,0.4401502521565454,0.7263047333611548
KE,KEN,Kenya,KEN.22_1,KEN.22_1,Machakos,NA,Machakos,County,County,16,KE.MC,NA,NA,NA,NA,Machakos,NA,Machakos,KE-22,iso3166-2,NA,NA,NA,0.5284969289617465,0.7987692039140318,0.4401502521565454,0.7263047333611548
KE,KEN,Kenya,KEN.23_1,KEN.23_1,Makueni,NA,Makueni,County,County,17,KE.MK,NA,NA,NA,NA,Makueni,NA,Makueni,KE-23,iso3166-2,NA,NA,NA,0.45124504475929067,0.7621013901401651,0.4401502521565454,0.7263047333611548
KE,KEN,Kenya,KEN.24_1,KEN.24_1,Mandera,NA,Mandera,County,County,9,KE.MD,NA,NA,NA,NA,Mandera,NA,Mandera,KE-24,iso3166-2,NA,NA,NA,0.45873871222899654,0.7587909825544159,0.4401502521565454,0.7263047333611548
KE,KEN,Kenya,KEN.25_1,KEN.25_1,Marsabit,NA,Marsabit,County,County,10,KE.MB,NA,NA,NA,NA,Marsabit,NA,Marsabit,KE-25,iso3166-2,NA,NA,NA,0.4782728584394052,0.7055336803685871,0.4401502521565454,0.7263047333611548
KE,KEN,Kenya,KEN.26_1,KEN.26_1,Meru,NA,Meru,County,County,12,KE.ME,NA,NA,NA,NA,Meru,NA,Meru,KE-26,iso3166-2,NA,NA,NA,0.5132311272734668,0.7470998179875523,0.4401502521565454,0.7263047333611548
KE,KEN,Kenya,KEN.27_1,KEN.27_1,Migori,NA,Migori,County,County,44,KE.MG,NA,NA,NA,NA,Migori,NA,Migori,KE-27,iso3166-2,NA,NA,NA,0.5662168751176178,0.6767077931054706,0.4401502521565454,0.7263047333611548
KE,KEN,Kenya,KEN.28_1,KEN.28_1,Mombasa,NA,Mombasa,County,County,1,KE.MM,NA,NA,NA,NA,Mombasa,NA,Mombasa,KE-28,iso3166-2,NA,NA,NA,0.453303566233926,0.7188667289783359,0.4401502521565454,0.7263047333611548
KE,KEN,Kenya,KEN.29_1,KEN.29_1,Murang'a,NA,Murang'a,County,County,21,KE.MU,NA,NA,NA,NA,Murang'a,NA,Murang'a,KE-29,iso3166-2,NA,NA,NA,0.5131207138281654,0.7936142818283649,0.4401502521565454,0.7263047333611548
KE,KEN,Kenya,KEN.30_1,KEN.30_1,Nairobi,NA,Nairobi,County,County,47,KE.NB,NA,NA,NA,NA,Nairobi City,NA,Nairobi City,KE-30,iso3166-2,NA,NA,NA,0.5565472594211792,0.728416749452479,0.4401502521565454,0.7263047333611548
KE,KEN,Kenya,KEN.31_1,KEN.31_1,Nakuru,NA,Nakuru,County,County,32,KE.NK,NA,NA,NA,NA,Nakuru,NA,Nakuru,KE-31,iso3166-2,NA,NA,NA,0.5106439363892866,0.7650211467785165,0.4401502521565454,0.7263047333611548
KE,KEN,Kenya,KEN.32_1,KEN.32_1,Nandi,NA,Nandi,County,County,29,KE.ND,NA,NA,NA,NA,Nandi,NA,Nandi,KE-32,iso3166-2,NA,NA,NA,0.48619658765002766,0.6441744757343596,0.4401502521565454,0.7263047333611548
KE,KEN,Kenya,KEN.33_1,KEN.33_1,Narok,NA,Narok,County,County,33,KE.NR,NA,NA,NA,NA,Narok,NA,Narok,KE-33,iso3166-2,NA,NA,NA,0.5273247134146207,0.6922256296797384,0.4401502521565454,0.7263047333611548
KE,KEN,Kenya,KEN.34_1,KEN.34_1,Nyamira,NA,Nyamira,County,County,46,KE.NM,NA,NA,NA,NA,Nyamira,NA,Nyamira,KE-34,iso3166-2,NA,NA,NA,0.5089390540917136,0.7395001428912987,0.4401502521565454,0.7263047333611548
KE,KEN,Kenya,KEN.35_1,KEN.35_1,Nyandarua,NA,Nyandarua,County,County,18,KE.NN,NA,NA,NA,NA,Nyandarua,NA,Nyandarua,KE-35,iso3166-2,NA,NA,NA,0.5167936262507261,0.7357449658351355,0.4401502521565454,0.7263047333611548
KE,KEN,Kenya,KEN.36_1,KEN.36_1,Nyeri,NA,Nyeri,County,County,19,KE.NI,NA,NA,NA,NA,Nyeri,NA,Nyeri,KE-36,iso3166-2,NA,NA,NA,0.5522445556207696,0.7751538062755262,0.4401502521565454,0.7263047333611548
KE,KEN,Kenya,KEN.37_1,KEN.37_1,Samburu,NA,Samburu,County,County,25,KE.SA,NA,NA,NA,NA,Samburu,NA,Samburu,KE-37,iso3166-2,NA,NA,NA,0.5555724438018237,0.7344059391910318,0.4401502521565454,0.7263047333611548
KE,KEN,Kenya,KEN.38_1,KEN.38_1,Siaya,NA,Siaya,County,County,41,KE.SI,NA,NA,NA,NA,Siaya,NA,Siaya,KE-38,iso3166-2,NA,NA,NA,0.4496315886139739,0.7057177907813966,0.4401502521565454,0.7263047333611548
KE,KEN,Kenya,KEN.39_1,KEN.39_1,Taita Taveta,NA,Taita Taveta,County,County,6,KE.TT,NA,NA,NA,NA,Taita/Taveta,NA,Taita/Taveta,KE-39,iso3166-2,NA,NA,NA,0.5087120222674519,0.7980479107092224,0.4401502521565454,0.7263047333611548
KE,KEN,Kenya,KEN.40_1,KEN.40_1,Tana River,NA,Tana River,County,County,4,KE.TR,NA,NA,NA,NA,Tana River,NA,Tana River,KE-40,iso3166-2,NA,NA,NA,0.46554628298621703,0.6767652749486798,0.4401502521565454,0.7263047333611548
KE,KEN,Kenya,KEN.41_1,KEN.41_1,Tharaka-Nithi,NA,Tharaka-Nithi,County,County,13,KE.NT,NA,NA,NA,NA,Tharaka-Nithi,NA,Tharaka-Nithi,KE-41,iso3166-2,NA,NA,NA,0.523214558475399,0.7141021345779446,0.4401502521565454,0.7263047333611548
KE,KEN,Kenya,KEN.42_1,KEN.42_1,Trans Nzoia,NA,Trans Nzoia,County,County,26,KE.TN,NA,NA,NA,NA,Trans Nzoia,NA,Trans Nzoia,KE-42,iso3166-2,NA,NA,NA,0.4763789927050131,0.7517766985656997,0.4401502521565454,0.7263047333611548
KE,KEN,Kenya,KEN.43_1,KEN.43_1,Turkana,NA,Turkana,County,County,23,KE.TU,NA,NA,NA,NA,Turkana,NA,Turkana,KE-43,iso3166-2,NA,NA,NA,0.4889636231504281,0.6296162867717394,0.4401502521565454,0.7263047333611548
KE,KEN,Kenya,KEN.44_1,KEN.44_1,Uasin Gishu,NA,Uasin Gishu,County,County,27,KE.UG,NA,NA,NA,NA,Uasin Gishu,NA,Uasin Gishu,KE-44,iso3166-2,NA,NA,NA,0.47735115827202806,0.6826975322153658,0.4401502521565454,0.7263047333611548
KE,KEN,Kenya,KEN.45_1,KEN.45_1,Vihiga,NA,Vihiga,County,County,38,KE.VI,NA,NA,NA,NA,Vihiga,NA,Vihiga,KE-45,iso3166-2,NA,NA,NA,0.4663752812486797,0.6875216051035832,0.4401502521565454,0.7263047333611548
KE,KEN,Kenya,KEN.46_1,KEN.46_1,Wajir,NA,Wajir,County,County,8,KE.WJ,NA,NA,NA,NA,Wajir,NA,Wajir,KE-46,iso3166-2,NA,NA,NA,0.47259457271249666,0.7266797296284374,0.4401502521565454,0.7263047333611548
KE,KEN,Kenya,KEN.47_1,KEN.47_1,West Pokot,NA,West Pokot,County,County,24,KE.WP,NA,NA,NA,NA,West Pokot,NA,West Pokot,KE-47,iso3166-2,NA,NA,NA,0.4997000926817608,0.710078150254647,0.4401502521565454,0.7263047333611548
KG,KGZ,Kyrgyzstan,KGZ.1_1,KGZ.1_1,Batken,NA,Batken,Oblast,Province,NA,KG.BA,NA,NA,NA,NA,Batken,Batkenskaya oblast',Баткен облусу,KG-B,iso3166-2,NA,NA,NA,0.5507581819625803,0.5379426794085983,0.46302993528911857,0.46631514417331565
KG,KGZ,Kyrgyzstan,KGZ.2_1,KGZ.2_1,Bi≈°kek,Bishkek,Bi≈°kek,Shaar,City,NA,KG.GB,NA,NA,NA,NA,Bishkek,Gorod Bishkek,Бишкек шаары,KG-GB,iso3166-2,NA,NA,NA,NA,NA,0.46302993528911857,0.46631514417331565
KG,KGZ,Kyrgyzstan,KGZ.3_1,KGZ.3_1,Ch√ºy,NA,Ch√ºy,Oblast,Province,NA,KG.CU,NA,NA,NA,NA,Chüy,Chuyskaya oblast',Чүй облусу,KG-C,iso3166-2,NA,NA,NA,0.5311947475242684,0.48565013805612484,0.46302993528911857,0.46631514417331565
KG,KGZ,Kyrgyzstan,KGZ.4_1,KGZ.4_1,Jalal-Abad,Djalal-Abad|Dzhalal-Abadskaya Oblast'|≈Ωalal-Abad,Jalal-Abad,Oblast,Province,NA,KG.DA,NA,NA,NA,NA,Jalal-Abad,Dzhalal-Abadskaya oblast',Жалалабат облусу,KG-J,iso3166-2,NA,NA,NA,0.4971750279886512,0.4876209221326002,0.46302993528911857,0.46631514417331565
KG,KGZ,Kyrgyzstan,KGZ.5_1,KGZ.5_1,Naryn,Tien-Shanskaya Oblast'|Tyan'-Shan',Naryn,Oblast,Province,NA,KG.NA,NA,NA,NA,NA,Naryn,Narynskaya oblast',Нарын облусу,KG-N,iso3166-2,NA,NA,NA,0.5850743174278072,0.6252692453668183,0.46302993528911857,0.46631514417331565
KG,KGZ,Kyrgyzstan,KGZ.6_1,KGZ.6_1,Osh (city),NA,Osh (city),Shaar,City,NA,KG.OS,NA,NA,NA,1,Osh,Gorod Osh,Ош шаары,KG-GO,iso3166-2,NA,NA,NA,NA,NA,0.46302993528911857,0.46631514417331565
KG,KGZ,Kyrgyzstan,KGZ.7_1,KGZ.7_1,Osh,NA,Osh,Oblast,Province,NA,KG.OS,NA,NA,NA,1,Osh,Oshskaya oblast',Ош облусу,KG-O,iso3166-2,NA,NA,NA,0.4697682230520865,0.47489210923100234,0.46302993528911857,0.46631514417331565
KG,KGZ,Kyrgyzstan,KGZ.8_1,KGZ.8_1,Talas,NA,Talas,Oblast,Province,NA,KG.TL,NA,NA,NA,NA,Talas,Talasskaya oblast',Талас облусу,KG-T,iso3166-2,NA,NA,NA,0.522246528920895,0.6572099521503253,0.46302993528911857,0.46631514417331565
KG,KGZ,Kyrgyzstan,KGZ.9_1,KGZ.9_1,Ysyk-K√∂l,Issyk-Kul|Issyk-Kul'skaya Oblast',Ysyk-K√∂l,Oblast,Province,NA,KG.YK,NA,NA,NA,NA,Ysyk-Köl,Issyk-Kul'skaya oblast',Ысык-Көл облусу,KG-Y,iso3166-2,NA,NA,NA,0.60552804256129,0.5819976807884573,0.46302993528911857,0.46631514417331565
KH,KHM,Cambodia,KHM.2_1,KHM.2_1,Batd√¢mb√¢ng,Battambang|Baat Dambang|Bat D√¢m B√¢ng,Batd√¢mb√¢ng,Kh√™t,Province,NA,KH.BA,NA,NA,NA,NA,Baat Dambang,Bătdâmbâng,បាត់ដំបង,KH-2,iso3166-2,NA,NA,NA,0.4071795612402961,0.39145183931839544,0.32878996148325745,0.3251110443738402
KH,KHM,Cambodia,KHM.1_1,KHM.1_1,B√¢nt√©ay M√©anchey,Banteay Mean Cheay,B√¢nt√©ay M√©anchey,Kh√™t,Province,NA,KH.OM,NA,NA,NA,NA,Banteay Mean Chey,Bântéay Méanchey,បន្ទាយមានជ័យ,KH-1,iso3166-2,NA,NA,NA,0.3559634759768384,0.3004707958491461,0.32878996148325745,0.3251110443738402
KH,KHM,Cambodia,KHM.10_1,KHM.10_1,Kep,Keb,Kep,Kh√™t,Province,NA,KH,NA,NA,NA,NA,Kaeb,Kêb,កែប,KH-23,iso3166-2,NA,NA,NA,0.44748360613939026,0.3863398914441689,0.32878996148325745,0.3251110443738402
KH,KHM,Cambodia,KHM.3_1,KHM.3_1,K√¢mp√≥ng Cham,Kampong Chaam|Kompong Cham,K√¢mp√≥ng Cham,Kh√™t,Province,NA,KH.KM,NA,NA,NA,NA,Kampong Chaam,Kâmpóng Cham,កំពង់ចាម,KH-3,iso3166-2,NA,NA,NA,0.3687126909420351,0.352997188954052,0.32878996148325745,0.3251110443738402
KH,KHM,Cambodia,KHM.4_1,KHM.4_1,K√¢mp√≥ng Chhnang,Kompong Chnang,K√¢mp√≥ng Chhnang,Kh√™t,Province,NA,KH.KG,NA,NA,NA,NA,Kampong Chhnang,Kâmpóng Chhnăng,កំពង់ឆ្នាំង,KH-4,iso3166-2,NA,NA,NA,0.4505701036877164,0.41873667117352253,0.32878996148325745,0.3251110443738402
KH,KHM,Cambodia,KHM.5_1,KHM.5_1,K√¢mp√≥ng Sp≈ì,Kampong Speu|Kompong Speu|Kompong Spueu,K√¢mp√≥ng Sp≈ì,Kh√™t,Province,NA,KH.KS,NA,NA,NA,NA,Kampong Spueu,Kâmpóng Spœ,កំពង់ស្ពឺ,KH-5,iso3166-2,NA,NA,NA,0.43654263612970606,0.3868989088426365,0.32878996148325745,0.3251110443738402
KH,KHM,Cambodia,KHM.6_1,KHM.6_1,K√¢mp√≥ng Thum,Kampong Thom|Kompong Thom,K√¢mp√≥ng Thum,Kh√™t,Province,NA,KH.KT,NA,NA,NA,NA,Kampong Thum,Kâmpóng Thum,កំពង់ធំ,KH-6,iso3166-2,NA,NA,NA,0.38677335916065214,0.3805076220610549,0.32878996148325745,0.3251110443738402
KH,KHM,Cambodia,KHM.7_1,KHM.7_1,K√¢mp√¥t,NA,K√¢mp√¥t,Kh√™t,Province,NA,KH.KP,NA,NA,NA,NA,Kampot,Kâmpôt,កំពត,KH-7,iso3166-2,NA,NA,NA,0.47315550538222767,0.4499724029276042,0.32878996148325745,0.3251110443738402
KH,KHM,Cambodia,KHM.8_1,KHM.8_1,K√¢ndal,Kandaal,K√¢ndal,Kh√™t,Province,NA,KH.KN,NA,NA,NA,NA,Kandaal,Kândal,កណ្តាល,KH-8,iso3166-2,NA,NA,NA,0.42481572343416285,0.4626456132089553,0.32878996148325745,0.3251110443738402
KH,KHM,Cambodia,KHM.9_1,KHM.9_1,Ka√¥h Kong,Koh Kong,Ka√¥h Kong,Kh√™t,Province,NA,KH.KK,NA,NA,NA,NA,Kaoh Kong,Kaôh Kŏng,កោះកុង,KH-9,iso3166-2,NA,NA,NA,NA,NA,0.32878996148325745,0.3251110443738402
KH,KHM,Cambodia,KHM.11_1,KHM.11_1,Kr√¢ch√©h,Kratie|Krati√©|Krati√™|Kr√¢ Ch√©h|Krachen,Kr√¢ch√©h,Kh√™t,Province,NA,KH.KH,NA,NA,NA,NA,Kracheh,Krâchéh,ក្រចេះ,KH-10,iso3166-2,NA,NA,NA,0.4106961890463833,0.4583114617911477,0.32878996148325745,0.3251110443738402
KH,KHM,Cambodia,KHM.14_1,KHM.14_1,M√¥nd√≥l Kiri,Mondul Kiri|Mondolkiri|M√¥ndul Kiri,M√¥nd√≥l Kiri,Kh√™t,Province,NA,KH.MK,NA,NA,NA,NA,Mondol Kiri,Môndól Kiri,មណ្ឌលគិរី,KH-11,iso3166-2,NA,NA,NA,0.3396728875506031,0.3228658127715508,0.32878996148325745,0.3251110443738402
KH,KHM,Cambodia,KHM.15_1,KHM.15_1,Otdar Mean Chey,Odd√¢r M√©anchey,Otdar Mean Chey,Kh√™t,Province,NA,KH.OC,NA,NA,NA,NA,Otdar Mean Chey,Ŏtdâr Méanchey,ឧត្តរមានជ័យ,KH-22,iso3166-2,NA,NA,NA,NA,NA,0.32878996148325745,0.3251110443738402
KH,KHM,Cambodia,KHM.12_1,KHM.12_1,Krong Pailin,Pailin,Krong Pailin,Municipality,Municipality,NA,KH.PL,NA,NA,NA,NA,Pailin,Pailĭn,ប៉ៃលិន,KH-24,iso3166-2,NA,NA,NA,0.41595545530486805,0.46246918900589823,0.32878996148325745,0.3251110443738402
KH,KHM,Cambodia,KHM.16_1,KHM.16_1,Phnom Penh,Phnum P√©nh,Phnom Penh,Municipality,Municipality,NA,KH.PP,NA,NA,NA,NA,Phnom Penh,Phnum Pénh,ភ្នំពេញ,KH-12,iso3166-2,NA,NA,NA,0.42301703803193713,0.3832707910821573,0.32878996148325745,0.3251110443738402
KH,KHM,Cambodia,KHM.17_1,KHM.17_1,Pouthisat,Pursat,Pouthisat,Kh√™t,Province,NA,KH.PO,NA,NA,NA,NA,Pousaat,Poŭthĭsăt,ពោធិ៍សាត់,KH-15,iso3166-2,NA,NA,NA,0.47216200707554246,0.5041731861348425,0.32878996148325745,0.3251110443738402
KH,KHM,Cambodia,KHM.13_1,KHM.13_1,Krong Preah Sihanouk,Sihanoukville|Kampong Som|Kampong Saom,Krong Preah Sihanouk,Krong,Municipality,NA,KH.KA,NA,NA,NA,NA,Preah Sihanouk,Preăh Sihanouk,ព្រះសីហនុ,KH-18,iso3166-2,NA,NA,NA,0.3977504505436268,0.3696963256327507,0.32878996148325745,0.3251110443738402
KH,KHM,Cambodia,KHM.18_1,KHM.18_1,Preah Vih√©ar,NA,Preah Vih√©ar,Kh√™t,Province,NA,KH.PH,NA,NA,NA,NA,Preah Vihear,Preăh Vihéar,ព្រះវិហារ,KH-13,iso3166-2,NA,NA,NA,0.4344271122318947,0.435930687355212,0.32878996148325745,0.3251110443738402
KH,KHM,Cambodia,KHM.19_1,KHM.19_1,Prey V√™ng,Prey Veaeng,Prey V√™ng,Kh√™t,Province,NA,KH.PY,NA,NA,NA,NA,Prey Veaeng,Prey Vêng,ព្រៃវែង,KH-14,iso3166-2,NA,NA,NA,0.39214319745185133,0.43227968413908563,0.32878996148325745,0.3251110443738402
KH,KHM,Cambodia,KHM.20_1,KHM.20_1,R√¥t√¢n√¥kiri,Ratana Kiri|R√¢tanakiri|Rotanah Kiri|Rotanak Kiri,R√¥t√¢n√¥kiri,Kh√™t,Province,NA,KH.RO,NA,NA,NA,NA,Rotanak Kiri,Rôtânôkiri,រតនគិរី,KH-16,iso3166-2,NA,NA,NA,0.3953097405559952,0.400855271730998,0.32878996148325745,0.3251110443738402
KH,KHM,Cambodia,KHM.21_1,KHM.21_1,Siemr√©ab,Siem Reap|Siem Reab|Siem R√©ab|Siemreap,Siemr√©ab,Kh√™t,Province,NA,KH.SI,NA,NA,NA,NA,Siem Reab,Siĕmréab,សៀមរាប,KH-17,iso3166-2,NA,NA,NA,0.4154064365943982,0.46666992545579744,0.32878996148325745,0.3251110443738402
KH,KHM,Cambodia,KHM.22_1,KHM.22_1,St≈ìng Tr√™ng,Stung Treng|Stueng Traeng|Stung Treng,St≈ìng Tr√™ng,Kh√™t,Province,NA,KH.ST,NA,NA,NA,NA,Stueng Traeng,Stoĕng Trêng,ស្ទឹងត្រែង,KH-19,iso3166-2,NA,NA,NA,NA,NA,0.32878996148325745,0.3251110443738402
KH,KHM,Cambodia,KHM.23_1,KHM.23_1,Svay Rieng,Soairieng|Svaay Rieng,Svay Rieng,Kh√™t,Province,NA,KH.SR,NA,NA,NA,NA,Svaay Rieng,Svay Riĕng,ស្វាយរៀង,KH-20,iso3166-2,NA,NA,NA,0.37408220806941445,0.3601731207470447,0.32878996148325745,0.3251110443738402
KH,KHM,Cambodia,KHM.24_1,KHM.24_1,Tak√™v,Takeo|Taakaev|Takaev|Takeo,Tak√™v,Kh√™t,Province,NA,KH.TA,NA,NA,NA,NA,Taakaev,Takêv,តាកែវ,KH-21,iso3166-2,NA,NA,NA,0.44878045719670284,0.4047440107139516,0.32878996148325745,0.3251110443738402
KH,KHM,Cambodia,KHM.25_1,KHM.25_1,Tbong Khmum,NA,Tbong Khmum,Kh√™t,Province,NA,KH.TB,NA,NA,NA,NA,Tbong Khmum,Tbong Khmŭm,ត្បូងឃ្មុំ,KH-25,iso3166-2,NA,NA,NA,0.3162617443237268,0.3595986828829978,0.32878996148325745,0.3251110443738402
KM,COM,Comoros,COM.3_1,COM.3_1,Nzwani,Anjouan,Nzwani,Autonomous Island,Autonomous Island,NA,KM.AN,NA,NA,NA,NA,Anjouan,Andjouân,Andjouân,KM-A,iso3166-2,NA,NA,NA,NA,NA,0.48658221905503163,0.4923930530002562
KM,COM,Comoros,COM.2_1,COM.2_1,Njaz√≠dja,Grande Comore,Njaz√≠dja,Autonomous Island,Autonomous Island,NA,KM.GC,NA,NA,NA,NA,Grande Comore,Andjazîdja,Andjazîdja,KM-G,iso3166-2,NA,NA,NA,0.5222625960721754,0.5277932877374107,0.48658221905503163,0.4923930530002562
KM,COM,Comoros,COM.1_1,COM.1_1,Mwali,Moh√©li,Mwali,Autonomous Island,Autonomous Island,NA,KM.MO,NA,NA,NA,NA,Mohéli,Moûhîlî,Moûhîlî,KM-M,iso3166-2,NA,NA,NA,NA,NA,0.48658221905503163,0.4923930530002562
KN,KNA,Saint Kitts and Nevis,NA,KN-N,NA,NA,NA,NA,NA,NA,NA,nat,Saint Kitts and Nevis,NA,NA,Nevis,NA,Nevis,KN-N,ypccc,NA,NA,NA,NA,NA,NA,NA
KN,KNA,Saint Kitts and Nevis,NA,KN-N,NA,NA,NA,NA,NA,NA,NA,nat,Saint Kitts and Nevis,NA,NA,Saint Kitts,NA,Saint Kitts,KN-K,ypccc,NA,NA,NA,NA,NA,NA,NA
KR,KOR,South Korea,KOR.1_1,KOR.1_1,Busan,Pusan|Busan Gwang'yeogsi|Pusan-gwangyoksi|Fusan,Busan,Gwangyeoksi,Metropolitan City,NA,KR.PU,NA,NA,NA,NA,Busan,Busan-gwangyeoksi,부산광역시,KR-26,iso3166-2,NA,NA,NA,0.5161093066085861,0.5859553365383643,0.4507759609487329,0.552767395622246
KR,KOR,South Korea,KOR.4_1,KOR.4_1,Daegu,Taegu|Daegu Gwang'yeogsi|Taegu-gwangyoksi|Taikyu,Daegu,Gwangyeoksi,Metropolitan City,NA,KR.TG,NA,NA,NA,NA,Daegu,Daegu-gwangyeoksi,대구광역시,KR-27,iso3166-2,NA,NA,NA,0.5114343847723541,0.5871039792190396,0.4507759609487329,0.552767395622246
KR,KOR,South Korea,KOR.5_1,KOR.5_1,Daejeon,Daejeon Gwang'yeogsi|Taej≈èn-gwangy≈èksi|Taiden,Daejeon,Gwangyeoksi,Metropolitan City,NA,KR.TJ,NA,NA,NA,NA,Daejeon,Daejeon-gwangyeoksi,대전광역시,KR-30,iso3166-2,NA,NA,NA,0.49413807214162603,0.6398908391711993,0.4507759609487329,0.552767395622246
KR,KOR,South Korea,KOR.6_1,KOR.6_1,Gangwon-do,Kang-Won-Do|Gang'weondo|Kangwon-do|Kogen-do|South Kangwon,Gangwon-do,Do,Province,NA,KR.KW,NA,NA,NA,NA,Gangwon,Gangwon-do,강원도,KR-42,iso3166-2,NA,NA,NA,0.5034031900317264,0.5879130955975655,0.4507759609487329,0.552767395622246
KR,KOR,South Korea,KOR.7_1,KOR.7_1,Gwangju,Kwangju|Kwangju-gwangyoksi,Gwangju,Gwangyeoksi,Metropolitan City,NA,KR.KJ,NA,NA,NA,NA,Gwangju,Gwangju-gwangyeoksi,광주광역시,KR-29,iso3166-2,NA,NA,NA,0.5086821619962915,0.584944620917689,0.4507759609487329,0.552767395622246
KR,KOR,South Korea,KOR.8_1,KOR.8_1,Gyeonggi-do,Kyonggi-do|Keiki-do|Kyunggi,Gyeonggi-do,Do,Province,NA,KR.KG,NA,NA,NA,NA,Gyeonggi,Gyeonggi-do,경기도,KR-41,iso3166-2,NA,NA,NA,0.5227261541949815,0.5744028061129349,0.4507759609487329,0.552767395622246
KR,KOR,South Korea,KOR.11_1,KOR.11_1,Incheon,Inchon|IInch'on-gwangyoksi|Jinsen,Incheon,Gwangyeoksi,Metropolitan City,NA,KR.IN,NA,NA,NA,NA,Incheon,Incheon-gwangyeoksi,인천광역시,KR-28,iso3166-2,NA,NA,NA,0.4792554990061681,0.5926396243582499,0.4507759609487329,0.552767395622246
KR,KOR,South Korea,KOR.12_1,KOR.12_1,Jeju,Jeju-doQuelpart|Saishu-to|Cheju-do,Jeju,Do,Province,NA,KR.CJ,NA,NA,NA,NA,Jeju,Jeju-teukbyeoljachido,제주특별자치도,KR-49,iso3166-2,NA,NA,NA,0.5030508263894906,0.6406889646375713,0.4507759609487329,0.552767395622246
KR,KOR,South Korea,KOR.2_1,KOR.2_1,Chungcheongbuk-do,Chungchongbuk-Do|Chungcheongbugdo|Ch'ungch'ong-bukto|Chusei Hoku-do|North Chungchong|Ch'ungch'ong-bukto,Chungcheongbuk-do,Do,Province,NA,KR.GB,NA,NA,NA,NA,North Chungcheong,Chungcheongbuk-do,충청북도,KR-43,iso3166-2,NA,NA,NA,0.4728013503785852,0.6165439961151501,0.4507759609487329,0.552767395622246
KR,KOR,South Korea,KOR.9_1,KOR.9_1,Gyeongsangbuk-do,Kyongsangbuk-Do|Gyeongsangbugdo|Kyongsang-bukto|Keisho Hoku-do|North Kyongsang,Gyeongsangbuk-do,Do,Province,NA,KR.KB,NA,NA,NA,NA,North Gyeongsang,Gyeongsangbuk-do,경상북도,KR-47,iso3166-2,NA,NA,NA,0.49240093102893884,0.6190871828776005,0.4507759609487329,0.552767395622246
KR,KOR,South Korea,KOR.13_1,KOR.13_1,Jeollabuk-do,Chollabuk-Do|Cholla-bukto|Jeonrabugdo|North Cholla|Zenra Hoku-do,Jeollabuk-do,Do,Province,NA,KR.CB,NA,NA,NA,NA,North Jeolla,Jeollabuk-do,전라북도,KR-45,iso3166-2,NA,NA,NA,0.49733064632721213,0.6024913790913486,0.4507759609487329,0.552767395622246
KR,KOR,South Korea,KOR.15_1,KOR.15_1,Sejong,Sejong Metropolitan Autonomous City,Sejong,Do,Metropolitan Autonomous City,NA,KR.SJ,NA,NA,1,NA,Sejong,Sejong,세종특별자치시,KR-50,iso3166-2,NA,NA,NA,0.48101305200019023,0.5972156911562674,0.4507759609487329,0.552767395622246
KR,KOR,South Korea,KOR.16_1,KOR.16_1,Seoul,Keijo|S√©oul|Seul|Se√∫l|S√∂ul|Soul-t'ukpyolsi,Seoul,Teukbyeolsi,Capital Metropolitan City,NA,KR.SO,NA,NA,NA,NA,Seoul,Seoul-teukbyeolsi,서울특별시,KR-11,iso3166-2,NA,NA,NA,0.5063848674860131,0.5769188209949303,0.4507759609487329,0.552767395622246
KR,KOR,South Korea,KOR.3_1,KOR.3_1,Chungcheongnam-do,Chungchongnam-Do|Ch'ungch'ong-namdo|Chusei Nan-do|South Chungchong|Ch'ungch'ong-namdo,Chungcheongnam-do,Do,Province,NA,KR.GN,NA,NA,NA,NA,South Chungcheong,Chungcheongnam-do,충청남도,KR-44,iso3166-2,NA,NA,NA,0.5209629205139438,0.6019358108750661,0.4507759609487329,0.552767395622246
KR,KOR,South Korea,KOR.10_1,KOR.10_1,Gyeongsangnam-do,Kyongsangnam-Do|Kyongsang-namdo|Keisho Nan-do|South Kyongsang,Gyeongsangnam-do,Do,Province,NA,KR.KN,NA,NA,NA,NA,South Gyeongsang,Gyeongsangnam-do,경상남도,KR-48,iso3166-2,NA,NA,NA,0.48642370939518154,0.591702586361635,0.4507759609487329,0.552767395622246
KR,KOR,South Korea,KOR.14_1,KOR.14_1,Jeollanam-do,Chollanam-Do|Cholla-namdo|Jeonranamdo|South Cholla|Zenra Nan-do,Jeollanam-do,Do,Province,NA,KR.CN,NA,NA,NA,NA,South Jeolla,Jeollanam-do,전라남도,KR-46,iso3166-2,NA,NA,NA,0.5043952671077783,0.6070147585200849,0.4507759609487329,0.552767395622246
KR,KOR,South Korea,KOR.17_1,KOR.17_1,Ulsan,Ulsan-gwangyoksi,Ulsan,Metropolitan City,Metropolitan City,NA,KR.UL,NA,NA,NA,NA,Ulsan,Ulsan-gwangyeoksi,울산광역시,KR-31,iso3166-2,NA,NA,NA,0.49032745789695936,0.5771765327907337,0.4507759609487329,0.552767395622246
KW,KWT,Kuwait,KWT.4_1,KWT.4_1,Al Kuwayt,"Al Asimah, Capital, Kuwait",Al Kuwayt,Muhafazah,Province,NA,KW.KU,NA,NA,NA,NA,Al ‘Āşimah,Al Kuwayt,العاصمة,KW-KU,iso3166-2,NA,NA,NA,0.42131773346221957,0.39930583708496736,0.3805325146154299,0.3490436079705731
KW,KWT,Kuwait,KWT.1_1,KWT.1_1,Al Ahmadi,NA,Al Ahmadi,Muhafazah,Province,NA,KW.AH,NA,NA,NA,NA,Al Aḩmadī,NA,الأحمدي,KW-AH,iso3166-2,NA,NA,NA,0.5086700183932742,0.43587490936447965,0.3805325146154299,0.3490436079705731
KW,KWT,Kuwait,KWT.2_1,KWT.2_1,Al Farwaniyah,Farwaniya,Al Farwaniyah,Muhafazah,Province,NA,KW.FA,NA,NA,NA,NA,Al Farwānīyah,NA,الفروانية,KW-FA,iso3166-2,NA,NA,NA,0.43446775185117226,0.4229723862051414,0.3805325146154299,0.3490436079705731
KW,KWT,Kuwait,KWT.3_1,KWT.3_1,Al Jahrah,Jahra,Al Jahrah,Muhafazah,Province,NA,KW.JA,NA,NA,NA,NA,Al Jahrā’,NA,الجهراء,KW-JA,iso3166-2,NA,NA,NA,0.48160158718083196,0.3925622839783927,0.3805325146154299,0.3490436079705731
KW,KWT,Kuwait,KWT.5_1,KWT.5_1,Hawalli,"Hawali, Howali",Hawalli,Muhafazah,Province,NA,KW.HW,NA,NA,NA,NA,Ḩawallī,NA,حولي,KW-HA,iso3166-2,NA,NA,NA,0.45338346506453875,0.47742685196083,0.3805325146154299,0.3490436079705731
KW,KWT,Kuwait,KWT.6_1,KWT.6_1,Mubarak Al-Kabeer,NA,Mubarak Al-Kabeer,Muhafazah,Province,NA,KW.MU,NA,NA,NA,NA,Mubārak al Kabīr,NA,مبارك الكبير,KW-MU,iso3166-2,NA,NA,NA,0.37446542599619215,0.3707201972928031,0.3805325146154299,0.3490436079705731
KZ,KAZ,Kazakhstan,NA,KZ-ALA,NA,NA,NA,NA,NA,NA,NA,NA,NA,NA,NA,Almaty,Almaty,Алматы облысы,KZ-ALA,iso3166-2,NA,NA,NA,0.5807889192603463,0.4944727162098449,0.5143270768434296,0.414393152338756
KZ,KAZ,Kazakhstan,KAZ.1_1,KAZ.1_1,Almaty,Alma-Ata|Alma-Atinskaya Oblast'|Almatinskaya Oblast',Almaty,Oblasy,Region,NA,KZ.AA,NA,NA,NA,NA,Almaty oblysy,Almatinskaya oblast',Алматы қаласы,KZ-ALM,iso3166-2,NA,NA,NA,0.5273753089033012,0.3920374189993234,0.5143270768434296,0.414393152338756
KZ,KAZ,Kazakhstan,KAZ.2_1,KAZ.2_1,Aqmola,Akmolin|Akmolinsk|Tselinograd,Aqmola,Oblasy,Region,NA,KZ.AM,NA,NA,NA,NA,Aqmola oblysy,Akmolinskaya oblast',Ақмола облысы,KZ-AKM,iso3166-2,NA,NA,NA,0.5509503194705394,0.3440077333156395,0.5143270768434296,0.414393152338756
KZ,KAZ,Kazakhstan,KAZ.3_1,KAZ.3_1,Aqt√∂be,Aktyubinsk,Aqt√∂be,Oblasy,Region,NA,KZ.AT,NA,NA,NA,NA,Aqtöbe oblysy,Aktyubinskaya oblast',Ақтөбе облысы,KZ-AKT,iso3166-2,NA,NA,NA,0.6301320027805112,0.6478518101278885,0.5143270768434296,0.414393152338756
KZ,KAZ,Kazakhstan,NA,KZ-AST,NA,NA,NA,NA,NA,NA,NA,NA,NA,NA,NA,Nur-Sultan,Astana,Нұр-Сұлтан қаласы,KZ-AST,iso3166-2,NA,NA,NA,0.5628873913199567,0.5297743406634102,0.5143270768434296,0.414393152338756
KZ,KAZ,Kazakhstan,KAZ.4_1,KAZ.4_1,Atyrau,Ateransk|Gur'yev,Atyrau,Oblasy,Region,NA,KZ.AR,NA,NA,NA,NA,Atyraū oblysy,Atyrauskaya oblast',Атырау облысы,KZ-ATY,iso3166-2,NA,NA,NA,0.4879414151435085,0.4815324944605626,0.5143270768434296,0.414393152338756
KZ,KAZ,Kazakhstan,KAZ.13_1,KAZ.13_1,West Kazakhstan,Ural'sk,West Kazakhstan,Oblasy,Region,NA,KZ.WK,NA,NA,NA,NA,Batys Qazaqstan oblysy,Zapadno-Kazakhstanskaya oblast',Батыс Қазақстан облысы,KZ-ZAP,iso3166-2,NA,NA,NA,0.5197732725776504,0.4968062184739539,0.5143270768434296,0.414393152338756
KZ,KAZ,Kazakhstan,KAZ.6_1,KAZ.6_1,Mangghystau,Mangistau|Mangyshlak,Mangghystau,Oblasy,Region,NA,KZ.MG,NA,NA,NA,NA,Mangghystaū oblysy,Mangistauskaya oblast',Маңғыстау облысы,KZ-MAN,iso3166-2,NA,NA,NA,0.6321886740369435,0.5707235314343636,0.5143270768434296,0.414393152338756
KZ,KAZ,Kazakhstan,KAZ.8_1,KAZ.8_1,Pavlodar,NA,Pavlodar,Oblasy,Region,NA,KZ.PA,NA,NA,NA,NA,Pavlodar oblysy,Pavlodarskaya oblast',Павлодар облысы,KZ-PAV,iso3166-2,NA,NA,NA,0.5548254618884847,0.49505577449113675,0.5143270768434296,0.414393152338756
KZ,KAZ,Kazakhstan,KAZ.9_1,KAZ.9_1,Qaraghandy,Karaganda|Karagandinskaya Oblast',Qaraghandy,Oblasy,Region,NA,KZ.QG,NA,NA,NA,NA,Qaraghandy oblysy,Karagandinskaya oblast',Қарағанды облысы,KZ-KAR,iso3166-2,NA,NA,NA,0.572617095563453,0.5815932258557381,0.5143270768434296,0.414393152338756
KZ,KAZ,Kazakhstan,KAZ.10_1,KAZ.10_1,Qostanay,Kustanai|Kustanay,Qostanay,Oblasy,Region,NA,KZ.QS,NA,NA,NA,NA,Qostanay oblysy,Kostanayskaya oblast',Қостанай облысы,KZ-KUS,iso3166-2,NA,NA,NA,0.5215651597601074,0.5135972794563264,0.5143270768434296,0.414393152338756
KZ,KAZ,Kazakhstan,KAZ.11_1,KAZ.11_1,Qyzylorda,Kyzyl-Orda|Kzyl-Orda|Kzyl-Ordinskaya Oblast',Qyzylorda,Oblasy,Region,NA,KZ.QO,NA,NA,NA,NA,Qyzylorda oblysy,Kyzylordinskaya oblast',Қызылорда облысы,KZ-KZY,iso3166-2,NA,NA,NA,0.5302395302592149,0.4904655273465177,0.5143270768434296,0.414393152338756
KZ,KAZ,Kazakhstan,KAZ.5_1,KAZ.5_1,East Kazakhstan,Shyghys Qazaqstan|Vostochno-Kazakhstan,East Kazakhstan,Oblasy,Region,NA,KZ.EK,NA,NA,NA,NA,Shyghys Qazaqstan oblysy,Vostochno-Kazakhstanskaya oblast',Шығыс Қазақстан облысы,KZ-VOS,iso3166-2,NA,NA,NA,0.5489814026837309,0.4791283088914875,0.5143270768434296,0.414393152338756
KZ,KAZ,Kazakhstan,NA,KZ-SHY,NA,NA,NA,NA,NA,NA,NA,NA,NA,NA,1,Shymkent,Shymkent,Шымкент қаласы,KZ-SHY,iso3166-2,NA,NA,NA,NA,NA,0.5143270768434296,0.414393152338756
KZ,KAZ,Kazakhstan,KAZ.7_1,KAZ.7_1,North Kazakhstan,Severo-Kazakhstan|Soltustik Qazaqstan,North Kazakhstan,Oblasy,Region,NA,KZ.NK,NA,NA,NA,NA,Soltüstik Qazaqstan oblysy,Severo-Kazakhstanskaya oblast',Солтүстік Қазақстан облысы,KZ-SEV,iso3166-2,NA,NA,NA,0.4789331668699142,0.38882793103164415,0.5143270768434296,0.414393152338756
KZ,KAZ,Kazakhstan,KAZ.12_1,KAZ.12_1,South Kazakhstan,Chimkent,South Kazakhstan,Oblasy,Region,NA,KZ.SK,NA,NA,NA,1,Türkistan oblysy,Turkestankaya oblast',Түркістан облысы,KZ-YUZ,iso3166-2,NA,NA,NA,0.5713870166192547,0.41600622207106497,0.5143270768434296,0.414393152338756
KZ,KAZ,Kazakhstan,KAZ.14_1,KAZ.14_1,Zhambyl,Dzhambul,Zhambyl,Oblasy,Region,NA,KZ.ZM,NA,NA,NA,NA,Zhambyl oblysy,Zhambylskaya oblast',Жамбыл облысы,KZ-ZHA,iso3166-2,NA,NA,NA,0.5295964995373836,0.3436385426711012,0.5143270768434296,0.414393152338756
LA,LAO,Laos,LAO.1_1,LAO.1_1,Attapu,Attopu|Atpu|Attapeu|Attopeu|Muang Mai,Attapu,Khoueng,Province,NA,LA.AT,NA,NA,NA,NA,Attapu,Attapeu,ອັດຕະປື,LA-AT,iso3166-2,NA,NA,NA,0.48111146110148756,0.42814306919618844,0.4313062640178528,0.3581948474179106
LA,LAO,Laos,LAO.2_1,LAO.2_1,Bokeo,NA,Bokeo,Khoueng,Province,NA,LA.BK,NA,NA,NA,NA,Bokèo,NA,ບໍ່ແກ້ວ,LA-BK,iso3166-2,NA,NA,NA,0.44480757553499983,0.4160528830213107,0.4313062640178528,0.3581948474179106
LA,LAO,Laos,LAO.3_1,LAO.3_1,Bolikhamxai,Bolikhamsai|Bolikhamxay|Borikhamzay|Borikane|Borikhan|Borikhane,Bolikhamxai,Khoueng,Province,NA,LA.BL,NA,NA,NA,NA,Bolikhamxai,Borikhamxay,ບໍລິຄໍາໄຊ,LA-BL,iso3166-2,NA,NA,NA,0.4208221551445479,0.35013768000374257,0.4313062640178528,0.3581948474179106
LA,LAO,Laos,LAO.4_1,LAO.4_1,Champasak,Bassac|Champassack|Champassak|Champassac|Khong|Pakse,Champasak,Khoueng,Province,NA,LA.CH,NA,NA,NA,NA,Champasak,Champasack,ຈຳປາສັກ,LA-CH,iso3166-2,NA,NA,NA,0.522957017631236,0.4733034672578606,0.4313062640178528,0.3581948474179106
LA,LAO,Laos,LAO.5_1,LAO.5_1,Houaphan,Hua Phan|Huaphanh|Sam Neua|Xam Nua,Houaphan,Khoueng,Province,NA,LA.HO,NA,NA,NA,NA,Houaphan,Huaphanh,ຫົວພັນ,LA-HO,iso3166-2,NA,NA,NA,0.5053611095108448,0.4141952894358276,0.4313062640178528,0.3581948474179106
LA,LAO,Laos,LAO.6_1,LAO.6_1,Khammouan,Khammouane|Khammuan,Khammouan,Khoueng,Province,NA,LA.KH,NA,NA,NA,NA,Khammouan,Khammuane,ຄໍາມ່ວນ,LA-KH,iso3166-2,NA,NA,NA,0.5277298909706245,0.5104008460734226,0.4313062640178528,0.3581948474179106
LA,LAO,Laos,LAO.7_1,LAO.7_1,Louang Namtha,Haut-Mekong|Luangnamtha|Muong Luang Namtha|Namtha|Hiuakhong|Houa Kh,Louang Namtha,Khoueng,Province,NA,LA.LM,NA,NA,NA,NA,Louang Namtha,Luangnamtha,ຫລວງນໍ້າທາ,LA-LM,iso3166-2,NA,NA,NA,0.4570263400678168,0.37955875542612505,0.4313062640178528,0.3581948474179106
LA,LAO,Laos,LAO.8_1,LAO.8_1,Louangphrabang,Loang Prabang|Louangphabang|Louang Prabang|Luang Phabang|Luangphrabang|Luang Prabang,Louangphrabang,Khoueng,Province,NA,LA.LP,NA,NA,NA,NA,Louangphabang,Luangprabang,ຫລວງພະບາງ,LA-LP,iso3166-2,NA,NA,NA,0.45066488618201683,0.4537054492539915,0.4313062640178528,0.3581948474179106
LA,LAO,Laos,LAO.9_1,LAO.9_1,Oud√¥mxai,Oudomsai|Oudomsay|Oudomxay|UdomXay,Oud√¥mxai,Khoueng,Province,NA,LA.OU,NA,NA,NA,NA,Oudômxai,Oudomxay,ອຸດົມໄຊ,LA-OU,iso3166-2,NA,NA,NA,0.4379564742486512,0.4366921904635183,0.4313062640178528,0.3581948474179106
LA,LAO,Laos,LAO.10_1,LAO.10_1,Ph√¥ngsali,Fong Sali|Phongsaly,Ph√¥ngsali,Khoueng,Province,NA,LA.PH,NA,NA,NA,NA,Phôngsali,Phongsaly,ຜົ້ງສາລີ,LA-PH,iso3166-2,NA,NA,NA,0.4720847864340577,0.4007633776801715,0.4313062640178528,0.3581948474179106
LA,LAO,Laos,LAO.11_1,LAO.11_1,Saravan,Salavan|Salavane|Saravane,Saravan,Khoueng,Province,NA,LA.SL,NA,NA,NA,NA,Salavan,Saravane,ສາລະວັນ,LA-SL,iso3166-2,NA,NA,NA,0.47673665034393164,0.4102745279252062,0.4313062640178528,0.3581948474179106
LA,LAO,Laos,LAO.12_1,LAO.12_1,Savannakh√©t,Svannakhet,Savannakh√©t,Khoueng,Province,NA,LA.SV,NA,NA,NA,NA,Savannakhét,Savannakhet,ສະຫວັນນະເຂດ,LA-SV,iso3166-2,NA,NA,NA,0.5029523196409442,0.3808984068563543,0.4313062640178528,0.3581948474179106
LA,LAO,Laos,LAO.13_1,LAO.13_1,Vientiane [prefecture],Vientiane|Kamphaeng Nakhon Viang Chan,Vientiane [prefecture],Kampeng Nakhon,Municipality|Prefecture,NA,LA.VT,NA,NA,NA,NA,Viangchan,Vientiane,ນະຄອນຫຼວງວຽງຈັນ,LA-VT,iso3166-2,NA,NA,NA,0.5107676945472095,0.4658451029883468,0.4313062640178528,0.3581948474179106
LA,LAO,Laos,LAO.14_1,LAO.14_1,Vientiane,Viangchan,Vientiane,Khoueng,Province,NA,LA.VI,NA,NA,NA,NA,Viangchan,Vientiane,ແຂວງວຽງຈັນ,LA-VI,iso3166-2,NA,NA,NA,0.5043867070993364,0.474075034898346,0.4313062640178528,0.3581948474179106
LA,LAO,Laos,LAO.15_1,LAO.15_1,Xaignabouri,Sayabouri|Sayaboury|Xaignabouli|Xayabouri|Xayabury,Xaignabouri,Khoueng,Province,NA,LA.XA,NA,NA,NA,NA,Xaignabouli,Xayabury,ໄຊຍະບູລີ,LA-XA,iso3166-2,NA,NA,NA,0.5195237997792387,0.46009916260334666,0.4313062640178528,0.3581948474179106
LA,LAO,Laos,LAO.16_1,LAO.16_1,Xais√¥mboun,"Saysomboune,|Xaysomboun",Xais√¥mboun,Khetphiset,Special Region|Zone,NA,LA.XS,NA,NA,NA,NA,Xaisômboun,Xaysomboon, ໄຊສົມບູນ,LA-XS,iso3166-2,NA,NA,NA,NA,NA,0.4313062640178528,0.3581948474179106
LA,LAO,Laos,LAO.17_1,LAO.17_1,X√©kong,Sekong,X√©kong,Khoueng,Province,NA,LA.XE,NA,NA,NA,NA,Xékong,Sekong,ເຊກອງ,LA-XE,iso3166-2,NA,NA,NA,0.4508782187731331,0.31596560945798513,0.4313062640178528,0.3581948474179106
LA,LAO,Laos,LAO.18_1,LAO.18_1,Xiangkhoang,Xiang Khouang|Xieng Khouang|Xiengkhuang|Xieng Khwang,Xiangkhoang,Khoueng,Province,NA,LA.XI,NA,NA,NA,NA,Xiangkhouang,Xiengkhuang,ຊຽງຂວາງ,LA-XI,iso3166-2,NA,NA,NA,0.5082862085088549,0.4166173292501552,0.4313062640178528,0.3581948474179106
LB,LBN,Lebanon,LBN.1_1,LBN.1_1,Akkar,NA,Akkar,Muhafazah,Governorate,NA,NA,NA,NA,NA,NA,Aakkâr,‘Akkār,عكار,LB-AK,iso3166-2,NA,NA,NA,0.2698494858782229,0.11516504194994383,0.57318805544316,0.3094575042955524
LB,LBN,Lebanon,LBN.2_1,LBN.2_1,Baalbak - Hermel,NA,Baalbak - Hermel,Muhafazah,Governorate,NA,NA,NA,NA,NA,NA,Baalbek-Hermel,B‘alabak-Al Hirmil,بعلبك - الهرمل,LB-BH,iso3166-2,NA,NA,NA,0.5776687285611739,0.37374989700222916,0.57318805544316,0.3094575042955524
LB,LBN,Lebanon,LBN.4_1,LBN.4_1,Bekaa,Beqaa|Zahleh,Bekaa,Muhafazah,Governorate,NA,NA,NA,NA,NA,NA,Béqaa,Al Biqā‘,البقاع,LB-BI,iso3166-2,NA,NA,NA,0.48502053665445855,0.4283699015071636,0.57318805544316,0.3094575042955524
LB,LBN,Lebanon,LBN.3_1,LBN.3_1,Beirut,NA,Beirut,Muhafazah,Governorate,NA,NA,NA,NA,NA,NA,Beyrouth,Bayrūt,بيروت,LB-BA,iso3166-2,NA,NA,NA,NA,NA,0.57318805544316,0.3094575042955524
LB,LBN,Lebanon,LBN.7_1,LBN.7_1,North,Tripoli,North,Muhafazah,Governorate,NA,NA,NA,NA,NA,NA,Liban-Nord,Ash Shimāl,الشمال,LB-AS,iso3166-2,NA,NA,NA,0.630303213553391,0.26743611964216263,0.57318805544316,0.3094575042955524
LB,LBN,Lebanon,LBN.8_1,LBN.8_1,South,Sidon,South,Muhafazah,Governorate,NA,NA,NA,NA,NA,NA,Liban-Sud,Al Janūb,الجنوب,LB-JA,iso3166-2,NA,NA,NA,0.5952137693503518,0.40274982044506286,0.57318805544316,0.3094575042955524
LB,LBN,Lebanon,LBN.5_1,LBN.5_1,Mount Lebanon,Baabda,Mount Lebanon,Muhafazah,Governorate,NA,NA,NA,NA,NA,NA,Mont-Liban,Jabal Lubnān,جبل لبنان,LB-JL,iso3166-2,22-Feb,NA,Created new Keserwan-Jbeil Governorate out of Mountt Lebanon in 2017,0.6311475768304777,0.41253988511679296,0.57318805544316,0.3094575042955524
LB,LBN,Lebanon,LBN.6_1,LBN.6_1,Nabatiyeh,NA,Nabatiyeh,Muhafazah,Governorate,NA,NA,NA,NA,NA,NA,Nabatîyé,An Nabaţīyah,النبطية,LB-NA,iso3166-2,NA,NA,NA,0.5873736530203529,0.4432771153052902,0.57318805544316,0.3094575042955524
LB,LBN,Lebanon,NA,LB-KJ,Keserwan-Jbeil,NO,Keserwan-Jbeil,Muhafazah,Governorate,NA,NO,NA,NA,NA,NA,Keserwan-Jbeil,Keserwan-Jbeil,كسروان - جبيل,LB-KJ,ypccc,22-Feb,NA,Created new Keserwan-Jbeil Governorate formed in 2017 (still does not have ISO code),NA,NA,0.57318805544316,0.3094575042955524
LC,LCA,Saint Lucia,LCA.1_1,LCA.1_1,Anse-la-Raye,NA,Anse-la-Raye,Quarter,Quarter,NA,LC.AR,nat,Saint Lucia,NA,NA,Anse la Raye,NA,Anse la Raye,LC-01,iso3166-2,NA,NA,NA,NA,NA,0.6158520004717406,0.6555170276739877
LC,LCA,Saint Lucia,LCA.2_1,LCA.2_1,Canaries,NA,Canaries,Quarter,Quarter,NA,LC.CN,nat,Saint Lucia,NA,NA,Canaries,NA,Canaries,LC-12,iso3166-2,NA,NA,NA,NA,NA,0.6158520004717406,0.6555170276739877
LC,LCA,Saint Lucia,LCA.3_1,LCA.3_1,Castries,NA,Castries,Quarter,Quarter,NA,LC.CS,nat,Saint Lucia,NA,NA,Castries,NA,Castries,LC-02,iso3166-2,NA,NA,NA,NA,NA,0.6158520004717406,0.6555170276739877
LC,LCA,Saint Lucia,LCA.4_1,LCA.4_1,Choiseul,NA,Choiseul,Quarter,Quarter,NA,LC.CH,nat,Saint Lucia,NA,NA,Choiseul,NA,Choiseul,LC-03,iso3166-2,NA,NA,NA,NA,NA,0.6158520004717406,0.6555170276739877
LC,LCA,Saint Lucia,LCA.5_1,LCA.5_1,Dennery,NA,Dennery,Quarter,Quarter,NA,LC.DE,nat,Saint Lucia,NA,NA,Dennery,NA,Dennery,LC-05,iso3166-2,NA,NA,NA,NA,NA,0.6158520004717406,0.6555170276739877
LC,LCA,Saint Lucia,LCA.6_1,LCA.6_1,Gros Islet,NA,Gros Islet,Quarter,Quarter,NA,LC.GI,nat,Saint Lucia,NA,NA,Gros Islet,NA,Gros Islet,LC-06,iso3166-2,NA,NA,NA,NA,NA,0.6158520004717406,0.6555170276739877
LC,LCA,Saint Lucia,LCA.7_1,LCA.7_1,Laborie,NA,Laborie,Quarter,Quarter,NA,LC.LB,nat,Saint Lucia,NA,NA,Laborie,NA,Laborie,LC-07,iso3166-2,NA,NA,NA,NA,NA,0.6158520004717406,0.6555170276739877
LC,LCA,Saint Lucia,LCA.8_1,LCA.8_1,Micoud,NA,Micoud,Quarter,Quarter,NA,LC.MI,nat,Saint Lucia,NA,NA,Micoud,NA,Micoud,LC-08,iso3166-2,NA,NA,NA,NA,NA,0.6158520004717406,0.6555170276739877
LC,LCA,Saint Lucia,LCA.9_1,LCA.9_1,Soufri√®re,NA,Soufri√®re,Quarter,Quarter,NA,LC.CO,nat,Saint Lucia,NA,NA,Soufrière,NA,Soufrière,LC-10,iso3166-2,NA,NA,NA,NA,NA,0.6158520004717406,0.6555170276739877
LC,LCA,Saint Lucia,LCA.10_1,LCA.10_1,Vieux Fort,NA,Vieux Fort,Quarter,Quarter,NA,LC.VF,nat,Saint Lucia,NA,NA,Vieux Fort,NA,Vieux Fort,LC-11,iso3166-2,NA,NA,NA,NA,NA,0.6158520004717406,0.6555170276739877
LK,LKA,Sri Lanka,NA,LK-2,NA,NA,NA,NA,NA,NA,NA,NA,NA,NA,NA,Central Province,Madhyama paḷāta,මධ්‍යම පළාත,LK-2,iso3166-2,NA,NA,NA,0.5208983894304346,0.48496567715131284,0.5068572416202429,0.4508524519431531
LK,LKA,Sri Lanka,NA,LK-5,NA,NA,NA,NA,NA,NA,NA,NA,NA,NA,NA,Eastern Province,Næ̆gĕnahira paḷāta,கிழக்கு மாகாணம்,LK-5,iso3166-2,NA,NA,NA,0.5937602322402957,0.5387838238880578,0.5068572416202429,0.4508524519431531
LK,LKA,Sri Lanka,NA,LK-7,NA,NA,NA,NA,NA,NA,NA,NA,NA,NA,NA,North Central Province,Uturumæ̆da paḷāta,උතුරු මැද පළාත,LK-7,iso3166-2,NA,NA,NA,0.5154041111734693,0.49857256245068954,0.5068572416202429,0.4508524519431531
LK,LKA,Sri Lanka,NA,LK-6,NA,NA,NA,NA,NA,NA,NA,NA,NA,NA,NA,North Western Province,Vayamba paḷāta,වයඹ පළාත,LK-6,iso3166-2,NA,NA,NA,0.5054324768432535,0.5084371968398452,0.5068572416202429,0.4508524519431531
LK,LKA,Sri Lanka,NA,LK-4,NA,NA,NA,NA,NA,NA,NA,NA,NA,NA,NA,Northern Province,Uturu paḷāta,வட மாகாணம்,LK-4,iso3166-2,NA,NA,NA,0.5195375032352677,0.4825461492736848,0.5068572416202429,0.4508524519431531
LK,LKA,Sri Lanka,NA,LK-9,NA,NA,NA,NA,NA,NA,NA,NA,NA,NA,NA,Sabaragamuwa Province,Sabaragamuva paḷāta,සබරගමුව පළාත,LK-9,iso3166-2,NA,NA,NA,0.5710070087504818,0.5216166913078493,0.5068572416202429,0.4508524519431531
LK,LKA,Sri Lanka,NA,LK-3,NA,NA,NA,NA,NA,NA,NA,NA,NA,NA,NA,Southern Province,Dakuṇu paḷāta,දකුණු පළාත,LK-3,iso3166-2,NA,NA,NA,0.6014349430971859,0.5134627093919963,0.5068572416202429,0.4508524519431531
LK,LKA,Sri Lanka,NA,LK-8,NA,NA,NA,NA,NA,NA,NA,NA,NA,NA,NA,Uva Province,Ūva paḷāta,ඌව පළාත,LK-8,iso3166-2,NA,NA,NA,0.55895999941785,0.4719943688884635,0.5068572416202429,0.4508524519431531
LK,LKA,Sri Lanka,NA,LK-1,NA,NA,NA,NA,NA,NA,NA,NA,NA,NA,NA,Western Province,Basnāhira paḷāta,බස්නාහිර පළාත,LK-1,iso3166-2,NA,NA,NA,0.5584912752178012,0.5131421930892245,0.5068572416202429,0.4508524519431531
LR,LBR,Liberia,LBR.1_1,LBR.1_1,Bomi,NA,Bomi,County,County,3,LR.BM,NA,NA,NA,NA,Bomi,NA,Bomi,LR-BM,iso3166-2,NA,NA,NA,0.49584140318356545,0.4082160544175289,0.46393089665845294,0.49529106962932146
LR,LBR,Liberia,LBR.2_1,LBR.2_1,Bong,NA,Bong,County,County,6,LR.BG,NA,NA,NA,NA,Bong,NA,Bong,LR-BG,iso3166-2,NA,NA,NA,0.5072242009308211,0.5076091691871525,0.46393089665845294,0.49529106962932146
LR,LBR,Liberia,LBR.3_1,LBR.3_1,Gbapolu,Gbarpolu,Gbapolu,County,County,45,LR.GP,NA,NA,NA,NA,Gbarpolu,NA,Gbarpolu,LR-GP,iso3166-2,NA,NA,NA,0.6254856110484431,0.45964852497640996,0.46393089665845294,0.49529106962932146
LR,LBR,Liberia,LBR.5_1,LBR.5_1,GrandBassa,Grand Bassa,GrandBassa,County,County,9,LR.GB,NA,NA,NA,NA,Grand Bassa,NA,Grand Bassa,LR-GB,iso3166-2,NA,NA,NA,0.6171463016300488,0.511498302712136,0.46393089665845294,0.49529106962932146
LR,LBR,Liberia,LBR.4_1,LBR.4_1,Grand Cape Mount,NA,Grand Cape Mount,County,County,12,LR.CM,NA,NA,NA,NA,Grand Cape Mount,NA,Grand Cape Mount,LR-CM,iso3166-2,NA,NA,NA,0.5489554280537753,0.3409384611110911,0.46393089665845294,0.49529106962932146
LR,LBR,Liberia,LBR.6_1,LBR.6_1,GrandGedeh,Grand Gedeh,GrandGedeh,County,County,15,LR.GD,NA,NA,NA,NA,Grand Gedeh,NA,Grand Gedeh,LR-GG,iso3166-2,NA,NA,NA,0.5274450566532682,0.6398867417584512,0.46393089665845294,0.49529106962932146
LR,LBR,Liberia,LBR.7_1,LBR.7_1,GrandKru,Grand Kru,GrandKru,County,County,18,LR.GK,NA,NA,NA,NA,Grand Kru,NA,Grand Kru,LR-GK,iso3166-2,NA,NA,NA,0.6174445574012346,0.7624653723981473,0.46393089665845294,0.49529106962932146
LR,LBR,Liberia,LBR.8_1,LBR.8_1,Lofa,NA,Lofa,County,County,21,LR.LF,NA,NA,NA,NA,Lofa,NA,Lofa,LR-LO,iso3166-2,NA,NA,NA,0.43519782147164143,0.5110998381010087,0.46393089665845294,0.49529106962932146
LR,LBR,Liberia,LBR.9_1,LBR.9_1,Margibi,NA,Margibi,County,County,24,LR.MG,NA,NA,NA,NA,Margibi,NA,Margibi,LR-MG,iso3166-2,NA,NA,NA,0.5512226400567191,0.6762637838674058,0.46393089665845294,0.49529106962932146
LR,LBR,Liberia,LBR.10_1,LBR.10_1,Maryland,NA,Maryland,County,County,27,LR.MY,NA,NA,NA,NA,Maryland,NA,Maryland,LR-MY,iso3166-2,NA,NA,NA,0.5093122157301063,0.6198017167672814,0.46393089665845294,0.49529106962932146
LR,LBR,Liberia,LBR.11_1,LBR.11_1,Montserrado,NA,Montserrado,County,County,30,LR.MO,NA,NA,NA,NA,Montserrado,NA,Montserrado,LR-MO,iso3166-2,NA,NA,NA,0.4978760644683598,0.4724011073901226,0.46393089665845294,0.49529106962932146
LR,LBR,Liberia,LBR.12_1,LBR.12_1,Nimba,NA,Nimba,County,County,33,LR.NI,NA,NA,NA,NA,Nimba,NA,Nimba,LR-NI,iso3166-2,NA,NA,NA,0.47334195922454164,0.689632667956749,0.46393089665845294,0.49529106962932146
LR,LBR,Liberia,LBR.13_1,LBR.13_1,River Cess,Rivercess,River Cess,County,County,36,LR.RI,NA,NA,NA,NA,River Cess,NA,River Cess,LR-RI,iso3166-2,NA,NA,NA,0.6300343634605607,0.5844332685990359,0.46393089665845294,0.49529106962932146
LR,LBR,Liberia,LBR.14_1,LBR.14_1,River Gee,NA,River Gee,County,County,42,LR.RG,NA,NA,NA,NA,River Gee,NA,River Gee,LR-RG,iso3166-2,NA,NA,NA,0.6667338661148945,0.7696961017251547,0.46393089665845294,0.49529106962932146
LR,LBR,Liberia,LBR.15_1,LBR.15_1,Sinoe,NA,Sinoe,County,County,39,LR.SI,NA,NA,NA,NA,Sinoe,NA,Sinoe,LR-SI,iso3166-2,NA,NA,NA,0.5326528567762324,0.5061255747118875,0.46393089665845294,0.49529106962932146
LS,LSO,Lesotho,LSO.1_1,LSO.1_1,Berea,Teyateyaneng,Berea,District,District,NA,LS.BE,NA,NA,NA,NA,Berea,NA,Berea,LS-D,iso3166-2,NA,NA,NA,0.7645579624547683,0.896267463514485,0.8037921987639549,1
LS,LSO,Lesotho,LSO.2_1,LSO.2_1,Butha-Buthe,Butha Buthe,Butha-Buthe,District,District,NA,LS.BB,NA,NA,NA,NA,Butha-Buthe,NA,Butha-Buthe,LS-B,iso3166-2,NA,NA,NA,0.8150061070313727,0.9837150049022763,0.8037921987639549,1
LS,LSO,Lesotho,LSO.3_1,LSO.3_1,Leribe,NA,Leribe,District,District,NA,LS.LE,NA,NA,NA,NA,Leribe,NA,Leribe,LS-C,iso3166-2,NA,NA,NA,0.7755614128788809,0.9925453554528326,0.8037921987639549,1
LS,LSO,Lesotho,LSO.4_1,LSO.4_1,Mafeteng,NA,Mafeteng,District,District,NA,LS.MF,NA,NA,NA,NA,Mafeteng,NA,Mafeteng,LS-E,iso3166-2,NA,NA,NA,0.855296610653781,0.9698041444183315,0.8037921987639549,1
LS,LSO,Lesotho,LSO.5_1,LSO.5_1,Maseru,NA,Maseru,District,District,NA,LS.MS,NA,NA,NA,NA,Maseru,NA,Maseru,LS-A,iso3166-2,NA,NA,NA,0.7848037594444681,0.96269045166342615,0.8037921987639549,1
LS,LSO,Lesotho,LSO.6_1,LSO.6_1,Mohale's Hoek,Mohales Hoek,Mohale's Hoek,District,District,NA,LS.MH,NA,NA,NA,NA,Mohale's Hoek,NA,Mohale's Hoek,LS-F,iso3166-2,NA,NA,NA,0.7723342190278103,0.9077183070906566,0.8037921987639549,1
LS,LSO,Lesotho,LSO.7_1,LSO.7_1,Mokhotlong,NA,Mokhotlong,District,District,NA,LS.MK,NA,NA,NA,NA,Mokhotlong,NA,Mokhotlong,LS-J,iso3166-2,NA,NA,NA,0.8052818861630119,0.9645989250119039,0.8037921987639549,1
LS,LSO,Lesotho,LSO.8_1,LSO.8_1,Qacha's Nek,Quacha's Nek|Quachas Nek,Qacha's Nek,District,District,NA,LS.QN,NA,NA,NA,NA,Qacha's Nek,NA,Qacha's Nek,LS-H,iso3166-2,NA,NA,NA,0.7798610226948243,0.9029538324976557,0.8037921987639549,1
LS,LSO,Lesotho,LSO.9_1,LSO.9_1,Quthing,NA,Quthing,District,District,NA,LS.QT,NA,NA,NA,NA,Quthing,NA,Quthing,LS-G,iso3166-2,NA,NA,NA,0.8208070225231509,0.8888657276535233,0.8037921987639549,1
LS,LSO,Lesotho,LSO.10_1,LSO.10_1,Thaba-Tseka,Thaba Tseka,Thaba-Tseka,District,District,NA,LS.TT,NA,NA,NA,NA,Thaba-Tseka,NA,Thaba-Tseka,LS-K,iso3166-2,NA,NA,NA,0.77114692822568,0.962668154854598,0.8037921987639549,1
LT,LTU,Lithuania,LTU.1_1,LTU.1_1,Alytaus,Alytus|Olita|Alitus,Alytaus,Apskritis,County,NA,LT.AS,NA,NA,NA,NA,Alytaus apskritis,Alytus County,Alytaus apskritis,LT-AL,iso3166-2,NA,NA,NA,0.4191861310641004,0.6246112537515822,0.36779033544416506,0.4944253764148489
LT,LTU,Lithuania,LTU.2_1,LTU.2_1,Kauno,Kaunas|Kowno|Kovno,Kauno,Apskritis,County,NA,LT.KS,NA,NA,NA,NA,Kauno apskritis,Kaunas County,Kauno apskritis,LT-KU,iso3166-2,NA,NA,NA,0.4756571485604736,0.5487721884838545,0.36779033544416506,0.4944253764148489
LT,LTU,Lithuania,LTU.3_1,LTU.3_1,Klaipedos,Klaipƒóda|Memel,Klaipedos,Apskritis,County,NA,LT.KP,NA,NA,NA,NA,Klaipėdos apskritis,Klaipėda County,Klaipėdos apskritis,LT-KL,iso3166-2,NA,NA,NA,0.46294199118724344,0.557866270824829,0.36779033544416506,0.4944253764148489
LT,LTU,Lithuania,LTU.4_1,LTU.4_1,Marijampoles,Marijampolƒó|Mariampol,Marijampoles,Apskritis,County,NA,LT.MA,NA,NA,NA,NA,Marijampolės apskritis,Marijampolė County,Marijampolės apskritis,LT-MR,iso3166-2,NA,NA,NA,0.4476054905044575,0.47187157663079105,0.36779033544416506,0.4944253764148489
LT,LTU,Lithuania,LTU.5_1,LTU.5_1,Panevezio,Panevƒó≈æys|Ponewiesch|Ponewjesh|Poneviezli,Panevezio,Apskritis,County,NA,LT.PA,NA,NA,NA,NA,Panevėžio apskritis,Panevėžys County,Panevėžio apskritis,LT-PN,iso3166-2,NA,NA,NA,0.44379288475599993,0.5201740101963696,0.36779033544416506,0.4944253764148489
LT,LTU,Lithuania,LTU.6_1,LTU.6_1,≈†iauliai,≈†iauliai|Schaulen|Shavli,≈†iauliai,Apskritis,County,NA,LT.SH,NA,NA,NA,NA,Šiaulių apskritis,Šiauliai County,Šiaulių apskritis,LT-SA,iso3166-2,NA,NA,NA,0.45293991751971857,0.5287880866242871,0.36779033544416506,0.4944253764148489
LT,LTU,Lithuania,LTU.7_1,LTU.7_1,Taurages,Tauragƒó|Tauroggen,Taurages,Apskritis,County,NA,LT.TG,NA,NA,NA,NA,Tauragės apskritis,Tauragė County,Tauragės apskritis,LT-TA,iso3166-2,NA,NA,NA,0.5080413946059714,0.5622638437804939,0.36779033544416506,0.4944253764148489
LT,LTU,Lithuania,LTU.8_1,LTU.8_1,Tel≈°iai,Tel≈°iai|Telsche|Telschi|Telshe,Tel≈°iai,Apskritis,County,NA,LT.TL,NA,NA,NA,NA,Telšių apskritis,Telšiai County,Telšių apskritis,LT-TE,iso3166-2,NA,NA,NA,0.4054029864780641,0.5183592994185242,0.36779033544416506,0.4944253764148489
LT,LTU,Lithuania,LTU.9_1,LTU.9_1,Utenos,Utena,Utenos,Apskritis,County,NA,LT.UN,NA,NA,NA,NA,Utenos apskritis,Utena County,Utenos apskritis,LT-UT,iso3166-2,NA,NA,NA,0.4289083863375632,0.4937187443586858,0.36779033544416506,0.4944253764148489
LT,LTU,Lithuania,LTU.10_1,LTU.10_1,Vilniaus,Vilnius|Wilna|Vilna|Vilnious,Vilniaus,Apskritis,County,NA,LT.VI,NA,NA,NA,NA,Vilniaus apskritis,Vilnius County,Vilniaus apskritis,LT-VL,iso3166-2,NA,NA,NA,0.4048454605218915,0.5480732482884307,0.36779033544416506,0.4944253764148489
LU,LUX,Luxembourg,NA,LU-CA,NA,NA,NA,NA,NA,NA,NA,nat,Luxembourg,NA,NA,Capellen,Kapellen,NA,LU-CA,iso3166-2,NA,NA,NA,NA,NA,0.382256482882261,0.5834302807566438
LU,LUX,Luxembourg,NA,LU-CL,NA,NA,NA,NA,NA,NA,NA,nat,Luxembourg,NA,NA,Clervaux,Klierf,NA,LU-CL,iso3166-2,NA,NA,NA,NA,NA,0.382256482882261,0.5834302807566438
LU,LUX,Luxembourg,NA,LU-DI,NA,NA,NA,NA,NA,NA,NA,nat,Luxembourg,NA,NA,Diekirch,Diekrech,NA,LU-DI,iso3166-2,NA,NA,NA,NA,NA,0.382256482882261,0.5834302807566438
LU,LUX,Luxembourg,NA,LU-EC,NA,NA,NA,NA,NA,NA,NA,nat,Luxembourg,NA,NA,Echternach,Iechternach,NA,LU-EC,iso3166-2,NA,NA,NA,NA,NA,0.382256482882261,0.5834302807566438
LU,LUX,Luxembourg,NA,LU-ES,NA,NA,NA,NA,NA,NA,NA,nat,Luxembourg,NA,NA,Esch-sur-Alzette,Esch-Uelzecht,NA,LU-ES,iso3166-2,NA,NA,NA,NA,NA,0.382256482882261,0.5834302807566438
LU,LUX,Luxembourg,NA,LU-GR,NA,NA,NA,NA,NA,NA,NA,nat,Luxembourg,NA,NA,Grevenmacher,Gréivemaacher,NA,LU-GR,iso3166-2,NA,NA,NA,NA,NA,0.382256482882261,0.5834302807566438
LU,LUX,Luxembourg,NA,LU-LU,NA,NA,NA,NA,NA,NA,NA,nat,Luxembourg,NA,NA,Luxembourg,Lëtzebuerg,NA,LU-LU,iso3166-2,NA,NA,NA,NA,NA,0.382256482882261,0.5834302807566438
LU,LUX,Luxembourg,NA,LU-ME,NA,NA,NA,NA,NA,NA,NA,nat,Luxembourg,NA,NA,Mersch,Miersch,NA,LU-ME,iso3166-2,NA,NA,NA,NA,NA,0.382256482882261,0.5834302807566438
LU,LUX,Luxembourg,NA,LU-RD,NA,NA,NA,NA,NA,NA,NA,nat,Luxembourg,NA,NA,Redange,Réiden-Atert,NA,LU-RD,iso3166-2,NA,NA,NA,NA,NA,0.382256482882261,0.5834302807566438
LU,LUX,Luxembourg,NA,LU-RM,NA,NA,NA,NA,NA,NA,NA,nat,Luxembourg,NA,NA,Remich,Réimech,NA,LU-RM,iso3166-2,NA,NA,NA,NA,NA,0.382256482882261,0.5834302807566438
LU,LUX,Luxembourg,NA,LU-VD,NA,NA,NA,NA,NA,NA,NA,nat,Luxembourg,NA,NA,Vianden,Veianen,NA,LU-VD,iso3166-2,NA,NA,NA,NA,NA,0.382256482882261,0.5834302807566438
LU,LUX,Luxembourg,NA,LU-WI,NA,NA,NA,NA,NA,NA,NA,nat,Luxembourg,NA,NA,Wiltz,Wolz,NA,LU-WI,iso3166-2,NA,NA,NA,NA,NA,0.382256482882261,0.5834302807566438
LV,LVA,Latvia,LVA.1_1,LVA.1_1,Kurzeme,NA,Kurzeme,Province,Province,NA,K,NA,NA,NA,NA,Kurzeme,NA,Kurzeme,LV003,nuts3,NA,NA,NA,0.27712892409253836,0.5195720085565789,0.22318899518242413,0.4474774510852954
LV,LVA,Latvia,LVA.2_1,LVA.2_1,Latgale,NA,Latgale,Province,Province,NA,L,NA,NA,NA,NA,Latgale,NA,Latgale,LV005,nuts3,NA,NA,NA,0.3384073219224709,0.5027269112952607,0.22318899518242413,0.4474774510852954
LV,LVA,Latvia,NA,LV007,NA,NA,NA,NA,NA,NA,NA,NA,NA,NA,1,Pieriga,NA,Pieriga,LV007,nuts3,NA,NA,NA,0.35179492306295307,0.4996599667034715,0.22318899518242413,0.4474774510852954
LV,LVA,Latvia,NA,LV006,Riga,NA,Riga,Province,Province,NA,R,NA,NA,NA,1,Riga,NA,Riga,LV006,nuts3,NA,NA,NA,0.32374983005982805,0.4912183022591122,0.22318899518242413,0.4474774510852954
LV,LVA,Latvia,LVA.4_1,LVA.4_1,Vidzeme,NA,Vidzeme,Province,Province,NA,V,NA,NA,NA,NA,Vidzeme,NA,Vidzeme,LV008,nuts3,NA,NA,NA,0.3571196180585512,0.5250850824191217,0.22318899518242413,0.4474774510852954
LV,LVA,Latvia,LVA.5_1,LVA.5_1,Zemgale,NA,Zemgale,Province,Province,NA,Z,NA,NA,NA,NA,Zemgale,NA,Zemgale,LV009,nuts3,NA,NA,NA,0.3139572223101206,0.5172816493693773,0.22318899518242413,0.4474774510852954
LY,LBY,Libya,LBY.1_1,LBY.1_1,Al Butnan,Tobruk|Tubruq|Butnan,Al Butnan,Shabiyah,District,NA,LY.BN,NA,NA,NA,NA,Al Buţnān,Tobruq,البطنان,LY-BU,iso3166-2,NA,NA,NA,0.364432106927525,0.33300756262785425,0.3063346854857839,0.28182789984493245
LY,LBY,Libya,LBY.2_1,LBY.2_1,Al Jabal al Akhdar,Jabal al Akhdar|Jabal al-Akh·∏çar|Jebel el-Akhdar,Al Jabal al Akhdar,Shabiyah,District,NA,LY.JK,NA,NA,NA,NA,Al Jabal al Akhḑar,NA,الجبل الاخضر,LY-JA,iso3166-2,NA,NA,NA,0.35233512922289584,0.33008322719662925,0.3063346854857839,0.28182789984493245
LY,LBY,Libya,LBY.3_1,LBY.3_1,Al Jabal al Gharbi,Al «¶abal al Gharbi,Al Jabal al Gharbi,Shabiyah,District,NA,LY.JG,NA,NA,NA,NA,Al Jabal al Gharbī,NA,الجبل الغربي,LY-JG,iso3166-2,NA,NA,NA,0.38662398652064184,0.36588223969862127,0.3063346854857839,0.28182789984493245
LY,LBY,Libya,LBY.4_1,LBY.4_1,Al Jifarah,Jafara|Al Jfara|Al Jfara|Al `Aziziyah|al-Ghifara|Al `Aziziyah,Al Jifarah,Shabiyah,District,NA,LY.JR,NA,NA,NA,NA,Al Jafārah,NA,الجفارة,LY-JI,iso3166-2,NA,NA,NA,0.44421537369352,0.43790072709194094,0.3063346854857839,0.28182789984493245
LY,LBY,Libya,LBY.5_1,LBY.5_1,Al Jufrah,Jufra|Jofra|,Al Jufrah,Shabiyah,District,NA,LY.JF,NA,NA,NA,NA,Al Jufrah,NA,الجفرة,LY-JU,iso3166-2,NA,NA,NA,0.3120147245992102,0.2692804783210678,0.3063346854857839,0.28182789984493245
LY,LBY,Libya,LBY.6_1,LBY.6_1,Al Kufrah,al-Kufra|Kufra|Kofra|Cufra,Al Kufrah,Shabiyah,District,NA,LY.KU,NA,NA,NA,NA,Al Kufrah,NA,الكفرة,LY-KF,iso3166-2,NA,NA,NA,0.3954881956280926,0.377598224839644,0.3063346854857839,0.28182789984493245
LY,LBY,Libya,LBY.7_1,LBY.7_1,Al Marj,Marj|Al Mar«ß,Al Marj,Shabiyah,District,NA,LY.MA,NA,NA,NA,NA,Al Marj,NA,المرج,LY-MJ,iso3166-2,NA,NA,NA,0.33188498635756825,0.2821075656699974,0.3063346854857839,0.28182789984493245
LY,LBY,Libya,LBY.8_1,LBY.8_1,Al Marqab,Murqub|Al Murgub| al-Morqib,Al Marqab,Shabiyah,District,NA,LY.MR,NA,NA,NA,NA,Al Marqab,NA,المرقب,LY-MB,iso3166-2,NA,NA,NA,0.5406648517342989,0.547574742450079,0.3063346854857839,0.28182789984493245
LY,LBY,Libya,LBY.9_1,LBY.9_1,Al Wahat,Al Wahat|Al Wahad|Al Wahah|Al WƒÅ·∏•ƒÅt,Al Wahat,Shabiyah,District,NA,LY.AW,NA,NA,NA,NA,Al Wāḩāt,NA,الواحات,LY-WA,iso3166-2,NA,NA,NA,0.4644885323097055,0.461733424927787,0.3063346854857839,0.28182789984493245
LY,LBY,Libya,LBY.10_1,LBY.10_1,An Nuqat al Khams,an-Niqat al-Hams|Nigat al Khums,An Nuqat al Khams,Shabiyah,District,NA,LY.NK,NA,NA,NA,NA,An Nuqāţ al Khams,NA,النقاط الخمس,LY-NQ,iso3166-2,NA,NA,NA,0.4217904432457528,0.40702357687207785,0.3063346854857839,0.28182789984493245
LY,LBY,Libya,LBY.11_1,LBY.11_1,Az Zawiyah,Az ZƒÅwiya|Zawiya,Az Zawiyah,Shabiyah,District,NA,LY.ZW,NA,NA,NA,NA,Az Zāwiyah,Zawia,الزاوية,LY-ZA,iso3166-2,NA,NA,NA,0.3478019420861997,0.3284745287263438,0.3063346854857839,0.28182789984493245
LY,LBY,Libya,LBY.12_1,LBY.12_1,Benghazi,BanghƒÅzƒ´,Benghazi,Shabiyah,District,NA,LY.BG,NA,NA,NA,NA,Banghāzī,NA,بنغازي,LY-BA,iso3166-2,NA,NA,NA,0.35065183854101195,0.3230439124695468,0.3063346854857839,0.28182789984493245
LY,LBY,Libya,LBY.13_1,LBY.13_1,Darnah,Darana|Darna|Derna,Darnah,Shabiyah,District,NA,LY.DA,NA,NA,NA,NA,Darnah,NA,درنة,LY-DR,iso3166-2,NA,NA,NA,0.3405872450663571,0.3128211403787979,0.3063346854857839,0.28182789984493245
LY,LBY,Libya,LBY.14_1,LBY.14_1,Ghat,Gat,Ghat,Shabiyah,District,NA,LY.GH,NA,NA,NA,NA,Ghāt,NA,غات,LY-GT,iso3166-2,NA,NA,NA,0.3063715191822194,0.26595540760841324,0.3063346854857839,0.28182789984493245
LY,LBY,Libya,LBY.15_1,LBY.15_1,Misratah,Misrata|Mi·π£rƒÅtah|M…ô·π£rƒÅtah,Misratah,Shabiyah,District,NA,LY. MS,NA,NA,NA,NA,Mişrātah,NA,مصراتة,LY-MI,iso3166-2,NA,NA,NA,0.393093419755382,0.36077723796895833,0.3063346854857839,0.28182789984493245
LY,LBY,Libya,LBY.16_1,LBY.16_1,Murzuq,NA,Murzuq,Shabiyah,District,NA,LY.MU,NA,NA,NA,NA,Murzuq,NA,مرزق,LY-MQ,iso3166-2,NA,NA,NA,0.3533382622984181,0.32271113079187475,0.3063346854857839,0.28182789984493245
LY,LBY,Libya,LBY.17_1,LBY.17_1,Nalut,NƒÅl≈´t|Nalut Lal≈´t,Nalut,Shabiyah,District,NA,LY.NT,NA,NA,NA,NA,Nālūt,NA,نالوت,LY-NL,iso3166-2,NA,NA,NA,0.4707658784524167,0.46798386622630445,0.3063346854857839,0.28182789984493245
LY,LBY,Libya,LBY.18_1,LBY.18_1,Sabha,Sabhah|Sebha|SabhƒÅ,Sabha,Shabiyah,District,NA,LY.SA,NA,NA,NA,NA,Sabhā,NA,سبها,LY-SB,iso3166-2,NA,NA,NA,0.3502302780281126,0.3390051214143504,0.3063346854857839,0.28182789984493245
LY,LBY,Libya,LBY.19_1,LBY.19_1,Surt,Sirte|Sirt,Surt,Shabiyah,District,NA,LY.ST,NA,NA,NA,NA,Surt,NA,سرت,LY-SR,iso3166-2,NA,NA,NA,0.4070334180332237,0.37491182320305005,0.3063346854857839,0.28182789984493245
LY,LBY,Libya,LBY.20_1,LBY.20_1,Tripoli,Tripoli|Shab'iya·∫ó ·π¨arƒÅbulus,Tripoli,Shabiyah,District,NA,LY.TR,NA,NA,NA,NA,Ţarābulus,Tripoli,طرابلس,LY-TB,iso3166-2,NA,NA,NA,0.36685156042956907,0.3471571279137349,0.3063346854857839,0.28182789984493245
LY,LBY,Libya,LBY.21_1,LBY.21_1,Wadi al Hayat,Wadi Al Hayaa|WƒÅdƒ´ al ·∏§ayƒÅh,Wadi al Hayat,Shabiyah,District,NA,LY.WH,NA,NA,NA,NA,Wādī al Ḩayāt,Ubari,وادي الحياة,LY-WD,iso3166-2,NA,NA,NA,0.34767394032633336,0.31467394412889793,0.3063346854857839,0.28182789984493245
LY,LBY,Libya,LBY.22_1,LBY.22_1,Wadi ash Shati',Wadi Al Shatii|Shati|Wadi ash-Shati'| WƒÅdƒ´ a≈° ≈†ƒÅ·π≠i'| A≈° ≈†ƒÅ·π≠i',Wadi ash Shati',Shabiyah,District,NA,LY.WS,NA,NA,NA,NA,Wādī ash Shāţi’,NA,وادي الشاطئ,LY-WS,iso3166-2,NA,NA,NA,0.32733466189859506,0.2906569185153409,0.3063346854857839,0.28182789984493245
MA,MAR,Morocco,NA,MA-05,NA,NA,NA,NA,NA,NA,NA,NA,NA,NA,NA,Béni Mellal-Khénifra,NA,بني ملال - خنيفرة‎,MA-05,iso3166-2,NA,NA,NA,0.485525524072625,0.5018797488818735,0.4323528780329193,0.5397845894375016
MA,MAR,Morocco,NA,MA-06,NA,NA,NA,NA,NA,NA,NA,NA,NA,NA,NA,Casablanca-Settat,NA,الدار البيضاء - سطات‎,MA-06,iso3166-2,NA,NA,NA,0.48643010968067185,0.6243615276629207,0.4323528780329193,0.5397845894375016
MA,NA,NA,NA,NA,NA,NA,NA,NA,NA,NA,NA,NA,NA,NA,NA,Dakhla-Oued Ed-Dahab (EH),NA,الداخلة - وادي الذهب‎,MA-12,iso3166-2,NA,NA,NA,NA,NA,0.4323528780329193,0.5397845894375016
MA,MAR,Morocco,NA,MA-08,NA,NA,NA,NA,NA,NA,NA,NA,NA,NA,NA,Drâa-Tafilalet,NA,درعة - تافيلالت‎,MA-08,iso3166-2,NA,NA,NA,0.5716174109882287,0.5165383846219126,0.4323528780329193,0.5397845894375016
MA,MAR,Morocco,NA,MA-03,NA,NA,NA,NA,NA,NA,NA,NA,NA,NA,NA,Fès-Meknès,NA,فاس-مكناس‎,MA-03,iso3166-2,NA,NA,NA,0.3925019767121701,0.5822614342095552,0.4323528780329193,0.5397845894375016
MA,MAR,Morocco,NA,MA-10,NA,NA,NA,NA,NA,NA,NA,NA,NA,NA,NA,Guelmim-Oued Noun (EH-partial),NA,كلميم-وادي نون‎,MA-10,iso3166-2,NA,NA,NA,0.5180501610402377,0.6014280061621554,0.4323528780329193,0.5397845894375016
MA,MAR,Morocco,NA,MA-02,NA,NA,NA,NA,NA,NA,NA,NA,NA,NA,NA,L'Oriental,NA,الشرق,MA-02,iso3166-2,NA,NA,NA,0.4864778575371986,0.5935874846653457,0.4323528780329193,0.5397845894375016
MA,MAR,Morocco,NA,MA-11,NA,NA,NA,NA,NA,NA,NA,NA,NA,NA,NA,Laâyoune-Sakia El Hamra (EH-partial),NA,العيون - الساقية الحمراء‎,MA-11,iso3166-2,NA,NA,NA,0.44986215512534317,0.49527433479791494,0.4323528780329193,0.5397845894375016
MA,MAR,Morocco,NA,MA-07,NA,NA,NA,NA,NA,NA,NA,NA,NA,NA,NA,Marrakech-Safi,NA,مراكش آسفي‎,MA-07,iso3166-2,NA,NA,NA,0.5721330127007501,0.5498418545685124,0.4323528780329193,0.5397845894375016
MA,MAR,Morocco,NA,MA-04,NA,NA,NA,NA,NA,NA,NA,NA,NA,NA,NA,Rabat-Salé-Kénitra,NA, الرباط-سلا-القنيطرة,MA-04,iso3166-2,NA,NA,NA,0.4752662242431075,0.5620780869963101,0.4323528780329193,0.5397845894375016
MA,MAR,Morocco,NA,MA-09,NA,NA,NA,NA,NA,NA,NA,NA,NA,NA,NA,Souss-Massa,NA, سوس ماسة‎,MA-09,iso3166-2,NA,NA,NA,0.5420419289119222,0.6383465249599781,0.4323528780329193,0.5397845894375016
MA,MAR,Morocco,NA,MA-01,NA,NA,NA,NA,NA,NA,NA,NA,NA,NA,NA,Tanger-Tétouan-Al Hoceïma,NA,طنجة - تطوان - الحسيمة‎,MA-01,iso3166-2,NA,NA,NA,0.4788292680821589,0.563745066984324,0.4323528780329193,0.5397845894375016
MD,MDA,Moldova,NA,MD111,NA,NA,NA,NA,NA,NA,NA,NA,NA,NA,NA,Regiunea Nord,NA,Regiunea Nord,MD-NORTH,ypccc,2/3/22,MD111,NA,0.6062270615681934,0.5860660969023017,0.539845748484082,0.4882837865392827
MD,MDA,Moldova,NA,MD112,NA,NA,NA,NA,NA,NA,NA,CENTRAL,Regiunea Centru,NA,NA,Regiunea Centru,NA,Regiunea Centru,MD112,ypccc,2/3/22,MD112,NA,NA,NA,0.539845748484082,0.4882837865392827
MD,MDA,Moldova,NA,MD113,NA,NA,NA,NA,NA,NA,NA,NA,NA,NA,NA,Regiunea Sud,NA,Regiunea Sud,MD-SOUTH,ypccc,2/3/22,MD113,NA,0.5934993665040513,0.5981156389152412,0.539845748484082,0.4882837865392827
MD,MDA,Moldova,NA,MD120,NA,NA,NA,NA,NA,NA,NA,NA,NA,NA,NA,Transnitria,NA,Partea de Est (partea stîngă a Nistrului),MD-TRANSNISTRIA,ypccc,2/3/22,MD120,NA,NA,NA,0.539845748484082,0.4882837865392827
MD,MDA,Moldova,NA,MD115,NA,NA,NA,NA,NA,NA,NA,CENTRAL,Regiunea Centru,NA,NA,Chișinău,NA,Municipiul Chișinău,MD115,ypccc,2/3/22,MD115,NA,NA,NA,0.539845748484082,0.4882837865392827
MD,MDA,Moldova,NA,MD114,NA,NA,NA,NA,NA,NA,NA,NA,NA,NA,NA,Gagauzia,NA,Unitatea Teritorială Autonomă Găgăuzia,MD-GAGAUZIA,ypccc,2/3/22,MD114,NA,0.5185037238642011,0.4522550182746928,0.539845748484082,0.4882837865392827
MG,MDG,Madagascar,MDG.1_1,MDG.1_1,Antananarivo,Tananarive,Antananarivo,Faritany Mizakatena,Autonomous Province,NA,MG.AV,NA,NA,NA,NA,Antananarivo,NA,Antananarivo,MG-T,iso3166-2,NA,NA,NA,0.5637107991691833,0.5847305055063915,0.48300916476191674,0.5222054732954345
MG,MDG,Madagascar,MDG.2_1,MDG.2_1,Antsiranana,Di√©go-Suarez|Antseranana,Antsiranana,Faritany Mizakatena,Autonomous Province,NA,MG.AS,NA,NA,NA,NA,Antsiranana,NA,Antsiranana,MG-D,iso3166-2,NA,NA,NA,0.48314822101186455,0.5178224381895596,0.48300916476191674,0.5222054732954345
MG,MDG,Madagascar,MDG.3_1,MDG.3_1,Fianarantsoa,NA,Fianarantsoa,Faritany Mizakatena,Autonomous Province,NA,MG.FI,NA,NA,NA,NA,Fianarantsoa,NA,Fianarantsoa,MG-F,iso3166-2,NA,NA,NA,0.5333344778074429,0.5907379369003584,0.48300916476191674,0.5222054732954345
MG,MDG,Madagascar,MDG.4_1,MDG.4_1,Mahajanga,Majunga,Mahajanga,Faritany Mizakatena,Autonomous Province,NA,MG.MA,NA,NA,NA,NA,Mahajanga,NA,Mahajanga,MG-M,iso3166-2,NA,NA,NA,0.4806082301536353,0.5051015982864585,0.48300916476191674,0.5222054732954345
MG,MDG,Madagascar,MDG.5_1,MDG.5_1,Toamasina,Tamatave,Toamasina,Faritany Mizakatena,Autonomous Province,NA,MG.TM,NA,NA,NA,NA,Toamasina,NA,Toamasina,MG-A,iso3166-2,NA,NA,NA,0.5348341791224738,0.5834889728885486,0.48300916476191674,0.5222054732954345
MG,MDG,Madagascar,MDG.6_1,MDG.6_1,Toliary,Toleary|Toliary|Tul√©ar,Toliary,Faritany Mizakatena,Autonomous Province,NA,MG.TL,NA,NA,NA,NA,Toliara,NA,Toliara,MG-U,iso3166-2,NA,NA,NA,0.5404015987308081,0.548084601672398,0.48300916476191674,0.5222054732954345
MK,MKD,North Macedonia,NA,MK002,NA,NA,NA,NA,NA,NA,NA,NA,NA,NA,NA,Eastern,NA,Источен регион,MK002,NA,NA,NA,NA,0.4997474920752253,0.6838986940993125,0.5029136966927646,0.5078564582033778
MK,MKD,North Macedonia,NA,MK007,NA,NA,NA,NA,NA,NA,NA,NA,NA,NA,NA,Northeastern,NA,Североисточен регион,MK007,NA,NA,NA,NA,0.5672188634016221,0.542948872730656,0.5029136966927646,0.5078564582033778
MK,MKD,North Macedonia,NA,MK005,NA,NA,NA,NA,NA,NA,NA,NA,NA,NA,NA,Pelagonia,NA,Пелагониски регион,MK005,NA,NA,NA,NA,0.5962647960190597,0.5841675985428744,0.5029136966927646,0.5078564582033778
MK,MKD,North Macedonia,NA,MK006,NA,NA,NA,NA,NA,NA,NA,NA,NA,NA,NA,Polog,NA,Полошки регион,MK006,NA,NA,NA,NA,0.515635116594987,0.2874722013999067,0.5029136966927646,0.5078564582033778
MK,MKD,North Macedonia,NA,MK008,NA,NA,NA,NA,NA,NA,NA,NA,NA,NA,NA,Skopje,NA,Скопски регион,MK008,NA,NA,NA,NA,0.553736723512884,0.6444351090878332,0.5029136966927646,0.5078564582033778
MK,MKD,North Macedonia,NA,MK004,NA,NA,NA,NA,NA,NA,NA,NA,NA,NA,1,Southeastern,NA,Југоисточен регион,MK004,NA,NA,NA,NA,0.5885703211687046,0.5749105759727866,0.5029136966927646,0.5078564582033778
MK,MKD,North Macedonia,NA,MK003,NA,NA,NA,NA,NA,NA,NA,NA,NA,NA,NA,Southwestern,NA,Југозападен регион,MK003,NA,NA,NA,NA,0.5011212557612028,0.48758877871465744,0.5029136966927646,0.5078564582033778
MK,MKD,North Macedonia,NA,MK001,NA,NA,NA,NA,NA,NA,NA,NA,NA,NA,NA,Vardar,NA,Вардарски регион,MK001,NA,NA,NA,NA,0.584384590289998,0.6221461818432654,0.5029136966927646,0.5078564582033778
ML,MLI,Mali,MLI.1_1,MLI.1_1,Bamako,NA,Bamako,District,District,NA,ML.BA,NA,NA,NA,NA,Bamako,NA,Bamako,ML-BKO,iso3166-2,NA,NA,NA,0.604885546197846,0.5364016441296011,0.5734129763905031,0.5842433474651789
ML,MLI,Mali,MLI.2_1,MLI.2_1,Gao,NA,Gao,R√©gion,Region,NA,ML.GA,NA,NA,NA,1,Gao,NA,Gao,ML-7,iso3166-2,NA,NA,NA,0.5944643728606519,0.6756155034645563,0.5734129763905031,0.5842433474651789
ML,MLI,Mali,MLI.3_1,MLI.3_1,Kayes,NA,Kayes,R√©gion,Region,NA,ML.KY,NA,NA,NA,NA,Kayes,NA,Kayes,ML-1,iso3166-2,NA,NA,NA,0.6409765422810246,0.6283952926258985,0.5734129763905031,0.5842433474651789
ML,MLI,Mali,MLI.4_1,MLI.4_1,Kidal,NA,Kidal,R√©gion,Region,NA,ML.KD,NA,NA,NA,NA,Kidal,NA,Kidal,ML-8,iso3166-2,NA,NA,NA,0.5467289935417092,0.6010464806604949,0.5734129763905031,0.5842433474651789
ML,MLI,Mali,MLI.5_1,MLI.5_1,Koulikoro,NA,Koulikoro,R√©gion,Region,NA,ML.KK,NA,NA,NA,NA,Koulikoro,NA,Koulikoro,ML-2,iso3166-2,NA,NA,NA,0.6518916332169059,0.5635783765660629,0.5734129763905031,0.5842433474651789
ML,MLI,Mali,NA,ML-9,NA,NA,NA,NA,NA,NA,NA,NA,NA,NA,1,Ménaka,NA,Ménaka,ML-9,iso3166-2,NA,NA,NA,NA,NA,0.5734129763905031,0.5842433474651789
ML,MLI,Mali,MLI.6_1,MLI.6_1,Mopti,NA,Mopti,R√©gion,Region,NA,ML.MO,NA,NA,NA,NA,Mopti,NA,Mopti,ML-5,iso3166-2,NA,NA,NA,0.6041539340914264,0.6334760683138616,0.5734129763905031,0.5842433474651789
ML,MLI,Mali,MLI.7_1,MLI.7_1,S√©gou,Segou,S√©gou,R√©gion,Region,NA,ML.SG,NA,NA,NA,NA,Ségou,NA,Ségou,ML-4,iso3166-2,NA,NA,NA,0.527953350050068,0.6797422886280098,0.5734129763905031,0.5842433474651789
ML,MLI,Mali,MLI.8_1,MLI.8_1,Sikasso,NA,Sikasso,R√©gion,Region,NA,ML.SK,NA,NA,NA,NA,Sikasso,NA,Sikasso,ML-3,iso3166-2,NA,NA,NA,0.5972927061785581,0.6358415741815603,0.5734129763905031,0.5842433474651789
ML,MLI,Mali,NA,ML-10,NA,NA,NA,NA,NA,NA,NA,NA,NA,NA,1,Taoudénit,NA,Taoudénit,ML-10,iso3166-2,NA,NA,NA,NA,NA,0.5734129763905031,0.5842433474651789
ML,MLI,Mali,MLI.9_1,MLI.9_1,Timbuktu,Timbouctou|Tombouctou|Timbuct¬ù|Timbuctu|Tombuktu|Tombuct√∫|Tomboucto,Timbuktu,R√©gion,Region,NA,ML.TB,NA,NA,NA,1,Tombouctou,NA,Tombouctou,ML-6,iso3166-2,NA,NA,NA,0.5965512616320995,0.6466320803747869,0.5734129763905031,0.5842433474651789
MN,MNG,Mongolia,MNG.1_1,MNG.1_1,Arhangay,Alahangai|Ara Hangay|Ara-Khangai|Archangaj|Arkhangai|North Hangay|North Khangai|Archangai,Arhangay,Aimag|aymag,Province,NA,MN.AR,NA,NA,NA,NA,Arhangay,NA,Архангай аймаг,MN-073,iso3166-2,NA,NA,NA,0.5277978721828405,0.4013534106640964,0.5485258029575368,0.4086538958903559
MN,MNG,Mongolia,MNG.2_1,MNG.2_1,Bayan-√ñlgiy,Bajan-√ñlgij|Bayan √ñl√∂gey|Bayan-Ulegei|Bayanulgee|Bayan-Ulgii|Bajan-Ulegei,Bayan-√ñlgiy,Aimag|aymag,Province,NA,MN.BO,NA,NA,NA,NA,Bayan-Ölgiy,NA,Баян-Өлгий аймаг,MN-071,iso3166-2,NA,NA,NA,0.5690532258153834,0.3996386758704222,0.5485258029575368,0.4086538958903559
MN,MNG,Mongolia,MNG.3_1,MNG.3_1,Bayanhongor,Bajan-Chongor|Bayan Khangor|Bayan Khongor,Bayanhongor,Aimag|aymag,Province,NA,MN.BH,NA,NA,NA,NA,Bayanhongor,NA,Баянхонгор аймаг,MN-069,iso3166-2,NA,NA,NA,0.5890305971963719,0.4176632205774699,0.5485258029575368,0.4086538958903559
MN,MNG,Mongolia,MNG.4_1,MNG.4_1,Bulgan,Bulagan,Bulgan,Aimag|aymag,Province,NA,MN.BU,NA,NA,NA,NA,Bulgan,NA,Булган аймаг,MN-067,iso3166-2,NA,NA,NA,0.5872047395868566,0.4827960366609962,0.5485258029575368,0.4086538958903559
MN,MNG,Mongolia,MNG.5_1,MNG.5_1,Darhan-Uul,Darchan|Darhan|Darkhan|Darkhan-Uul|Darchan-Uul,Darhan-Uul,Hot,Municipality,NA,MN.DA,NA,NA,NA,NA,Darhan uul,NA,Дархан-Уул аймаг,MN-037,iso3166-2,NA,NA,NA,0.5924373439130624,0.49863051752481274,0.5485258029575368,0.4086538958903559
MN,MNG,Mongolia,MNG.6_1,MNG.6_1,Dornod,Choibalsan|Choybalsan|Doronad|Doronod|Eastern,Dornod,Aimag|aymag,Province,NA,MN.DD,NA,NA,NA,NA,Dornod,NA,Дорнод аймаг,MN-061,iso3166-2,NA,NA,NA,0.5928368958524978,0.38383327420855906,0.5485258029575368,0.4086538958903559
MN,MNG,Mongolia,MNG.7_1,MNG.7_1,Dornogovi,Dornogobi|Dornogov'|Dorono Gobi|East Gobi|Dornogow'|Ostgobi|G¬¢bi Oriental,Dornogovi,Aimag|aymag,Province,NA,MN.DG,NA,NA,NA,NA,Dornogovĭ,NA,Дорноговь аймаг,MN-063,iso3166-2,NA,NA,NA,0.5568845641457818,0.4365222389109658,0.5485258029575368,0.4086538958903559
MN,MNG,Mongolia,MNG.8_1,MNG.8_1,Dundgovi,Central Gobi|Dunda Gobi|Dundgobi|Dundgov'|Middle Gobi|Dundgow'|Mittelgobi|G¬¢bi Central,Dundgovi,Aimag|aymag,Province,NA,MN.DU,NA,NA,NA,NA,Dundgovĭ,NA,Дундговь аймаг,MN-059,iso3166-2,NA,NA,NA,0.47516810099642004,0.35369809614555414,0.5485258029575368,0.4086538958903559
MN,MNG,Mongolia,MNG.9_1,MNG.9_1,Dzavhan,Dsawchan|Dzabhan|Dzabkhan|Dzavchan|Psapchyn|Zavhan|Zavkhan,Dzavhan,Aimag|aymag,Province,NA,MN.DZ,NA,NA,NA,NA,Dzavhan,NA,Завхан аймаг,MN-057,iso3166-2,NA,NA,NA,0.5883675285142489,0.42696700182839487,0.5485258029575368,0.4086538958903559
MN,MNG,Mongolia,MNG.10_1,MNG.10_1,Govi-Altay,Gobi-Altai|Gobi Altay|Gov'altaj|Gov'altay|Govyaltaj|Gow'altai,Govi-Altay,Aimag|aymag,Province,NA,MN.GA,NA,NA,NA,NA,Govĭ-Altay,NA,Говь-Алтай аймаг,MN-065,iso3166-2,NA,NA,NA,NA,NA,0.5485258029575368,0.4086538958903559
MN,MNG,Mongolia,MNG.11_1,MNG.11_1,Govis√ºmber,Gobisumber,Govis√ºmber,Hot,Municipality,NA,MN.GS,NA,NA,NA,NA,Govĭ-Sümber,NA,Говьсүмбэр аймаг,MN-064,iso3166-2,NA,NA,NA,NA,NA,0.5485258029575368,0.4086538958903559
MN,MNG,Mongolia,MNG.12_1,MNG.12_1,Hentiy,Chentii|Chentij|Hentey|Hentii|Kentai|Kentei|Khentei|Khenti,Hentiy,Aimag|aymag,Province,NA,MN.HN,NA,NA,NA,NA,Hentiy,NA,Хэнтий аймаг,MN-039,iso3166-2,NA,NA,NA,0.5707052108846936,0.44799820100502413,0.5485258029575368,0.4086538958903559
MN,MNG,Mongolia,MNG.13_1,MNG.13_1,Hovd,Chovd|Hobdo|Khobdo|Khovd|Kobdo|Chowd,Hovd,Aimag|aymag,Province,NA,MN.HD,NA,NA,NA,NA,Hovd,NA,Ховд аймаг,MN-043,iso3166-2,NA,NA,NA,0.5712221626522384,0.4449549122538403,0.5485258029575368,0.4086538958903559
MN,MNG,Mongolia,MNG.14_1,MNG.14_1,H√∂vsg√∂l,Ch√∂vsg√∂l|Chuwsgul|Hobsgol|H√∂bs√∂g√∂l|Hubsugul|Khubsugal|Khubsugud|Khubsugul|Kossogol,H√∂vsg√∂l,Aimag|aymag,Province,NA,MN.HG,NA,NA,NA,NA,Hövsgöl,NA,Хөвсгөл аймаг,MN-041,iso3166-2,NA,NA,NA,0.6051387026988388,0.4776737737274915,0.5485258029575368,0.4086538958903559
MN,MNG,Mongolia,MNG.15_1,MNG.15_1,√ñmn√∂govi,G√≥bi do Sul|√ñmn√∂gov'|√ñm√∂n√∂ Gobi|South Gobi|Umnu|√ñmn√∂gow'|S√ºdgobi,√ñmn√∂govi,Aimag|aymag,Province,NA,MN.OG,NA,NA,NA,NA,Ömnögovĭ,NA,Өмнөговь аймаг,MN-053,iso3166-2,NA,NA,NA,0.582828207475186,0.43862707512146054,0.5485258029575368,0.4086538958903559
MN,MNG,Mongolia,MNG.16_1,MNG.16_1,Orhon,Erdenet|Orkhon,Orhon,Hot,Municipality,NA,MN.ER,NA,NA,NA,NA,Orhon,NA,Орхон аймаг,MN-035,iso3166-2,NA,NA,NA,0.58989535457102,0.49300501655142465,0.5485258029575368,0.4086538958903559
MN,MNG,Mongolia,MNG.17_1,MNG.17_1,√ñv√∂rhangay,√ñb√∂r Hangay|√ñv√∂rchangaj|South Hangay|South Khangai|Ublhangai|Ubur-Khangai|Ovorkhangai|√ñw√∂rchangai|Uwurchangaj,√ñv√∂rhangay,Aimag|aymag,Province,NA,MN.OH,NA,NA,NA,NA,Övörhangay,NA,Өвөрхангай аймаг,MN-055,iso3166-2,NA,NA,NA,0.5962786515041322,0.46969590084257845,0.5485258029575368,0.4086538958903559
MN,MNG,Mongolia,MNG.18_1,MNG.18_1,Selenge,Selenga,Selenge,Aimag|aymag,Province,NA,MN.SL,NA,NA,NA,NA,Selenge,NA,Сэлэнгэ аймаг,MN-049,iso3166-2,NA,NA,NA,0.611226876388358,0.5017927409094441,0.5485258029575368,0.4086538958903559
MN,MNG,Mongolia,MNG.19_1,MNG.19_1,S√ºhbaatar,S√ºhe Baatar|Suhe-Bator|S√ºkhbaatar|Sukh-Batar|Sukhe-Bator|S√ºchbaatar,S√ºhbaatar,Aimag|aymag,Province,NA,MN.SB,NA,NA,NA,NA,Sühbaatar,NA,Сүхбаатар аймаг,MN-051,iso3166-2,NA,NA,NA,0.6111173979199305,0.5244528476553733,0.5485258029575368,0.4086538958903559
MN,MNG,Mongolia,MNG.20_1,MNG.20_1,T√∂v,Central|T√∂b|Tub|Tuvaimag|T√∂w|Tuw,T√∂v,Aimag|aymag,Province,NA,MN.TO,NA,NA,NA,NA,Töv,NA,Төв аймаг,MN-047,iso3166-2,NA,NA,NA,0.5691319284394911,0.4476619235886251,0.5485258029575368,0.4086538958903559
MN,MNG,Mongolia,MNG.21_1,MNG.21_1,Ulaanbaatar,Oulan-Bator|Ulan Bator|Ulan Bator Choto,Ulaanbaatar,Hot,Municipality,NA,MN.UB,NA,NA,NA,NA,Ulaanbaatar,NA,Улаанбаатар,MN-1,iso3166-2,NA,NA,NA,0.5905473886483231,0.49028740294354073,0.5485258029575368,0.4086538958903559
MN,MNG,Mongolia,MNG.22_1,MNG.22_1,Uvs,Ubs|Ubsa Nor|Ubsa Nur|Ubsu Hur|Upsanol|Uws,Uvs,Aimag|aymag,Province,NA,MN.UV,NA,NA,NA,NA,Uvs,NA,Увс аймаг,MN-046,iso3166-2,NA,NA,NA,0.5271837538596641,0.4324215011469956,0.5485258029575368,0.4086538958903559
MR,MRT,Mauritania,MRT.1_1,MRT.1_1,Adrar,NA,Adrar,Wilayat|R√©gion,Region,NA,MR.AD,NA,NA,NA,NA,Adrar,NA,ولاية آدرار,MR-07,iso3166-2,NA,NA,NA,0.609729682467305,0.4532644841047537,0.5224710980511961,0.298056848257018
MR,MRT,Mauritania,MRT.2_1,MRT.2_1,Assaba,A√ßaba|el-`A√ß√¢ba,Assaba,Wilayat|R√©gion,Region,NA,MR.AS,NA,NA,NA,NA,Assaba,NA,لعصابة,MR-03,iso3166-2,NA,NA,NA,0.5402642771747449,0.3620043246740884,0.5224710980511961,0.298056848257018
MR,MRT,Mauritania,MRT.3_1,MRT.3_1,Brakna,NA,Brakna,Wilayat|R√©gion,Region,NA,MR.BR,NA,NA,NA,NA,Brakna,NA,لبراكنة,MR-05,iso3166-2,NA,NA,NA,0.6615824364800039,0.39748797109855244,0.5224710980511961,0.298056848257018
MR,MRT,Mauritania,MRT.4_1,MRT.4_1,Dakhlet Nouadhibou,Dakhlet Nou√¢dhibou|Baie du L√©vrier|L√©vrier Bay,Dakhlet Nouadhibou,Wilayat|R√©gion,Region,NA,MR.DN,NA,NA,NA,NA,Dakhlet Nouâdhibou,NA,داخلة نواذيبو,MR-08,iso3166-2,NA,NA,NA,0.48913612925902866,0.34808568869839934,0.5224710980511961,0.298056848257018
MR,MRT,Mauritania,MRT.5_1,MRT.5_1,Gorgol,NA,Gorgol,Wilayat|R√©gion,Region,NA,MR.GO,NA,NA,NA,NA,Gorgol,NA,كوركول,MR-04,iso3166-2,NA,NA,NA,0.5801503498781918,0.3440063726375346,0.5224710980511961,0.298056848257018
MR,MRT,Mauritania,MRT.6_1,MRT.6_1,Guidimaka,Guidimagha|Guidimakha,Guidimaka,Wilayat|R√©gion,Region,NA,MR.GD,NA,NA,NA,NA,Guidimaka,NA,غيديماغا,MR-10,iso3166-2,NA,NA,NA,0.6022628123383689,0.46685926533345673,0.5224710980511961,0.298056848257018
MR,MRT,Mauritania,MRT.7_1,MRT.7_1,Hodh ech Chargui,Eastern Hodh|Hodh Charghi|Hodh Oriental,Hodh ech Chargui,Wilayat|R√©gion,Region,NA,MR.HC,NA,NA,NA,NA,Hodh ech Chargui,NA,الحوض الشرقي,MR-01,iso3166-2,NA,NA,NA,0.5523410089346887,0.35920991966114024,0.5224710980511961,0.298056848257018
MR,MRT,Mauritania,MRT.8_1,MRT.8_1,Hodh el Gharbi,Hodh Occidental|Western Hodh,Hodh el Gharbi,Wilayat|R√©gion,Region,NA,MR.HG,NA,NA,NA,NA,Hodh el Gharbi,NA,الحوض الغربي,MR-02,iso3166-2,NA,NA,NA,0.5025138253866896,0.2590773044638671,0.5224710980511961,0.298056848257018
MR,MRT,Mauritania,MRT.9_1,MRT.9_1,Inchiri,NA,Inchiri,Wilayat|R√©gion,Region,NA,MR.IN,NA,NA,NA,NA,Inchiri,NA,إينشيري,MR-12,iso3166-2,NA,NA,NA,0.5018058989508244,0.37838511726661195,0.5224710980511961,0.298056848257018
MR,MRT,Mauritania,MRT.10_1,MRT.10_1,Nouakchott,NA,Nouakchott,District,District,NA,MR.NO,A,Nouakchott,NA,1,Nuwākshūţ al Gharbīyah,Nouakchott Ouest,نواكشوط الغربية,MR-13,iso3166-2,NA,NA,NA,NA,NA,0.5224710980511961,0.298056848257018
MR,MRT,Mauritania,NA,NA,NA,NA,NA,NA,NA,NA,NA,A,Nouakchott,NA,1,Nuwākshūţ al Janūbīyah,Nouakchott Sud,نواكشوط الجنوبية,MR-15,iso3166-2,NA,NA,NA,NA,NA,0.5224710980511961,0.298056848257018
MR,MRT,Mauritania,NA,NA,NA,NA,NA,NA,NA,NA,NA,A,Nouakchott,NA,1,Nuwākshūţ ash Shamālīyah,Nouakchott Nord,نواكشوط الشمالية,MR-14,iso3166-2,NA,NA,NA,NA,NA,0.5224710980511961,0.298056848257018
MR,MRT,Mauritania,MRT.11_1,MRT.11_1,Tagant,NA,Tagant,Wilayat|R√©gion,Region,NA,MR.TG,NA,NA,NA,NA,Tagant,NA,تكانت,MR-09,iso3166-2,NA,NA,NA,0.5455020462319942,0.3587423291789079,0.5224710980511961,0.298056848257018
MR,MRT,Mauritania,MRT.12_1,MRT.12_1,Tiris Zemmour,NA,Tiris Zemmour,Wilayat|R√©gion,Region,NA,MR.TZ,NA,NA,NA,NA,Tiris Zemmour,NA,تيرس زمور,MR-11,iso3166-2,NA,NA,NA,0.5831107378641879,0.4132495449115604,0.5224710980511961,0.298056848257018
MR,MRT,Mauritania,MRT.13_1,MRT.13_1,Trarza,NA,Trarza,Wilayat|R√©gion,Region,NA,MR.TR,NA,NA,NA,NA,Trarza,NA,الترارزه,MR-06,iso3166-2,NA,NA,NA,0.5035726716136507,0.3239109995267382,0.5224710980511961,0.298056848257018
MU,MUS,Mauritius,MUS.1_1,MUS.1_1,Agalega Islands,√Æles Agal√©ga,Agalega Islands,Region,Region,NA,MU.AG,NA,NA,NA,NA,Agalega Islands,NA,Agalega Islands,MU-AG,iso3166-2,NA,NA,NA,NA,NA,0.5202186218734848,0.6342383289274806
MU,MUS,Mauritius,NA,NA,NA,NA,NA,NA,NA,NA,NA,A,Plaines Wilhems,NA,NA,Beau Bassin-Rose Hill,NA,Beau Bassin-Rose Hill,MU-BR,iso3166-2,NA,NA,NA,NA,NA,0.5202186218734848,0.6342383289274806
MU,MUS,Mauritius,MUS.2_1,MUS.2_1,Black River,NA,Black River,District,District,NA,MU.BL,NA,NA,NA,NA,Black River,NA,Black River,MU-BL,iso3166-2,NA,NA,NA,0.580042114903738,0.6222204301861669,0.5202186218734848,0.6342383289274806
MU,MUS,Mauritius,MUS.11_1,MUS.11_1,Saint Brandon,Cargados Carajos),Saint Brandon,Region,Region,NA,MU.CC,NA,NA,NA,NA,Cargados Carajos Shoals,Saint Brandon Islands,Cargados Carajos Shoals,MU-CC,iso3166-2,NA,NA,NA,NA,NA,0.5202186218734848,0.6342383289274806
MU,MUS,Mauritius,NA,NA,NA,NA,NA,NA,NA,NA,NA,A,Plaines Wilhems,NA,NA,Curepipe,NA,Curepipe,MU-CU,iso3166-2,NA,NA,NA,NA,NA,0.5202186218734848,0.6342383289274806
MU,MUS,Mauritius,MUS.3_1,MUS.3_1,Flacq,NA,Flacq,District,District,NA,MU.FL,NA,NA,NA,NA,Flacq,NA,Flacq,MU-FL,iso3166-2,NA,NA,NA,0.5224513885320934,0.6208548982263615,0.5202186218734848,0.6342383289274806
MU,MUS,Mauritius,MUS.4_1,MUS.4_1,Grand Port,NA,Grand Port,District,District,NA,MU.GP,NA,NA,NA,NA,Grand Port,NA,Grand Port,MU-GP,iso3166-2,NA,NA,NA,0.602472096128477,0.6884755760232473,0.5202186218734848,0.6342383289274806
MU,MUS,Mauritius,MUS.5_1,MUS.5_1,Moka,NA,Moka,District,District,NA,MU.MO,NA,NA,NA,NA,Moka,NA,Moka,MU-MO,iso3166-2,NA,NA,NA,0.5403093211737195,0.6308284931544182,0.5202186218734848,0.6342383289274806
MU,MUS,Mauritius,MUS.6_1,MUS.6_1,Pamplemousses,NA,Pamplemousses,District,District,NA,MU.PA,NA,NA,NA,NA,Pamplemousses,NA,Pamplemousses,MU-PA,iso3166-2,NA,NA,NA,0.4912077623566599,0.6818434972144083,0.5202186218734848,0.6342383289274806
MU,MUS,Mauritius,MUS.7_1,MUS.7_1,Plaines Wilhems,NA,Plaines Wilhems,District,District,NA,MU.PW,A,Plaines Wilhems,NA,NA,Plaines Wilhems,NA,Plaines Wilhems,MU-PW,iso3166-2,NA,NA,NA,NA,NA,0.5202186218734848,0.6342383289274806
MU,MUS,Mauritius,MUS.8_1,MUS.8_1,Port Louis,NA,Port Louis,District,District,NA,MU.PL,B,Port Louis,NA,NA,Port Louis,NA,Port Louis,MU-PU,iso3166-2,NA,NA,NA,NA,NA,0.5202186218734848,0.6342383289274806
MU,MUS,Mauritius,NA,NA,NA,NA,NA,NA,NA,NA,NA,B,Port Louis,NA,NA,Port Louis,NA,Port Louis,MU-PL,iso3166-2,NA,NA,NA,NA,NA,0.5202186218734848,0.6342383289274806
MU,MUS,Mauritius,MUS.9_1,MUS.9_1,Rivi√®re du Rempart,NA,Rivi√®re du Rempart,District,District,NA,MU.RR,A,Plaines Wilhems,NA,NA,Rivière du Rempart,NA,Rivière du Rempart,MU-RR,iso3166-2,NA,NA,NA,NA,NA,0.5202186218734848,0.6342383289274806
MU,MUS,Mauritius,NA,NA,NA,NA,NA,NA,NA,NA,NA,A,Plaines Wilhems,NA,NA,Quatre Bornes,NA,Quatre Bornes,MU-QB,iso3166-2,NA,NA,NA,NA,NA,0.5202186218734848,0.6342383289274806
MU,MUS,Mauritius,MUS.10_1,MUS.10_1,Rodriguez,√Æle Rodrigues,Rodriguez,Autonomous island,Autonomous island,NA,MU.RO,NA,NA,NA,NA,Rodrigues Island,NA,Rodrigues Island,MU-RO,iso3166-2,NA,NA,NA,NA,NA,0.5202186218734848,0.6342383289274806
MU,MUS,Mauritius,MUS.12_1,MUS.12_1,Savanne,NA,Savanne,District,District,NA,MU.SA,NA,NA,NA,NA,Savanne,NA,Savanne,MU-SA,iso3166-2,NA,NA,NA,0.5906698378721688,0.6840438701599199,0.5202186218734848,0.6342383289274806
MU,MUS,Mauritius,NA,NA,NA,NA,NA,NA,NA,NA,NA,A,Plaines Wilhems,NA,NA,Vacoas-Phoenix,NA,Vacoas-Phoenix,MU-VP,iso3166-2,NA,NA,NA,NA,NA,0.5202186218734848,0.6342383289274806
MW,MWI,Malawi,NA,MW-C,NA,NA,NA,NA,NA,NA,NA,NA,NA,NA,NA,Central Region,Chapakati,Chapakati,MW-C,iso3166-2,NA,NA,NA,0.5939635842384254,0.8309801209048568,0.540520957691882,0.8694848775389824
MW,MWI,Malawi,NA,MW-N,NA,NA,NA,NA,NA,NA,NA,NA,NA,NA,NA,Northern Region,Chakumpoto,Chakumpoto,MW-N,iso3166-2,NA,NA,NA,0.53676722670064,0.7471407694605438,0.540520957691882,0.8694848775389824
MW,MWI,Malawi,NA,MW-S,NA,NA,NA,NA,NA,NA,NA,NA,NA,NA,NA,Southern Region,Chakumwera,Chakumwera,MW-S,iso3166-2,NA,NA,NA,0.5759366498683756,0.8851840008052106,0.540520957691882,0.8694848775389824
MX,MEX,Mexico,MEX.1_1,MEX.1_1,Aguascalientes,NA,Aguascalientes,Estado,State,NA,MX.AG,NA,NA,NA,NA,Aguascalientes,NA,Aguascalientes,MX-AGU,iso3166-2,NA,NA,NA,0.5512707106155408,0.7528702455307171,0.518696144801331,0.7837604262121898
MX,MEX,Mexico,MEX.3_1,MEX.3_1,Baja California,NA,Baja California,Estado,State,NA,MX.BN,NA,NA,NA,NA,Baja California,NA,Baja California,MX-BCN,iso3166-2,NA,NA,NA,0.5324621115129246,0.7349688012812354,0.518696144801331,0.7837604262121898
MX,MEX,Mexico,MEX.2_1,MEX.2_1,Baja California Sur,NA,Baja California Sur,Estado,State,NA,MX.BS,NA,NA,NA,NA,Baja California Sur,NA,Baja California Sur,MX-BCS,iso3166-2,NA,NA,NA,0.4346635046309986,0.7287195458584076,0.518696144801331,0.7837604262121898
MX,MEX,Mexico,MEX.4_1,MEX.4_1,Campeche,NA,Campeche,Estado,State,NA,MX.CM,NA,NA,NA,NA,Campeche,NA,Campeche,MX-CAM,iso3166-2,NA,NA,NA,0.5291994375876153,0.7663866700250572,0.518696144801331,0.7837604262121898
MX,MEX,Mexico,MEX.5_1,MEX.5_1,Chiapas,NA,Chiapas,Estado,State,NA,MX.CP,NA,NA,NA,NA,Chiapas,NA,Chiapas,MX-CHP,iso3166-2,NA,NA,NA,0.5083946682615776,0.7735291945373521,0.518696144801331,0.7837604262121898
MX,MEX,Mexico,MEX.6_1,MEX.6_1,Chihuahua,NA,Chihuahua,Estado,State,NA,MX.CH,NA,NA,NA,NA,Chihuahua,NA,Chihuahua,MX-CHH,iso3166-2,NA,NA,NA,0.6390246761770383,0.7568973831845272,0.518696144801331,0.7837604262121898
MX,MEX,Mexico,MEX.9_1,MEX.9_1,Distrito Federal,NA,Distrito Federal,Distrito Federal,Federal District,NA,MX.DF,NA,NA,NA,NA,Ciudad de México,NA,Ciudad de México,MX-CMX,iso3166-2,NA,NA,NA,0.5599796923587622,0.7817005525973773,0.518696144801331,0.7837604262121898
MX,MEX,Mexico,MEX.7_1,MEX.7_1,Coahuila,NA,Coahuila,Estado,State,NA,MX.CA,NA,NA,NA,NA,Coahuila de Zaragoza,NA,Coahuila de Zaragoza,MX-COA,iso3166-2,NA,NA,NA,0.5041780062950393,0.7633006233429598,0.518696144801331,0.7837604262121898
MX,MEX,Mexico,MEX.8_1,MEX.8_1,Colima,NA,Colima,Estado,State,NA,MX.CL,NA,NA,NA,NA,Colima,NA,Colima,MX-COL,iso3166-2,NA,NA,NA,0.5294045490596523,0.7631402282584796,0.518696144801331,0.7837604262121898
MX,MEX,Mexico,MEX.10_1,MEX.10_1,Durango,NA,Durango,Estado,State,NA,MX.DU,NA,NA,NA,NA,Durango,NA,Durango,MX-DUR,iso3166-2,NA,NA,NA,0.5906472239723882,0.7747050112767985,0.518696144801331,0.7837604262121898
MX,MEX,Mexico,MEX.11_1,MEX.11_1,Guanajuato,NA,Guanajuato,Estado,State,NA,MX.GJ,NA,NA,NA,NA,Guanajuato,NA,Guanajuato,MX-GUA,iso3166-2,NA,NA,NA,0.5616140145948354,0.799335923802203,0.518696144801331,0.7837604262121898
MX,MEX,Mexico,MEX.12_1,MEX.12_1,Guerrero,NA,Guerrero,Estado,State,NA,MX.GR,NA,NA,NA,NA,Guerrero,NA,Guerrero,MX-GRO,iso3166-2,NA,NA,NA,0.595898093479823,0.8163076975560778,0.518696144801331,0.7837604262121898
MX,MEX,Mexico,MEX.13_1,MEX.13_1,Hidalgo,NA,Hidalgo,Estado,State,NA,MX.HI,NA,NA,NA,NA,Hidalgo,NA,Hidalgo,MX-HID,iso3166-2,NA,NA,NA,0.5796207015769188,0.8327158084707186,0.518696144801331,0.7837604262121898
MX,MEX,Mexico,MEX.14_1,MEX.14_1,Jalisco,NA,Jalisco,Estado,State,NA,MX.JA,NA,NA,NA,NA,Jalisco,NA,Jalisco,MX-JAL,iso3166-2,NA,NA,NA,0.5974130862481757,0.7672384796581978,0.518696144801331,0.7837604262121898
MX,MEX,Mexico,MEX.15_1,MEX.15_1,M√©xico,NA,M√©xico,Estado,State,NA,MX.MX,NA,NA,NA,NA,México,NA,México,MX-MEX,iso3166-2,NA,NA,NA,0.5888797499810606,0.7857976865208914,0.518696144801331,0.7837604262121898
MX,MEX,Mexico,MEX.16_1,MEX.16_1,Michoac√°n,NA,Michoac√°n,Estado,State,NA,MX.MC,NA,NA,NA,NA,Michoacán de Ocampo,NA,Michoacán de Ocampo,MX-MIC,iso3166-2,NA,NA,NA,0.5743504559469994,0.7960572351141177,0.518696144801331,0.7837604262121898
MX,MEX,Mexico,MEX.17_1,MEX.17_1,Morelos,NA,Morelos,Estado,State,NA,MX.MR,NA,NA,NA,NA,Morelos,NA,Morelos,MX-MOR,iso3166-2,NA,NA,NA,0.6000969046680038,0.7945171533712481,0.518696144801331,0.7837604262121898
MX,MEX,Mexico,MEX.18_1,MEX.18_1,Nayarit,NA,Nayarit,Estado,State,NA,MX.NA,NA,NA,NA,NA,Nayarit,NA,Nayarit,MX-NAY,iso3166-2,NA,NA,NA,0.7163708783336216,0.7996762321198633,0.518696144801331,0.7837604262121898
MX,MEX,Mexico,MEX.19_1,MEX.19_1,Nuevo Le√≥n,NA,Nuevo Le√≥n,Estado,State,NA,MX.NL,NA,NA,NA,NA,Nuevo León,NA,Nuevo León,MX-NLE,iso3166-2,NA,NA,NA,0.46051106198901215,0.7642902755174322,0.518696144801331,0.7837604262121898
MX,MEX,Mexico,MEX.20_1,MEX.20_1,Oaxaca,NA,Oaxaca,Estado,State,NA,MX.OA,NA,NA,NA,NA,Oaxaca,NA,Oaxaca,MX-OAX,iso3166-2,NA,NA,NA,0.5366354258150993,0.7610142509100439,0.518696144801331,0.7837604262121898
MX,MEX,Mexico,MEX.21_1,MEX.21_1,Puebla,NA,Puebla,Estado,State,NA,MX.PU,NA,NA,NA,NA,Puebla,NA,Puebla,MX-PUE,iso3166-2,NA,NA,NA,0.5674997003327671,0.770316452193516,0.518696144801331,0.7837604262121898
MX,MEX,Mexico,MEX.22_1,MEX.22_1,Quer√©taro,NA,Quer√©taro,Estado,State,NA,MX.QE,NA,NA,NA,NA,Querétaro,NA,Querétaro,MX-QUE,iso3166-2,NA,NA,NA,0.5856467959126506,0.7889591787484667,0.518696144801331,0.7837604262121898
MX,MEX,Mexico,MEX.23_1,MEX.23_1,Quintana Roo,NA,Quintana Roo,Estado,State,NA,MX.QR,NA,NA,NA,NA,Quintana Roo,NA,Quintana Roo,MX-ROO,iso3166-2,NA,NA,NA,0.5646701442824187,0.7786467811548983,0.518696144801331,0.7837604262121898
MX,MEX,Mexico,MEX.24_1,MEX.24_1,San Luis Potos√≠,NA,San Luis Potos√≠,Estado,State,NA,MX.SL,NA,NA,NA,NA,San Luis Potosí,NA,San Luis Potosí,MX-SLP,iso3166-2,NA,NA,NA,0.5707034414384549,0.7620003262893369,0.518696144801331,0.7837604262121898
MX,MEX,Mexico,MEX.25_1,MEX.25_1,Sinaloa,NA,Sinaloa,Estado,State,NA,MX.SI,NA,NA,NA,NA,Sinaloa,NA,Sinaloa,MX-SIN,iso3166-2,NA,NA,NA,0.5441151358109687,0.758354599165659,0.518696144801331,0.7837604262121898
MX,MEX,Mexico,MEX.26_1,MEX.26_1,Sonora,NA,Sonora,Estado,State,NA,MX.SO,NA,NA,NA,NA,Sonora,NA,Sonora,MX-SON,iso3166-2,NA,NA,NA,0.5449464467045946,0.7466364422115943,0.518696144801331,0.7837604262121898
MX,MEX,Mexico,MEX.27_1,MEX.27_1,Tabasco,NA,Tabasco,Estado,State,NA,MX.TB,NA,NA,NA,NA,Tabasco,NA,Tabasco,MX-TAB,iso3166-2,NA,NA,NA,0.5623169498221463,0.7767943419406917,0.518696144801331,0.7837604262121898
MX,MEX,Mexico,MEX.28_1,MEX.28_1,Tamaulipas,NA,Tamaulipas,Estado,State,NA,MX.TM,NA,NA,NA,NA,Tamaulipas,NA,Tamaulipas,MX-TAM,iso3166-2,NA,NA,NA,0.5327930172158959,0.7186578480608361,0.518696144801331,0.7837604262121898
MX,MEX,Mexico,MEX.29_1,MEX.29_1,Tlaxcala,NA,Tlaxcala,Estado,State,NA,MX.TL,NA,NA,NA,NA,Tlaxcala,NA,Tlaxcala,MX-TLA,iso3166-2,NA,NA,NA,0.5803054526563628,0.7183468141344145,0.518696144801331,0.7837604262121898
MX,MEX,Mexico,MEX.30_1,MEX.30_1,Veracruz,NA,Veracruz,Estado,State,NA,MX.VE,NA,NA,NA,NA,Veracruz de Ignacio de la Llave,NA,Veracruz de Ignacio de la Llave,MX-VER,iso3166-2,NA,NA,NA,0.5891870206484374,0.7735804263557572,0.518696144801331,0.7837604262121898
MX,MEX,Mexico,MEX.31_1,MEX.31_1,Yucat√°n,NA,Yucat√°n,Estado,State,NA,MX.YU,NA,NA,NA,NA,Yucatán,NA,Yucatán,MX-YUC,iso3166-2,NA,NA,NA,0.5629099772349092,0.7494520478894171,0.518696144801331,0.7837604262121898
MX,MEX,Mexico,MEX.32_1,MEX.32_1,Zacatecas,NA,Zacatecas,Estado,State,NA,MX.ZA,NA,NA,NA,NA,Zacatecas,NA,Zacatecas,MX-ZAC,iso3166-2,NA,NA,NA,0.5674817061340717,0.7714949325779957,0.518696144801331,0.7837604262121898
MY,MYS,Malaysia,MYS.1_1,MYS.1_1,Johor,Johor Darul Takzim|Johore,Johor,Negeri,State,NA,MY.JH,NA,NA,NA,NA,Johor,NA,Johor,MY-01,iso3166-2,NA,NA,NA,0.37240696904467635,0.49661376752372205,0.33483678888792934,0.4474781197167544
MY,MYS,Malaysia,MYS.2_1,MYS.2_1,Kedah,Kedah Darul Aman,Kedah,Negeri,State,NA,MY.KH,NA,NA,NA,NA,Kedah,NA,Kedah,MY-02,iso3166-2,NA,NA,NA,0.3935272560124763,0.46787198779326905,0.33483678888792934,0.4474781197167544
MY,MYS,Malaysia,MYS.3_1,MYS.3_1,Kelantan,<Null>,Kelantan,Negeri,State,NA,MY.KN,NA,NA,NA,NA,Kelantan,NA,Kelantan,MY-03,iso3166-2,NA,NA,NA,0.3348787410192938,0.496442253006433,0.33483678888792934,0.4474781197167544
MY,MYS,Malaysia,MYS.6_1,MYS.6_1,Melaka,Malacca|Malaka,Melaka,Negeri,State,NA,MY.ME,NA,NA,NA,NA,Melaka,NA,Melaka,MY-04,iso3166-2,NA,NA,NA,0.4240488155216276,0.5774271807428054,0.33483678888792934,0.4474781197167544
MY,MYS,Malaysia,MYS.7_1,MYS.7_1,Negeri Sembilan,Negeri Sembilan Darul Khusus|Negri Sembilan,Negeri Sembilan,Negeri,State,NA,MY.NS,NA,NA,NA,NA,Negeri Sembilan,NA,Negeri Sembilan,MY-05,iso3166-2,NA,NA,NA,0.4174734338829409,0.5027756624471919,0.33483678888792934,0.4474781197167544
MY,MYS,Malaysia,MYS.8_1,MYS.8_1,Pahang,Pahang Darul Makmur,Pahang,Negeri,State,NA,MY.PH,NA,NA,NA,NA,Pahang,NA,Pahang,MY-06,iso3166-2,NA,NA,NA,0.41730994898764806,0.4727086814969442,0.33483678888792934,0.4474781197167544
MY,MYS,Malaysia,MYS.9_1,MYS.9_1,Perak,Perak Darul Ridzuan,Perak,Negeri,State,NA,MY.PK,NA,NA,NA,NA,Perak,NA,Perak,MY-08,iso3166-2,NA,NA,NA,0.447003832036599,0.5213350008801831,0.33483678888792934,0.4474781197167544
MY,MYS,Malaysia,MYS.10_1,MYS.10_1,Perlis,Perlis Indra Kayangan,Perlis,Negeri,State,NA,MY.PL,NA,NA,NA,NA,Perlis,NA,Perlis,MY-09,iso3166-2,NA,NA,NA,0.37804061550949103,0.34743182012070795,0.33483678888792934,0.4474781197167544
MY,MYS,Malaysia,MYS.11_1,MYS.11_1,Pulau Pinang,Penang and Province Wellesley|Penang,Pulau Pinang,Negeri,State,NA,MY.PG,NA,NA,NA,NA,Pulau Pinang,NA,Pulau Pinang,MY-07,iso3166-2,NA,NA,NA,0.37722162819790067,0.4793320035182772,0.33483678888792934,0.4474781197167544
MY,MYS,Malaysia,MYS.13_1,MYS.13_1,Sabah,North Borneo,Sabah,Negeri,State,NA,MY.SA,NA,NA,NA,NA,Sabah,NA,Sabah,MY-12,iso3166-2,NA,NA,NA,0.4668464659832044,0.505857457883852,0.33483678888792934,0.4474781197167544
MY,MYS,Malaysia,MYS.14_1,MYS.14_1,Sarawak,NA,Sarawak,Negeri,State,NA,MY.SK,NA,NA,NA,NA,Sarawak,NA,Sarawak,MY-13,iso3166-2,NA,NA,NA,0.461729814865328,0.4702580074308642,0.33483678888792934,0.4474781197167544
MY,MYS,Malaysia,MYS.15_1,MYS.15_1,Selangor,Selangor Darul Ehsan,Selangor,Negeri,State,NA,MY.SL,A,Selangor and Putrajaya,NA,NA,Selangor,NA,Selangor,MY-10,iso3166-2,NA,NA,NA,NA,NA,0.33483678888792934,0.4474781197167544
MY,MYS,Malaysia,MYS.16_1,MYS.16_1,Trengganu,Terengganu Darul Iman,Trengganu,Negeri,State,NA,MY.TE,NA,NA,NA,NA,Terengganu,NA,Terengganu,MY-11,iso3166-2,NA,NA,NA,0.38335091160419077,0.4834340885366532,0.33483678888792934,0.4474781197167544
MY,MYS,Malaysia,MYS.4_1,MYS.4_1,Kuala Lumpur,Federal Territory of Kuala Lumpur,Kuala Lumpur,Wilayah Persekutuan,Federal Territory,NA,MY.KL,NA,NA,NA,NA,Wilayah Persekutuan Kuala Lumpur,NA,Wilayah Persekutuan Kuala Lumpur,MY-14,iso3166-2,NA,NA,NA,0.4162900291533219,0.5322881571508069,0.33483678888792934,0.4474781197167544
MY,MYS,Malaysia,MYS.5_1,MYS.5_1,Labuan,Federal Territory of Labuan,Labuan,Wilayah Persekutuan,Federal Territory,NA,MY.LA,NA,NA,NA,NA,Wilayah Persekutuan Labuan,NA,Wilayah Persekutuan Labuan,MY-15,iso3166-2,NA,NA,NA,NA,NA,0.33483678888792934,0.4474781197167544
MY,MYS,Malaysia,MYS.12_1,MYS.12_1,Putrajaya,Federal Territory of Putrajaya,Putrajaya,Wilayah Persekutuan,Federal Territory,NA,MY.PJ,A,Selangor and Putrajaya,NA,NA,Wilayah Persekutuan Putrajaya,NA,Wilayah Persekutuan Putrajaya,MY-16,iso3166-2,NA,NA,NA,NA,NA,0.33483678888792934,0.4474781197167544
MZ,MOZ,Mozambique,MOZ.1_1,MOZ.1_1,Cabo Delgado,NA,Cabo Delgado,Provincia,Province,NA,MZ.CD,NA,NA,NA,NA,Cabo Delgado,NA,Cabo Delgado,MZ-P,iso3166-2,NA,NA,NA,0.41345148929928804,0.5904512239177324,0.3529002954546249,0.5493143781624688
MZ,MOZ,Mozambique,MOZ.2_1,MOZ.2_1,Gaza,NA,Gaza,Provincia,Province,NA,MZ.GA,NA,NA,NA,NA,Gaza,NA,Gaza,MZ-G,iso3166-2,NA,NA,NA,0.45636927457904297,0.5984974437685262,0.3529002954546249,0.5493143781624688
MZ,MOZ,Mozambique,MOZ.3_1,MOZ.3_1,Inhambane,NA,Inhambane,Provincia,Province,NA,MZ.IN,NA,NA,NA,NA,Inhambane,NA,Inhambane,MZ-I,iso3166-2,NA,NA,NA,0.4221034506704394,0.6080259503206789,0.3529002954546249,0.5493143781624688
MZ,MOZ,Mozambique,MOZ.4_1,MOZ.4_1,Manica,NA,Manica,Provincia,Province,NA,MZ.MN,NA,NA,NA,NA,Manica,NA,Manica,MZ-B,iso3166-2,NA,NA,NA,0.4273262372247338,0.5311327853464654,0.3529002954546249,0.5493143781624688
MZ,MOZ,Mozambique,MOZ.5_1,MOZ.5_1,Maputo City,NA,Maputo City,Provincia,Province,NA,MZ.MC,NA,NA,NA,NA,Maputo City,NA,Maputo City,MZ-MPM,iso3166-2,NA,NA,NA,0.47384564486004294,0.6660576027137746,0.3529002954546249,0.5493143781624688
MZ,MOZ,Mozambique,MOZ.6_1,MOZ.6_1,Maputo,NA,Maputo,Provincia,Province,NA,MZ.MP,NA,NA,NA,NA,Maputo Province,NA,Maputo Province,MZ-L,iso3166-2,NA,NA,NA,0.438781147615456,0.6558788395903276,0.3529002954546249,0.5493143781624688
MZ,MOZ,Mozambique,MOZ.7_1,MOZ.7_1,Nampula,Mo√ßambique|Mozambique,Nampula,Provincia,Province,NA,MZ.NM,NA,NA,NA,NA,Nampula,NA,Nampula,MZ-N,iso3166-2,NA,NA,NA,0.45922244545888136,0.5751781659968355,0.3529002954546249,0.5493143781624688
MZ,MOZ,Mozambique,MOZ.8_1,MOZ.8_1,Nassa,Niassa,Nassa,Provincia,Province,NA,MZ.NS,NA,NA,NA,NA,Niassa,NA,Niassa,MZ-A,iso3166-2,NA,NA,NA,0.3850495489329142,0.5828711257411496,0.3529002954546249,0.5493143781624688
MZ,MOZ,Mozambique,MOZ.9_1,MOZ.9_1,Sofala,NA,Sofala,Provincia,Province,NA,MZ.SO,NA,NA,NA,NA,Sofala,NA,Sofala,MZ-S,iso3166-2,NA,NA,NA,0.43138958812125217,0.6132780013468137,0.3529002954546249,0.5493143781624688
MZ,MOZ,Mozambique,MOZ.10_1,MOZ.10_1,Tete,NA,Tete,Provincia,Province,NA,MZ.TE,NA,NA,NA,NA,Tete,NA,Tete,MZ-T,iso3166-2,NA,NA,NA,0.423516555439461,0.6147109800750578,0.3529002954546249,0.5493143781624688
MZ,MOZ,Mozambique,MOZ.11_1,MOZ.11_1,Zambezia,NA,Zambezia,Provincia,Province,NA,MZ.ZA,NA,NA,NA,NA,Zambézia,NA,Zambézia,MZ-Q,iso3166-2,NA,NA,NA,0.39209388374614457,0.5354319503850964,0.3529002954546249,0.5493143781624688
NAM,NAM,Namibia,NAM.2_1,NAM.2_1,Erongo,NA,Erongo,Region,Region,NA,NA.ER,NA,NA,NA,NA,Erongo,NA,Erongo,NAM-ER,iso3166-2,NA,NA,NA,0.4087701801689519,0.5579475272465677,0.4530876932185852,0.582550042637057
NAM,NAM,Namibia,NAM.3_1,NAM.3_1,Hardap,NA,Hardap,Region,Region,NA,NA.HA,NA,NA,NA,NA,Hardap,NA,Hardap,NAM-HA,iso3166-2,NA,NA,NA,0.48813061247529327,0.5827417973664669,0.4530876932185852,0.582550042637057
NAM,NAM,Namibia,NAM.1_1,NAM.1_1,!Karas,Karas,!Karas,Region,Region,NA,NA.KA,NA,NA,NA,NA,Karas,NA,Karas,NAM-KA,iso3166-2,NA,NA,NA,0.49678177319056344,0.5896029374496264,0.4530876932185852,0.582550042637057
NAM,NAM,Namibia,NA,NAM-KE,NA,NA,NA,NA,NA,NA,NA,NA,NA,NA,NA,Kavango East,NA,Kavango East,NAM-KE,iso3166-2,NA,NA,NA,0.5367953960412261,0.5759924162309511,0.4530876932185852,0.582550042637057
NAM,NAM,Namibia,NA,NAM-KW,NA,NA,NA,NA,NA,NA,NA,NA,NA,NA,NA,Kavango West,NA,Kavango West,NAM-KW,iso3166-2,NA,NA,NA,0.5612964546971291,0.6090806391745606,0.4530876932185852,0.582550042637057
NAM,NAM,Namibia,NAM.5_1,NAM.5_1,Khomas,NA,Khomas,Region,Region,NA,NA.KH,NA,NA,NA,NA,Khomas,NA,Khomas,NAM-KH,iso3166-2,NA,NA,NA,0.4837843988053419,0.5901596288057352,0.4530876932185852,0.582550042637057
NAM,NAM,Namibia,NAM.6_1,NAM.6_1,Kunene,NA,Kunene,Region,Region,NA,NA.KU,NA,NA,NA,NA,Kunene,NA,Kunene,NAM-KU,iso3166-2,NA,NA,NA,0.5827526569732062,0.680500482073366,0.4530876932185852,0.582550042637057
NAM,NAM,Namibia,NAM.7_1,NAM.7_1,Ohangwena,NA,Ohangwena,Region,Region,NA,NA.OW,NA,NA,NA,NA,Ohangwena,NA,Ohangwena,NAM-OW,iso3166-2,NA,NA,NA,0.5300385300753643,0.6520834390544423,0.4530876932185852,0.582550042637057
NAM,NAM,Namibia,NAM.8_1,NAM.8_1,Omaheke,NA,Omaheke,Region,Region,NA,NA.OH,NA,NA,NA,NA,Omaheke,NA,Omaheke,NAM-OH,iso3166-2,NA,NA,NA,0.5133814817263403,0.5861216074129277,0.4530876932185852,0.582550042637057
NAM,NAM,Namibia,NAM.9_1,NAM.9_1,Omusati,NA,Omusati,Region,Region,NA,NA.OS,NA,NA,NA,NA,Omusati,NA,Omusati,NAM-OS,iso3166-2,NA,NA,NA,0.5111455655965879,0.6689568356926742,0.4530876932185852,0.582550042637057
NAM,NAM,Namibia,NAM.10_1,NAM.10_1,Oshana,NA,Oshana,Region,Region,NA,NA.ON,NA,NA,NA,NA,Oshana,NA,Oshana,NAM-ON,iso3166-2,NA,NA,NA,0.49259808964850554,0.6392616660866168,0.4530876932185852,0.582550042637057
NAM,NAM,Namibia,NAM.11_1,NAM.11_1,Oshikoto,NA,Oshikoto,Region,Region,NA,NA.OT,NA,NA,NA,NA,Oshikoto,NA,Oshikoto,NAM-OT,iso3166-2,NA,NA,NA,0.5226493337472988,0.5592432886102258,0.4530876932185852,0.582550042637057
NAM,NAM,Namibia,NAM.12_1,NAM.12_1,Otjozondjupa,NA,Otjozondjupa,Region,Region,NA,NA.OD,NA,NA,NA,NA,Otjozondjupa,NA,Otjozondjupa,NAM-OD,iso3166-2,NA,NA,NA,0.5108011964347496,0.6153117962751794,0.4530876932185852,0.582550042637057
NAM,NAM,Namibia,NAM.13_1,NAM.13_1,Zambezi,Caprivi,Zambezi,Region,Region,NA,NA.CA,NA,NA,NA,NA,Zambezi,NA,Zambezi,NAM-CA,iso3166-2,NA,NA,NA,0.621397450423994,0.6840386731331605,0.4530876932185852,0.582550042637057
NE,NER,Niger,NER.1_1,NER.1_1,Agadez,Agad√®s,Agadez,D√©partement,Department,NA,NE.AG,NA,NA,NA,NA,Agadez,NA,Agadez,NE-1,iso3166-2,NA,NA,NA,0.5972377744204468,0.5900556673587148,0.44581934373106896,0.4687054008994447
NE,NER,Niger,NER.2_1,NER.2_1,Diffa,NA,Diffa,D√©partement,Department,NA,NE.DF,NA,NA,NA,NA,Diffa,NA,Diffa,NE-2,iso3166-2,NA,NA,NA,0.47636043694773195,0.5013480403291508,0.44581934373106896,0.4687054008994447
NE,NER,Niger,NER.3_1,NER.3_1,Dosso,NA,Dosso,D√©partement,Department,NA,NE.DS,NA,NA,NA,NA,Dosso,NA,Dosso,NE-3,iso3166-2,NA,NA,NA,0.4388861797557677,0.4978890627354757,0.44581934373106896,0.4687054008994447
NE,NER,Niger,NER.4_1,NER.4_1,Maradi,NA,Maradi,D√©partement,Department,NA,NE.MA,NA,NA,NA,NA,Maradi,NA,Maradi,NE-4,iso3166-2,NA,NA,NA,0.501942226658187,0.5445778097334512,0.44581934373106896,0.4687054008994447
NE,NER,Niger,NER.5_1,NER.5_1,Niamey,NA,Niamey,Communaut√© Urbaine,Capital District,NA,NE.NI,NA,NA,NA,NA,Niamey,NA,Niamey,NE-8,iso3166-2,NA,NA,NA,0.44420197687884705,0.5255622194897602,0.44581934373106896,0.4687054008994447
NE,NER,Niger,NER.6_1,NER.6_1,Tahoua,NA,Tahoua,D√©partement,Department,NA,NE.TH,NA,NA,NA,NA,Tahoua,NA,Tahoua,NE-5,iso3166-2,NA,NA,NA,0.5257285341544475,0.5284632025278845,0.44581934373106896,0.4687054008994447
NE,NER,Niger,NER.7_1,NER.7_1,Tillab√©ry,Tillab√©ri,Tillab√©ry,D√©partement,Department,NA,NE.TL,NA,NA,NA,NA,Tillabéri,NA,Tillabéri,NE-6,iso3166-2,NA,NA,NA,0.5922227896664635,0.5422594029826873,0.44581934373106896,0.4687054008994447
NE,NER,Niger,NER.8_1,NER.8_1,Zinder,NA,Zinder,D√©partement,Department,NA,NE.ZI,NA,NA,NA,NA,Zinder,NA,Zinder,NE-7,iso3166-2,NA,NA,NA,0.45435480386745947,0.4831708273932304,0.44581934373106896,0.4687054008994447
NG,NGA,Nigeria,NGA.1_1,NGA.1_1,Abia,NA,Abia,State,State,NA,NG.AB,NA,NA,NA,NA,Abia,NA,Abia,NG-AB,iso3166-2,NA,NA,NA,0.3399497744699623,0.522282342138098,0.2935225456724391,0.489117818426554
NG,NGA,Nigeria,NGA.15_1,NGA.15_1,Federal Capital Territory,Abuja,Federal Capital Territory,State,State,NA,NG.FC,NA,NA,NA,NA,Abuja Federal Capital Territory,NA,Abuja Federal Capital Territory,NG-FC,iso3166-2,NA,NA,NA,0.40970220989556894,0.522480148975332,0.2935225456724391,0.489117818426554
NG,NGA,Nigeria,NGA.2_1,NGA.2_1,Adamawa,NA,Adamawa,State,State,NA,NG.AD,NA,NA,NA,NA,Adamawa,NA,Adamawa,NG-AD,iso3166-2,NA,NA,NA,0.4274681646644306,0.6135268007797691,0.2935225456724391,0.489117818426554
NG,NGA,Nigeria,NGA.3_1,NGA.3_1,Akwa Ibom,NA,Akwa Ibom,State,State,NA,NG.AK,NA,NA,NA,NA,Akwa Ibom,NA,Akwa Ibom,NG-AK,iso3166-2,NA,NA,NA,0.38759156245200516,0.5643647866123175,0.2935225456724391,0.489117818426554
NG,NGA,Nigeria,NGA.4_1,NGA.4_1,Anambra,NA,Anambra,State,State,NA,NG.AN,NA,NA,NA,NA,Anambra,NA,Anambra,NG-AN,iso3166-2,NA,NA,NA,0.4030333169768052,0.5481417340265581,0.2935225456724391,0.489117818426554
NG,NGA,Nigeria,NGA.5_1,NGA.5_1,Bauchi,NA,Bauchi,State,State,NA,NG.BA,NA,NA,NA,NA,Bauchi,NA,Bauchi,NG-BA,iso3166-2,NA,NA,NA,0.37107599694250626,0.5904656051176335,0.2935225456724391,0.489117818426554
NG,NGA,Nigeria,NGA.6_1,NGA.6_1,Bayelsa,NA,Bayelsa,State,State,NA,NG.BY,NA,NA,NA,NA,Bayelsa,NA,Bayelsa,NG-BY,iso3166-2,NA,NA,NA,0.44314165325751287,0.6230209644345788,0.2935225456724391,0.489117818426554
NG,NGA,Nigeria,NGA.7_1,NGA.7_1,Benue,NA,Benue,State,State,NA,NG.BE,NA,NA,NA,NA,Benue,NA,Benue,NG-BE,iso3166-2,NA,NA,NA,0.46644363310749426,0.6199875371582977,0.2935225456724391,0.489117818426554
NG,NGA,Nigeria,NGA.8_1,NGA.8_1,Borno,NA,Borno,State,State,NA,NG.BO,NA,NA,NA,NA,Borno,NA,Borno,NG-BO,iso3166-2,NA,NA,NA,0.4194746703034514,0.5414315726897978,0.2935225456724391,0.489117818426554
NG,NGA,Nigeria,NGA.9_1,NGA.9_1,Cross River,NA,Cross River,State,State,NA,NG.CR,NA,NA,NA,NA,Cross River,NA,Cross River,NG-CR,iso3166-2,NA,NA,NA,0.3341356817395212,0.5259719935264343,0.2935225456724391,0.489117818426554
NG,NGA,Nigeria,NGA.10_1,NGA.10_1,Delta,NA,Delta,State,State,NA,NG.DE,NA,NA,NA,NA,Delta,NA,Delta,NG-DE,iso3166-2,NA,NA,NA,0.37981072159076396,0.5906648055979977,0.2935225456724391,0.489117818426554
NG,NGA,Nigeria,NGA.11_1,NGA.11_1,Ebonyi,NA,Ebonyi,State,State,NA,NG.EB,NA,NA,NA,NA,Ebonyi,NA,Ebonyi,NG-EB,iso3166-2,NA,NA,NA,0.3784722415733243,0.5324281161877122,0.2935225456724391,0.489117818426554
NG,NGA,Nigeria,NGA.12_1,NGA.12_1,Edo,NA,Edo,State,State,NA,NG.ED,NA,NA,NA,NA,Edo,NA,Edo,NG-ED,iso3166-2,NA,NA,NA,0.3930018606121607,0.57733901993008,0.2935225456724391,0.489117818426554
NG,NGA,Nigeria,NGA.13_1,NGA.13_1,Ekiti,NA,Ekiti,State,State,NA,NG.EK,NA,NA,NA,NA,Ekiti,NA,Ekiti,NG-EK,iso3166-2,NA,NA,NA,0.4028785558893113,0.43101641762809134,0.2935225456724391,0.489117818426554
NG,NGA,Nigeria,NGA.14_1,NGA.14_1,Enugu,NA,Enugu,State,State,NA,NG.EN,NA,NA,NA,NA,Enugu,NA,Enugu,NG-EN,iso3166-2,NA,NA,NA,0.4260819751222941,0.4901523002765463,0.2935225456724391,0.489117818426554
NG,NGA,Nigeria,NGA.16_1,NGA.16_1,Gombe,NA,Gombe,State,State,NA,NG.GO,NA,NA,NA,NA,Gombe,NA,Gombe,NG-GO,iso3166-2,NA,NA,NA,0.3556983701058111,0.5592620008690691,0.2935225456724391,0.489117818426554
NG,NGA,Nigeria,NGA.17_1,NGA.17_1,Imo,NA,Imo,State,State,NA,NG.IM,NA,NA,NA,NA,Imo,NA,Imo,NG-IM,iso3166-2,NA,NA,NA,0.44487045385891744,0.4850032298016528,0.2935225456724391,0.489117818426554
NG,NGA,Nigeria,NGA.18_1,NGA.18_1,Jigawa,NA,Jigawa,State,State,NA,NG.JI,NA,NA,NA,NA,Jigawa,NA,Jigawa,NG-JI,iso3166-2,NA,NA,NA,0.2878772550777395,0.48268479329508973,0.2935225456724391,0.489117818426554
NG,NGA,Nigeria,NGA.19_1,NGA.19_1,Kaduna,NA,Kaduna,State,State,NA,NG.KD,NA,NA,NA,NA,Kaduna,NA,Kaduna,NG-KD,iso3166-2,NA,NA,NA,0.37287892708144743,0.5570423863338808,0.2935225456724391,0.489117818426554
NG,NGA,Nigeria,NGA.20_1,NGA.20_1,Kano,NA,Kano,State,State,NA,NG.KN,NA,NA,NA,NA,Kano,NA,Kano,NG-KN,iso3166-2,NA,NA,NA,0.29584382093486555,0.4841587816138012,0.2935225456724391,0.489117818426554
NG,NGA,Nigeria,NGA.21_1,NGA.21_1,Katsina,NA,Katsina,State,State,NA,NG.KT,NA,NA,NA,NA,Katsina,NA,Katsina,NG-KT,iso3166-2,NA,NA,NA,0.29853991892518816,0.4476395128407904,0.2935225456724391,0.489117818426554
NG,NGA,Nigeria,NGA.22_1,NGA.22_1,Kebbi,NA,Kebbi,State,State,NA,NG.KE,NA,NA,NA,NA,Kebbi,NA,Kebbi,NG-KE,iso3166-2,NA,NA,NA,0.42970576747329425,0.46648855891836916,0.2935225456724391,0.489117818426554
NG,NGA,Nigeria,NGA.23_1,NGA.23_1,Kogi,NA,Kogi,State,State,NA,NG.KO,NA,NA,NA,NA,Kogi,NA,Kogi,NG-KO,iso3166-2,NA,NA,NA,0.4427026670423103,0.5551850864249344,0.2935225456724391,0.489117818426554
NG,NGA,Nigeria,NGA.24_1,NGA.24_1,Kwara,NA,Kwara,State,State,NA,NG.KW,NA,NA,NA,NA,Kwara,NA,Kwara,NG-KW,iso3166-2,NA,NA,NA,0.3227115652477586,0.5613332496352573,0.2935225456724391,0.489117818426554
NG,NGA,Nigeria,NGA.25_1,NGA.25_1,Lagos,NA,Lagos,State,State,NA,NG.LA,NA,NA,NA,NA,Lagos,NA,Lagos,NG-LA,iso3166-2,NA,NA,NA,0.39479752210208235,0.5388566796639173,0.2935225456724391,0.489117818426554
NG,NGA,Nigeria,NGA.26_1,NGA.26_1,Nassarawa,NA,Nassarawa,State,State,NA,NG.NA,NA,NA,NA,NA,Nasarawa,NA,Nasarawa,NG-NA,iso3166-2,NA,NA,NA,0.404854762672638,0.6058308271171783,0.2935225456724391,0.489117818426554
NG,NGA,Nigeria,NGA.27_1,NGA.27_1,Niger,NA,Niger,State,State,NA,NG.NI,NA,NA,NA,NA,Niger,NA,Niger,NG-NI,iso3166-2,NA,NA,NA,0.38183900082649536,0.5937012398219434,0.2935225456724391,0.489117818426554
NG,NGA,Nigeria,NGA.28_1,NGA.28_1,Ogun,NA,Ogun,State,State,NA,NG.OG,NA,NA,NA,NA,Ogun,NA,Ogun,NG-OG,iso3166-2,NA,NA,NA,0.34184351394805895,0.5202211524439649,0.2935225456724391,0.489117818426554
NG,NGA,Nigeria,NGA.29_1,NGA.29_1,Ondo,NA,Ondo,State,State,NA,NG.ON,NA,NA,NA,NA,Ondo,NA,Ondo,NG-ON,iso3166-2,NA,NA,NA,0.39263149157468424,0.5802234159617659,0.2935225456724391,0.489117818426554
NG,NGA,Nigeria,NGA.30_1,NGA.30_1,Osun,NA,Osun,State,State,NA,NG.OS,NA,NA,NA,NA,Osun,NA,Osun,NG-OS,iso3166-2,NA,NA,NA,0.3443927121251723,0.5362948855067649,0.2935225456724391,0.489117818426554
NG,NGA,Nigeria,NGA.31_1,NGA.31_1,Oyo,NA,Oyo,State,State,NA,NG.OY,NA,NA,NA,NA,Oyo,NA,Oyo,NG-OY,iso3166-2,NA,NA,NA,0.3828514335484717,0.49152301758733613,0.2935225456724391,0.489117818426554
NG,NGA,Nigeria,NGA.32_1,NGA.32_1,Plateau,NA,Plateau,State,State,NA,NG.PL,NA,NA,NA,NA,Plateau,NA,Plateau,NG-PL,iso3166-2,NA,NA,NA,0.500610385835026,0.6481240679458874,0.2935225456724391,0.489117818426554
NG,NGA,Nigeria,NGA.33_1,NGA.33_1,Rivers,NA,Rivers,State,State,NA,NG.RI,NA,NA,NA,NA,Rivers,NA,Rivers,NG-RI,iso3166-2,NA,NA,NA,0.3306184351284374,0.5450929819473701,0.2935225456724391,0.489117818426554
NG,NGA,Nigeria,NGA.34_1,NGA.34_1,Sokoto,NA,Sokoto,State,State,NA,NG.SO,NA,NA,NA,NA,Sokoto,NA,Sokoto,NG-SO,iso3166-2,NA,NA,NA,0.38010067669207026,0.4572404629137509,0.2935225456724391,0.489117818426554
NG,NGA,Nigeria,NGA.35_1,NGA.35_1,Taraba,NA,Taraba,State,State,NA,NG.TA,NA,NA,NA,NA,Taraba,NA,Taraba,NG-TA,iso3166-2,NA,NA,NA,0.5106044168977901,0.6627449218372524,0.2935225456724391,0.489117818426554
NG,NGA,Nigeria,NGA.36_1,NGA.36_1,Yobe,NA,Yobe,State,State,NA,NG.YO,NA,NA,NA,NA,Yobe,NA,Yobe,NG-YO,iso3166-2,NA,NA,NA,0.3810440640229243,0.5678259311949356,0.2935225456724391,0.489117818426554
NG,NGA,Nigeria,NGA.37_1,NGA.37_1,Zamfara,NA,Zamfara,State,State,NA,NG.ZA,NA,NA,NA,NA,Zamfara,NA,Zamfara,NG-ZA,iso3166-2,NA,NA,NA,0.37613485877224084,0.48735632514853866,0.2935225456724391,0.489117818426554
NI,NIC,Nicaragua,NIC.3_1,NIC.3_1,Boaco,NA,Boaco,Departamento,Department,NA,NI.BO,NA,NA,NA,NA,Boaco,NA,Boaco,NI-BO,iso3166-2,NA,NA,NA,0.6490997644327426,0.5070219144621536,0.6458426851476415,0.5323460763961185
NI,NIC,Nicaragua,NIC.4_1,NIC.4_1,Carazo,NA,Carazo,Departamento,Department,NA,NI.CA,NA,NA,NA,NA,Carazo,NA,Carazo,NI-CA,iso3166-2,NA,NA,NA,0.6803811438923808,0.639895627980198,0.6458426851476415,0.5323460763961185
NI,NIC,Nicaragua,NIC.5_1,NIC.5_1,Chinandega,NA,Chinandega,Departamento,Department,NA,NI.CI,NA,NA,NA,NA,Chinandega,NA,Chinandega,NI-CI,iso3166-2,NA,NA,NA,0.6864459117923009,0.6343240673313635,0.6458426851476415,0.5323460763961185
NI,NIC,Nicaragua,NIC.6_1,NIC.6_1,Chontales,NA,Chontales,Departamento,Department,NA,NI.CO,NA,NA,NA,NA,Chontales,NA,Chontales,NI-CO,iso3166-2,NA,NA,NA,0.658665107705742,0.5346323243551223,0.6458426851476415,0.5323460763961185
NI,NIC,Nicaragua,NIC.1_1,NIC.1_1,Atl√°ntico Norte,Regi√≥n Aut√≥noma del Atl√°ntico Norte,Atl√°ntico Norte,Regi√≥n Aut√≥noma,Autonomous Region,NA,NI.AN,NA,NA,NA,NA,Costa Caribe Norte,RAAN,Costa Caribe Norte,NI-AN,iso3166-2,NA,NA,NA,0.6287720106273003,0.5715917238929602,0.6458426851476415,0.5323460763961185
NI,NIC,Nicaragua,NIC.2_1,NIC.2_1,Atl√°ntico Sur,Regi√≥n Aut√≥noma del Atl√°ntico Norte,Atl√°ntico Sur,Regi√≥n Aut√≥noma,Autonomous Region,NA,NI.AS,NA,NA,NA,NA,Costa Caribe Sur,RAAS,Costa Caribe Sur,NI-AS,iso3166-2,NA,NA,NA,0.6461951190787456,0.5241612249911616,0.6458426851476415,0.5323460763961185
NI,NIC,Nicaragua,NIC.7_1,NIC.7_1,Estel√≠,Estel¬°,Estel√≠,Departamento,Department,NA,NI.ES,NA,NA,NA,NA,Estelí,NA,Estelí,NI-ES,iso3166-2,NA,NA,NA,0.6193631224747271,0.5567458371244308,0.6458426851476415,0.5323460763961185
NI,NIC,Nicaragua,NIC.8_1,NIC.8_1,Granada,NA,Granada,Departamento,Department,NA,NI.GR,NA,NA,NA,NA,Granada,NA,Granada,NI-GR,iso3166-2,NA,NA,NA,0.6433697633883683,0.5878937252258357,0.6458426851476415,0.5323460763961185
NI,NIC,Nicaragua,NIC.9_1,NIC.9_1,Jinotega,NA,Jinotega,Departamento,Department,NA,NI.JI,NA,NA,NA,NA,Jinotega,NA,Jinotega,NI-JI,iso3166-2,NA,NA,NA,0.6708025603343664,0.5717078768907867,0.6458426851476415,0.5323460763961185
NI,NIC,Nicaragua,NIC.11_1,NIC.11_1,Le√≥n,NA,Le√≥n,Departamento,Department,NA,NI.LE,NA,NA,NA,NA,León,NA,León,NI-LE,iso3166-2,NA,NA,NA,0.6676023852629759,0.5701457907954636,0.6458426851476415,0.5323460763961185
NI,NIC,Nicaragua,NIC.12_1,NIC.12_1,Madriz,NA,Madriz,Departamento,Department,NA,NI.MD,NA,NA,NA,NA,Madriz,NA,Madriz,NI-MD,iso3166-2,NA,NA,NA,0.6351496395816933,0.5006894905482743,0.6458426851476415,0.5323460763961185
NI,NIC,Nicaragua,NIC.13_1,NIC.13_1,Managua,NA,Managua,Departamento,Department,NA,NI.MN,NA,NA,NA,NA,Managua,NA,Managua,NI-MN,iso3166-2,NA,NA,NA,0.689531645188964,0.593178543115159,0.6458426851476415,0.5323460763961185
NI,NIC,Nicaragua,NIC.14_1,NIC.14_1,Masaya,NA,Masaya,Departamento,Department,NA,NI.MS,NA,NA,NA,NA,Masaya,NA,Masaya,NI-MS,iso3166-2,NA,NA,NA,0.6492816261261859,0.5837851717846747,0.6458426851476415,0.5323460763961185
NI,NIC,Nicaragua,NIC.15_1,NIC.15_1,Matagalpa,NA,Matagalpa,Departamento,Department,NA,NI.MT,NA,NA,NA,NA,Matagalpa,NA,Matagalpa,NI-MT,iso3166-2,NA,NA,NA,0.6772504023009244,0.5372126204154805,0.6458426851476415,0.5323460763961185
NI,NIC,Nicaragua,NIC.16_1,NIC.16_1,Nueva Segovia,NA,Nueva Segovia,Departamento,Department,NA,NI.NS,NA,NA,NA,NA,Nueva Segovia,NA,Nueva Segovia,NI-NS,iso3166-2,NA,NA,NA,0.6377775924689232,0.5576191365359767,0.6458426851476415,0.5323460763961185
NI,NIC,Nicaragua,NIC.17_1,NIC.17_1,R√≠o San Juan,NA,R√≠o San Juan,Departamento,Department,NA,NI.SJ,NA,NA,NA,NA,Río San Juan,NA,Río San Juan,NI-SJ,iso3166-2,NA,NA,NA,0.6305891977585536,0.5580370723400203,0.6458426851476415,0.5323460763961185
NI,NIC,Nicaragua,NIC.18_1,NIC.18_1,Rivas,NA,Rivas,Departamento,Department,NA,NI.RI,NA,NA,NA,NA,Rivas,NA,Rivas,NI-RI,iso3166-2,NA,NA,NA,0.6509558052313665,0.6133492544613915,0.6458426851476415,0.5323460763961185
NL,NLD,Netherlands,NLD.1_1,NLD.1_1,Drenthe,NA,Drenthe,Provincie,Province,NA,NL.DR,NA,NA,NA,NA,Drenthe,Drenthe,Drenthe,NL-DR,iso3166-2,NA,NA,NA,0.30204900460987627,0.45524786586950383,0.23464873309346643,0.48418766436371324
NL,NLD,Netherlands,NLD.2_1,NLD.2_1,Flevoland,NA,Flevoland,Provincie,Province,NA,NL.FL,NA,NA,NA,NA,Flevoland,Flevoland,Flevoland,NL-FL,iso3166-2,NA,NA,NA,0.3541442910320183,0.4621193773081272,0.23464873309346643,0.48418766436371324
NL,NLD,Netherlands,NLD.3_1,NLD.3_1,Friesland,Frise|Frisia|Fr√≠sia,Friesland,Provincie,Province,NA,NL.FR,NA,NA,NA,NA,Fryslân,Friesland,Fryslân,NL-FR,iso3166-2,NA,NA,NA,0.2900230389514989,0.4908441389869347,0.23464873309346643,0.48418766436371324
NL,NLD,Netherlands,NLD.4_1,NLD.4_1,Gelderland,Geldern|Gheldria|Guelders|Gueldre,Gelderland,Provincie,Province,NA,NL.GE,NA,NA,NA,NA,Gelderland,Gelderland,Gelderland,NL-GE,iso3166-2,NA,NA,NA,0.32800616308510316,0.5349438944610034,0.23464873309346643,0.48418766436371324
NL,NLD,Netherlands,NLD.5_1,NLD.5_1,Groningen,Groninga|Groningue,Groningen,Provincie,Province,NA,NL.GR,NA,NA,NA,NA,Groningen,Groningen,Groningen,NL-GR,iso3166-2,NA,NA,NA,0.32184083951373815,0.5479433348180202,0.23464873309346643,0.48418766436371324
NL,NLD,Netherlands,NLD.7_1,NLD.7_1,Limburg,Limbourg|Limburgo,Limburg,Provincie,Province,NA,NL.LI,NA,NA,NA,NA,Limburg,Limburg,Limburg,NL-LI,iso3166-2,NA,NA,NA,0.34906906693098355,0.49915085805049114,0.23464873309346643,0.48418766436371324
NL,NLD,Netherlands,NLD.8_1,NLD.8_1,Noord-Brabant,Brabante del Norte|Brabante do Norte|Brabante settentrionale|Brabant-septentrional|Nord-Brabant|Nort,Noord-Brabant,Provincie,Province,NA,NL.NB,NA,NA,NA,NA,Noord-Brabant,North Brabant,Noord-Brabant,NL-NB,iso3166-2,NA,NA,NA,0.34427436310362636,0.537597881276312,0.23464873309346643,0.48418766436371324
NL,NLD,Netherlands,NLD.9_1,NLD.9_1,Noord-Holland,Holanda do Norte|Hollande-septentrionale|North Holland,Noord-Holland,Provincie,Province,NA,NL.NH,NA,NA,NA,NA,Noord-Holland,North Holland,Noord-Holland,NL-NH,iso3166-2,NA,NA,NA,0.3491644757858574,0.5542302406934897,0.23464873309346643,0.48418766436371324
NL,NLD,Netherlands,NLD.10_1,NLD.10_1,Overijssel,NA,Overijssel,Provincie,Province,NA,NL.OV,NA,NA,NA,NA,Overijssel,Overijssel,Overijssel,NL-OV,iso3166-2,NA,NA,NA,0.325168986979768,0.4984412828797787,0.23464873309346643,0.48418766436371324
NL,NLD,Netherlands,NLD.11_1,NLD.11_1,Utrecht,NA,Utrecht,Provincie,Province,NA,NL.UT,NA,NA,NA,NA,Utrecht,Utrecht,Utrecht,NL-UT,iso3166-2,NA,NA,NA,0.341805905177062,0.5896748724207372,0.23464873309346643,0.48418766436371324
NL,NLD,Netherlands,NLD.12_1,NLD.12_1,Zeeland,Zelanda|Z√©lande|Zel√¢ndia,Zeeland,Provincie,Province,NA,NL.ZE,NA,NA,NA,NA,Zeeland,Zeeland,Zeeland,NL-ZE,iso3166-2,NA,NA,NA,0.3217722415356909,0.5011824750983329,0.23464873309346643,0.48418766436371324
NL,NLD,Netherlands,NLD.14_1,NLD.14_1,Zuid-Holland,Hollande-m√©ridionale|South Holland,Zuid-Holland,Provincie,Province,NA,NL.ZH,NA,NA,NA,NA,Zuid-Holland,South Holland,Zuid-Holland,NL-ZH,iso3166-2,NA,NA,NA,0.32327965606401426,0.5434570699761435,0.23464873309346643,0.48418766436371324
NO,NOR,Norway,NOR.1_1,NOR.1_1,Akershus,Akershus fylke,Akershus,Fylke,County,NA,NO.AK,A,Oslo og Akershus,NA,NA,Akershus,NA,Akershus,NO-02,iso3166-2,NA,NA,NA,NA,NA,0.23677277155572454,0.4691691999331169
NO,NOR,Norway,NOR.2_1,NOR.2_1,√Éstfold,Oestfold fylke,√Éstfold,Fylke,County,NA,NO.OF,B,Hedmark og Oppland,NA,NA,Ãstfold,NA,Ãstfold,NO-01,iso3166-2,NA,NA,NA,NA,NA,0.23677277155572454,0.4691691999331169
NO,NOR,Norway,NOR.3_1,NOR.3_1,Aust-Agder,Aust-Agder fylke|Austur-Ag√∞ir|Nedenes,Aust-Agder,Fylke,County,NA,NO.AA,C,Sør-Østlandet,NA,NA,Aust-Agder,NA,Aust-Agder,NO-09,iso3166-2,NA,NA,NA,NA,NA,0.23677277155572454,0.4691691999331169
NO,NOR,Norway,NOR.4_1,NOR.4_1,Buskerud,Buskerud fylke,Buskerud,Fylke,County,NA,NO.BU,D,Agder og Rogaland,NA,NA,Buskerud,NA,Buskerud,NO-06,iso3166-2,NA,NA,NA,NA,NA,0.23677277155572454,0.4691691999331169
NO,NOR,Norway,NOR.5_1,NOR.5_1,Finnmark,Finnmark fylke|Finmarken|Finnm√°rkku|Finnm√∂rk,Finnmark,Fylke,County,NA,NO.FI,E,Nord-Norge,NA,NA,Finnmark,NA,Finnmark,NO-20,iso3166-2,NA,NA,NA,NA,NA,0.23677277155572454,0.4691691999331169
NO,NOR,Norway,NOR.6_1,NOR.6_1,Hedmark,Hedmark fylke|Hedemarken|Hei√∞m√∂rk,Hedmark,Fylke,County,NA,NO.HE,B,Hedmark og Oppland,NA,NA,Hedmark,NA,Hedmark,NO-04,iso3166-2,NA,NA,NA,NA,NA,0.23677277155572454,0.4691691999331169
NO,NOR,Norway,NOR.7_1,NOR.7_1,Hordaland,Hordaland fylke|H√∂r√∞aland|S√∏ndre Bergenhus,Hordaland,Fylke,County,NA,NO.HO,F,Vestlandet,NA,NA,Hordaland,NA,Hordaland,NO-12,iso3166-2,NA,NA,NA,NA,NA,0.23677277155572454,0.4691691999331169
NO,NOR,Norway,NOR.8_1,NOR.8_1,M√∏re og Romsdal,Moere og Romsdal fylk|M√∏re|Romsdal,M√∏re og Romsdal,Fylke,County,NA,NO.MR,F,Vestlandet,NA,NA,Møre og Romsdal,NA,Møre og Romsdal,NO-15,iso3166-2,NA,NA,NA,NA,NA,0.23677277155572454,0.4691691999331169
NO,NOR,Norway,NOR.10_1,NOR.10_1,Nordland,Nordland fylke,Nordland,Fylke,County,NA,NO.NO,E,Nord-Norge,NA,NA,Nordland,NA,Nordland,NO-18,iso3166-2,NA,NA,NA,NA,NA,0.23677277155572454,0.4691691999331169
NO,NOR,Norway,NOR.11_1,NOR.11_1,Oppland,Oppland fylke|Kristian|Opland|Uppl√∂nd,Oppland,Fylke,County,NA,NO.OP,B,Hedmark og Oppland,NA,NA,Oppland,NA,Oppland,NO-05,iso3166-2,NA,NA,NA,NA,NA,0.23677277155572454,0.4691691999331169
NO,NOR,Norway,NOR.12_1,NOR.12_1,Oslo,Oslo fylke|Kristiania,Oslo,Fylke,County,NA,NO.OS,A,Oslo og Akershus,NA,NA,Oslo,NA,Oslo,NO-03,iso3166-2,NA,NA,NA,NA,NA,0.23677277155572454,0.4691691999331169
NO,NOR,Norway,NOR.13_1,NOR.13_1,Rogaland,Rogaland fylke|Stavanger,Rogaland,Fylke,County,NA,NO.RO,B,Hedmark og Oppland,NA,NA,Rogaland,NA,Rogaland,NO-11,iso3166-2,NA,NA,NA,NA,NA,0.23677277155572454,0.4691691999331169
NO,NOR,Norway,NOR.14_1,NOR.14_1,Sogn og Fjordane,Sogn og Fjordane fyl|Nordre Bergenhus|Sogn og Fir√∞a-Fylki,Sogn og Fjordane,Fylke,County,NA,NO.SF,F,Vestlandet,NA,NA,Sogn og Fjordane,NA,Sogn og Fjordane,NO-14,iso3166-2,NA,NA,NA,NA,NA,0.23677277155572454,0.4691691999331169
NO,NOR,Norway,NOR.16_1,NOR.16_1,Telemark,Telemark fylke|Bratsberg|√ûelam√∂rk,Telemark,Fylke,County,NA,NO.TE,C,Sør-Østlandet,NA,NA,Telemark,NA,Telemark,NO-08,iso3166-2,NA,NA,NA,NA,NA,0.23677277155572454,0.4691691999331169
NO,NOR,Norway,NOR.17_1,NOR.17_1,Troms,Troms fylke|Troms√∏|Troms-Fylki,Troms,Fylke,County,NA,NO.TR,C,Sør-Østlandet,NA,NA,Troms,NA,Troms,NO-19,iso3166-2,NA,NA,NA,NA,NA,0.23677277155572454,0.4691691999331169
NO,NOR,Norway,NA,NO-50,NA,NA,NA,NA,NA,NA,NA,G,Trøndelag,NA,NA,Trøndelag,NA,Trøndelag,NO-50,iso3166-2,NA,NA,NA,NA,NA,0.23677277155572454,0.4691691999331169
NO,NOR,Norway,NOR.18_1,NOR.18_1,Vest-Agder,Vest-Agder fylke|Lister og Mandal|Vestur-Ag√∞ir,Vest-Agder,Fylke,County,NA,NO.VA,D,Agder og Rogaland,NA,NA,Vest-Agder,NA,Vest-Agder,NO-10,iso3166-2,NA,NA,NA,NA,NA,0.23677277155572454,0.4691691999331169
NO,NOR,Norway,NOR.19_1,NOR.19_1,Vestfold,Vestfold fylke|Jarlsberg og Larvik,Vestfold,Fylke,County,NA,NO.VF,C,Sør-Østlandet,NA,NA,Vestfold,NA,Vestfold,NO-07,iso3166-2,NA,NA,NA,NA,NA,0.23677277155572454,0.4691691999331169
NP,NPL,Nepal,NA,NP-P4,NA,NA,NA,NA,NA,NA,NA,NA,NA,NA,NA,Gandaki,Pradesh 4,गण्डकी प्रदेश,NP-P4,iso3166-2,NA,NA,NA,0.509795451476576,0.6363336759794403,0.3916111104084421,0.5108892284714298
NP,NPL,Nepal,NA,NP-P6,NA,NA,NA,NA,NA,NA,NA,NA,NA,NA,NA,Karnali,Pradesh 6,कर्णाली प्रदेश,NP-P6,iso3166-2,NA,NA,NA,0.45866925430835487,0.5034491823035115,0.3916111104084421,0.5108892284714298
NP,NPL,Nepal,NA,NP-P1,NA,NA,NA,NA,NA,NA,NA,NA,NA,NA,NA,Pradesh 1,NA,प्रदेश नं० १,NP-P1,iso3166-2,NA,NA,NA,0.43742161299956733,0.5273206863863185,0.3916111104084421,0.5108892284714298
NP,NPL,Nepal,NA,NP-P2,NA,NA,NA,NA,NA,NA,NA,NA,NA,NA,1,Pradesh 2,NA,प्रदेश नं० २,NP-P2,iso3166-2,NA,NA,NA,0.466806189396134,0.5698062741693949,0.3916111104084421,0.5108892284714298
NP,NPL,Nepal,NA,NP-P3,NA,NA,NA,NA,NA,NA,NA,NA,NA,NA,NA,Bagmati Pradesh,Pradesh 3,वाग्मती प्रदेश,NP-P3,iso3166-2,NA,NA,NA,0.4563494713845565,0.5768840692799185,0.3916111104084421,0.5108892284714298
NP,NPL,Nepal,NA,NP-P5,NA,NA,NA,NA,NA,NA,NA,NA,NA,NA,NA,Pradesh 5,NA,प्रदेश न० ५,NP-P5,iso3166-2,NA,NA,NA,0.46496194282910736,0.5382843284763866,0.3916111104084421,0.5108892284714298
NP,NPL,Nepal,NA,NP-P7,NA,NA,NA,NA,NA,NA,NA,NA,NA,NA,NA,Sudurpashchim,Pradesh 7,सुदूर-पश्चिम प्रदेश,NP-P7,iso3166-2,NA,NA,NA,0.45991948198022287,0.5218085472819467,0.3916111104084421,0.5108892284714298
NZ,NZL,New Zealand,NZL.1_1,NZL.1_1,Auckland,NA,Auckland,Region,Region,2,NZ.AU,NA,NA,NA,NA,Auckland,Tāmaki-makau-rau,Auckland,NZ-AUK,iso3166-2,NA,NA,NA,0.40887348353053266,0.5197462586673783,0.2816457477491409,0.4456839718051528
NZ,NZL,New Zealand,NZL.2_1,NZL.2_1,Bay of Plenty,NA,Bay of Plenty,Region,Region,4,NZ.BP,NA,NA,NA,NA,Bay of Plenty,Te Moana a Toi Te Huatahi,Bay of Plenty,NZ-BOP,iso3166-2,NA,NA,NA,0.3529871768535516,0.49732561203199926,0.2816457477491409,0.4456839718051528
NZ,NZL,New Zealand,NZL.3_1,NZL.3_1,Canterbury,NA,Canterbury,Region,Region,13,NZ.CA,NA,NA,NA,NA,Canterbury,Waitaha,Canterbury,NZ-CAN,iso3166-2,NA,NA,NA,0.3455310347140054,0.48717228150765524,0.2816457477491409,0.4456839718051528
NZ,NZL,New Zealand,NZL.4_1,NZL.4_1,Chatham Islands,NA,Chatham Islands,Region,Territory,99,NZ.CI,NA,NA,NA,NA,Chatham Islands Territory,Wharekauri,Chatham Islands Territory,NZ-CIT,iso3166-2,NA,NA,NA,NA,NA,0.2816457477491409,0.4456839718051528
NZ,NZL,New Zealand,NZL.5_1,NZL.5_1,Gisborne,NA,Gisborne,Region,Region,5,NZ.GI,NA,NA,NA,NA,Gisborne,Tūranga nui a Kiwa,Gisborne,NZ-GIS,iso3166-2,NA,NA,NA,0.32839262251675516,0.4749310841208846,0.2816457477491409,0.4456839718051528
NZ,NZL,New Zealand,NZL.6_1,NZL.6_1,Hawke's Bay,NA,Hawke's Bay,Region,Region,6,NZ.HB,NA,NA,NA,NA,Hawke's Bay,Te Matau a Māui,Hawke's Bay,NZ-HKB,iso3166-2,NA,NA,NA,0.36225682320160707,0.47853100395717424,0.2816457477491409,0.4456839718051528
NZ,NZL,New Zealand,NZL.7_1,NZL.7_1,Manawatu-Wanganui,NA,Manawatu-Wanganui,Region,Region,8,NZ.MW,NA,NA,NA,NA,Manawatu-Wanganui,Manawatu Whanganui,Manawatu-Wanganui,NZ-MWT,iso3166-2,NA,NA,NA,0.3326158196755649,0.455772387919166,0.2816457477491409,0.4456839718051528
NZ,NZL,New Zealand,NZL.8_1,NZL.8_1,Marlborough,NA,Marlborough,Region,Region,18,NZ.MA,NA,NA,NA,NA,Marlborough,NA,Marlborough,NZ-MBH,iso3166-2,NA,NA,NA,0.3246186525227548,0.5108527147616806,0.2816457477491409,0.4456839718051528
NZ,NZL,New Zealand,NZL.9_1,NZL.9_1,Nelson,NA,Nelson,Region,Region,17,NZ.NE,A,Tasman and Nelson,NA,NA,Nelson,Whakatū,Nelson,NZ-NSN,iso3166-2,NA,NA,NA,NA,NA,0.2816457477491409,0.4456839718051528
NZ,NZL,New Zealand,NZL.11_1,NZL.11_1,Northland,NA,Northland,Region,Region,1,NZ.NO,NA,NA,NA,NA,Northland,Te Tai tokerau,Northland,NZ-NTL,iso3166-2,NA,NA,NA,0.3456449772580748,0.482584521750574,0.2816457477491409,0.4456839718051528
NZ,NZL,New Zealand,NZL.12_1,NZL.12_1,Otago,NA,Otago,Region,Region,14,NZ.OT,NA,NA,NA,NA,Otago,Ō Tākou,Otago,NZ-OTA,iso3166-2,NA,NA,NA,0.36032014057137346,0.4913452039120143,0.2816457477491409,0.4456839718051528
NZ,NZL,New Zealand,NZL.14_1,NZL.14_1,Southland,NA,Southland,Region,Region,15,NZ.SO,NA,NA,NA,NA,Southland,Murihiku,Southland,NZ-STL,iso3166-2,NA,NA,NA,0.3080854278030815,0.4423241026016049,0.2816457477491409,0.4456839718051528
NZ,NZL,New Zealand,NZL.15_1,NZL.15_1,Taranaki,NA,Taranaki,Region,Region,7,NZ.TK,NA,NA,NA,NA,Taranaki,Taranaki,Taranaki,NZ-TKI,iso3166-2,NA,NA,NA,0.3578863826901609,0.44873835383255123,0.2816457477491409,0.4456839718051528
NZ,NZL,New Zealand,NZL.16_1,NZL.16_1,Tasman,NA,Tasman,Region,Region,16,NZ.TS,A,Tasman and Nelson,NA,NA,Tasman,NA,Tasman,NZ-TAS,iso3166-2,NA,NA,NA,NA,NA,0.2816457477491409,0.4456839718051528
NZ,NZL,New Zealand,NZL.17_1,NZL.17_1,Waikato,NA,Waikato,Region,Region,3,NZ.WK,NA,NA,NA,NA,Waikato,Waikato,Waikato,NZ-WKO,iso3166-2,NA,NA,NA,0.3159277190510071,0.470340106558617,0.2816457477491409,0.4456839718051528
NZ,NZL,New Zealand,NZL.18_1,NZL.18_1,Wellington,NA,Wellington,Region,Region,9,NZ.WG,NA,NA,NA,NA,Wellington,Te Whanga-nui-a-Tara,Wellington,NZ-WGN,iso3166-2,NA,NA,NA,0.4060661236508045,0.5622566230152207,0.2816457477491409,0.4456839718051528
NZ,NZL,New Zealand,NZL.19_1,NZL.19_1,West Coast,NA,West Coast,Region,Region,12,NZ.WC,NA,NA,NA,NA,West Coast,Te Taihau ā uru,West Coast,NZ-WTC,iso3166-2,NA,NA,NA,0.25136771649463513,0.4318972108951828,0.2816457477491409,0.4456839718051528
PA,PAN,Panama,PAN.1_1,PAN.1_1,Bocas del Toro,NA,Bocas del Toro,Provincia,Province,NA,PA.BC,NA,NA,NA,NA,Bocas del Toro,NA,Bocas del Toro,PA-1,iso3166-2,NA,NA,NA,0.6251671702370568,0.6358112045329427,0.6071851350631647,0.7477680718412066
PA,PAN,Panama,PAN.2_1,PAN.2_1,Chiriqu√≠,NA,Chiriqu√≠,Provincia,Province,NA,PA.CH,NA,NA,NA,NA,Chiriquí,NA,Chiriquí,PA-4,iso3166-2,NA,NA,NA,0.6350594269258187,0.7638389035706549,0.6071851350631647,0.7477680718412066
PA,PAN,Panama,PAN.3_1,PAN.3_1,Cocl√©,NA,Cocl√©,Provincia,Province,NA,PA.CC,NA,NA,NA,NA,Coclé,NA,Coclé,PA-2,iso3166-2,NA,NA,NA,0.6506649693061269,0.7550730307435742,0.6071851350631647,0.7477680718412066
PA,PAN,Panama,PAN.4_1,PAN.4_1,Col√≥n,NA,Col√≥n,Provincia,Province,NA,PA.CL,NA,NA,NA,NA,Colón,NA,Colón,PA-3,iso3166-2,NA,NA,NA,0.6147732290325435,0.7443869469290734,0.6071851350631647,0.7477680718412066
PA,PAN,Panama,PAN.5_1,PAN.5_1,Dari√©n,NA,Dari√©n,Provincia,Province,NA,PA.DR,NA,NA,NA,NA,Darién,NA,Darién,PA-5,iso3166-2,NA,NA,NA,0.6247039649796898,0.7132627923196693,0.6071851350631647,0.7477680718412066
PA,PAN,Panama,PAN.6_1,PAN.6_1,Ember√°,Ember√°-Wounaan,Ember√°,Comarca Ind√≠gena,Indigenous Territory,NA,PA.EM,NA,NA,NA,NA,Emberá,NA,Emberá,PA-EM,iso3166-2,NA,NA,NA,0.5803535500877642,0.6611109792511942,0.6071851350631647,0.7477680718412066
PA,PAN,Panama,PAN.8_1,PAN.8_1,Kuna Yala,NA,Kuna Yala,Comarca Ind√≠gena,Indigenous Territory,NA,PA.SB,NA,NA,NA,NA,Guna Yala,NA,Guna Yala,PA-KY,iso3166-2,NA,NA,NA,0.707199940305472,0.8389966263881082,0.6071851350631647,0.7477680718412066
PA,PAN,Panama,PAN.7_1,PAN.7_1,Herrera,NA,Herrera,Provincia,Province,NA,PA.HE,NA,NA,NA,NA,Herrera,NA,Herrera,PA-6,iso3166-2,NA,NA,NA,0.659132254016321,0.737208609156009,0.6071851350631647,0.7477680718412066
PA,PAN,Panama,PAN.9_1,PAN.9_1,Los Santos,NA,Los Santos,Provincia,Province,NA,PA.LS,NA,NA,NA,NA,Los Santos,NA,Los Santos,PA-7,iso3166-2,NA,NA,NA,0.6624906177121596,0.7893692358791125,0.6071851350631647,0.7477680718412066
PA,PAN,Panama,PAN.10_1,PAN.10_1,Ng√∂be Bugl√©,NA,Ng√∂be Bugl√©,Comarca Ind√≠gena,Indigenous Territory,NA,PA.NB,NA,NA,NA,NA,Ngöbe-Buglé,NA,Ngöbe-Buglé,PA-NB,iso3166-2,NA,NA,NA,0.6136479358537771,0.6319734353115546,0.6071851350631647,0.7477680718412066
PA,PAN,Panama,PAN.12_1,PAN.12_1,Panam√°,Panam¬†,Panam√°,Provincia,Province,NA,PA.PN,NA,NA,NA,NA,Panamá,NA,Panamá,PA-8,iso3166-2,NA,NA,NA,0.6340030399873365,0.7437757737068085,0.6071851350631647,0.7477680718412066
PA,PAN,Panama,PAN.11_1,PAN.11_1,Panam√° Oeste,NA,Panam√° Oeste,Provincia,Province,NA,PA.PO,NA,NA,NA,NA,Panamá Oeste,NA,Panamá Oeste,PA-10,iso3166-2,NA,NA,NA,0.6262879640601724,0.7830021318079079,0.6071851350631647,0.7477680718412066
PA,PAN,Panama,PAN.13_1,PAN.13_1,Veraguas,NA,Veraguas,Provincia,Province,NA,PA.VR,NA,NA,NA,NA,Veraguas,NA,Veraguas,PA-9,iso3166-2,NA,NA,NA,0.61998975268012535,0.7802954070863826,0.6071851350631647,0.7477680718412066
PE,PER,Peru,PER.1_1,PER.1_1,Amazonas,NA,Amazonas,Regi√≥n,Region,1,PE.AM,NA,NA,NA,NA,Amazonas,NA,Amazonas,PE-AMA,iso3166-2,NA,NA,NA,0.6351098610884023,0.7322958199844383,0.6533533680544088,0.6951723403178273
PE,PER,Peru,PER.2_1,PER.2_1,Ancash,Ancachs,Ancash,Regi√≥n,Region,2,PE.AN,NA,NA,NA,NA,Ancash,NA,Ancash,PE-ANC,iso3166-2,NA,NA,NA,0.6768942221180297,0.6989212098907381,0.6533533680544088,0.6951723403178273
PE,PER,Peru,PER.3_1,PER.3_1,Apur√≠mac,Apuromac,Apur√≠mac,Regi√≥n,Region,3,PE.AP,NA,NA,NA,NA,Apurímac,NA,Apurímac,PE-APU,iso3166-2,NA,NA,NA,0.6923826509881081,0.7423896688576053,0.6533533680544088,0.6951723403178273
PE,PER,Peru,PER.4_1,PER.4_1,Arequipa,NA,Arequipa,Regi√≥n,Region,4,PE.AR,NA,NA,NA,NA,Arequipa,NA,Arequipa,PE-ARE,iso3166-2,NA,NA,NA,0.7091189195727177,0.7313310842618408,0.6533533680544088,0.6951723403178273
PE,PER,Peru,PER.5_1,PER.5_1,Ayacucho,NA,Ayacucho,Regi√≥n,Region,5,PE.AY,NA,NA,NA,NA,Ayacucho,NA,Ayacucho,PE-AYA,iso3166-2,NA,NA,NA,0.6465564400007092,0.6694322065845482,0.6533533680544088,0.6951723403178273
PE,PER,Peru,PER.6_1,PER.6_1,Cajamarca,Caxamarca,Cajamarca,Regi√≥n,Region,6,PE.CJ,NA,NA,NA,NA,Cajamarca,NA,Cajamarca,PE-CAJ,iso3166-2,NA,NA,NA,0.6433734809463395,0.7296522459561674,0.6533533680544088,0.6951723403178273
PE,PER,Peru,PER.8_1,PER.8_1,Cusco,Cuzco|Qosqo,Cusco,Regi√≥n,Region,8,PE.CS,NA,NA,NA,NA,Cusco,NA,Cusco,PE-CUS,iso3166-2,NA,NA,NA,0.7246042373716176,0.7371166328046502,0.6533533680544088,0.6951723403178273
PE,PER,Peru,PER.7_1,PER.7_1,Callao,El Callao,Callao,Provincia,Province,7,PE.CL,A,Metropolitan Lima,NA,NA,El Callao,NA,El Callao,PE-CAL,iso3166-2,NA,NA,NA,NA,NA,0.6533533680544088,0.6951723403178273
PE,PER,Peru,PER.9_1,PER.9_1,Huancavelica,NA,Huancavelica,Regi√≥n,Region,9,PE.HV,NA,NA,NA,NA,Huancavelica,NA,Huancavelica,PE-HUV,iso3166-2,NA,NA,NA,0.6180063517461928,0.6684443166678712,0.6533533680544088,0.6951723403178273
PE,PER,Peru,PER.10_1,PER.10_1,Hu√°nuco,Huknuco,Hu√°nuco,Regi√≥n,Region,10,PE.HC,NA,NA,NA,NA,Huánuco,NA,Huánuco,PE-HUC,iso3166-2,NA,NA,NA,0.6293400369388213,0.7481668896976313,0.6533533680544088,0.6951723403178273
PE,PER,Peru,PER.11_1,PER.11_1,Ica,NA,Ica,Regi√≥n,Region,11,PE.IC,NA,NA,NA,NA,Ica,NA,Ica,PE-ICA,iso3166-2,NA,NA,NA,0.6791205239967799,0.6926557491024676,0.6533533680544088,0.6951723403178273
PE,PER,Peru,PER.12_1,PER.12_1,Jun√≠n,Junnn,Jun√≠n,Regi√≥n,Region,12,PE.JU,NA,NA,NA,NA,Junín,NA,Junín,PE-JUN,iso3166-2,NA,NA,NA,0.7040869447022946,0.7490780344853931,0.6533533680544088,0.6951723403178273
PE,PER,Peru,PER.13_1,PER.13_1,La Libertad,Libertad,La Libertad,Regi√≥n,Region,13,PE.LL,NA,NA,NA,NA,La Libertad,NA,La Libertad,PE-LAL,iso3166-2,NA,NA,NA,0.6598047600398497,0.7813459553968558,0.6533533680544088,0.6951723403178273
PE,PER,Peru,PER.14_1,PER.14_1,Lambayeque,NA,Lambayeque,Regi√≥n,Region,14,PE.LB,NA,NA,NA,NA,Lambayeque,NA,Lambayeque,PE-LAM,iso3166-2,NA,NA,NA,0.6477637914394028,0.7085640336050649,0.6533533680544088,0.6951723403178273
PE,PER,Peru,PER.16_1,PER.16_1,Lima Region,Department of Lima,Departamento de Lima,Regi√≥n,Region,16,PE.LR,NA,NA,NA,NA,Department of Lima,NA,Department of Lima,PE-LIM,iso3166-2,NA,NA,NA,0.6731578856235331,0.7293635223441344,0.6533533680544088,0.6951723403178273
PE,PER,Peru,PER.15_1,PER.15_1,Lima Province,Lima Province,Provincia de Lima,Regi√≥n,Region,15,PE.LP,A,Metropolitan Lima,NA,NA,Lima Province,NA,Lima Province,PE-LMA,iso3166-2,22-Feb,NA,Added--was previously aggregated into Lima Department,NA,NA,0.6533533680544088,0.6951723403178273
PE,PER,Peru,PER.17_1,PER.17_1,Loreto,NA,Loreto,Regi√≥n,Region,16,PE.LO,NA,NA,NA,NA,Loreto,NA,Loreto,PE-LOR,iso3166-2,NA,NA,NA,0.6409889797693921,0.6874738045688362,0.6533533680544088,0.6951723403178273
PE,PER,Peru,PER.18_1,PER.18_1,Madre de Dios,NA,Madre de Dios,Regi√≥n,Region,17,PE.MD,NA,NA,NA,NA,Madre de Dios,NA,Madre de Dios,PE-MDD,iso3166-2,NA,NA,NA,0.6127793477837714,0.6528853705619893,0.6533533680544088,0.6951723403178273
PE,PER,Peru,PER.19_1,PER.19_1,Moquegua,NA,Moquegua,Regi√≥n,Region,18,PE.MQ,NA,NA,NA,NA,Moquegua,NA,Moquegua,PE-MOQ,iso3166-2,NA,NA,NA,0.6452644016408129,0.6971563097978174,0.6533533680544088,0.6951723403178273
PE,PER,Peru,PER.20_1,PER.20_1,Pasco,NA,Pasco,Regi√≥n,Region,19,PE.PA,NA,NA,NA,NA,Pasco,NA,Pasco,PE-PAS,iso3166-2,NA,NA,NA,0.7356565000581439,0.7624470562443195,0.6533533680544088,0.6951723403178273
PE,PER,Peru,PER.21_1,PER.21_1,Piura,NA,Piura,Regi√≥n,Region,20,PE.PI,NA,NA,NA,NA,Piura,NA,Piura,PE-PIU,iso3166-2,NA,NA,NA,0.689533527559114,0.7344041756262467,0.6533533680544088,0.6951723403178273
PE,PER,Peru,PER.22_1,PER.22_1,Puno,NA,Puno,Regi√≥n,Region,21,PE.PU,NA,NA,NA,NA,Puno,NA,Puno,PE-PUN,iso3166-2,NA,NA,NA,0.5416710761584246,0.5870051189528662,0.6533533680544088,0.6951723403178273
PE,PER,Peru,PER.23_1,PER.23_1,San Mart√≠n,San Mart,San Mart√≠n,Regi√≥n,Region,22,PE.SM,NA,NA,NA,NA,San Martín,NA,San Martín,PE-SAM,iso3166-2,NA,NA,NA,0.6789438991497158,0.6178113622559825,0.6533533680544088,0.6951723403178273
PE,PER,Peru,PER.24_1,PER.24_1,Tacna,NA,Tacna,Regi√≥n,Region,23,PE.TA,NA,NA,NA,NA,Tacna,NA,Tacna,PE-TAC,iso3166-2,NA,NA,NA,0.7047326089474033,0.7792546625057412,0.6533533680544088,0.6951723403178273
PE,PER,Peru,PER.25_1,PER.25_1,Tumbes,Tumbez,Tumbes,Regi√≥n,Region,24,PE.TU,NA,NA,NA,NA,Tumbes,NA,Tumbes,PE-TUM,iso3166-2,NA,NA,NA,0.5741792148955244,0.6680281833420532,0.6533533680544088,0.6951723403178273
PE,PER,Peru,PER.26_1,PER.26_1,Ucayali,NA,Ucayali,Regi√≥n,Region,25,PE.UC,NA,NA,NA,NA,Ucayali,NA,Ucayali,PE-UCA,iso3166-2,NA,NA,NA,0.6167079784942936,0.6806972297697036,0.6533533680544088,0.6951723403178273
PH,PHL,Philippines,NA,PH-14,NA,NA,NA,NA,NA,NA,NA,C,Mindanao,NA,NA,Autonomous Region in Muslim Mindanao,NA,Nagsasariling Rehiyon ng Muslim sa Mindanaw,PH-14,iso3166-2,NA,NA,NA,NA,NA,0.48861179303682145,0.4338107362601765
PH,PHL,Philippines,NA,PH-05,NA,NA,NA,NA,NA,NA,NA,B,Luzon,NA,NA,Bicol,NA,Bikol,PH-05,iso3166-2,NA,NA,NA,NA,NA,0.48861179303682145,0.4338107362601765
PH,PHL,Philippines,NA,PH-02,NA,NA,NA,NA,NA,NA,NA,B,Luzon,NA,NA,Cagayan Valley,NA,Lambak ng Kagayan,PH-02,iso3166-2,NA,NA,NA,NA,NA,0.48861179303682145,0.4338107362601765
PH,PHL,Philippines,NA,PH-40,NA,NA,NA,NA,NA,NA,NA,B,Luzon,NA,NA,Calabarzon,NA,Calabarzon,PH-40,iso3166-2,NA,NA,NA,NA,NA,0.48861179303682145,0.4338107362601765
PH,PHL,Philippines,NA,PH-13,NA,NA,NA,NA,NA,NA,NA,C,Mindanao,NA,NA,Caraga,NA,Karaga,PH-13,iso3166-2,NA,NA,NA,NA,NA,0.48861179303682145,0.4338107362601765
PH,PHL,Philippines,NA,PH-03,NA,NA,NA,NA,NA,NA,NA,B,Luzon,NA,NA,Central Luzon,NA,Gitnang Luson,PH-03,iso3166-2,NA,NA,NA,NA,NA,0.48861179303682145,0.4338107362601765
PH,PHL,Philippines,NA,PH-07,NA,NA,NA,NA,NA,NA,NA,D,Visayas,NA,NA,Central Visayas,NA,Gitnang Bisaya,PH-07,iso3166-2,NA,NA,NA,NA,NA,0.48861179303682145,0.4338107362601765
PH,PHL,Philippines,NA,PH-15,NA,NA,NA,NA,NA,NA,NA,B,Luzon,NA,NA,Cordillera Administrative Region,NA,Rehiyon ng Administratibo ng Kordilyera,PH-15,iso3166-2,NA,NA,NA,NA,NA,0.48861179303682145,0.4338107362601765
PH,PHL,Philippines,NA,PH-11,NA,NA,NA,NA,NA,NA,NA,C,Mindanao,NA,NA,Davao,NA,Dabaw,PH-11,iso3166-2,NA,NA,NA,NA,NA,0.48861179303682145,0.4338107362601765
PH,PHL,Philippines,NA,PH-08,NA,NA,NA,NA,NA,NA,NA,D,Visayas,NA,NA,Eastern Visayas,NA,Silangang Bisaya,PH-08,iso3166-2,NA,NA,NA,NA,NA,0.48861179303682145,0.4338107362601765
PH,PHL,Philippines,NA,PH-01,NA,NA,NA,NA,NA,NA,NA,B,Luzon,NA,NA,Ilocos,NA,Iloko,PH-01,iso3166-2,NA,NA,NA,NA,NA,0.48861179303682145,0.4338107362601765
PH,PHL,Philippines,NA,PH-41,NA,NA,NA,NA,NA,NA,NA,B,Luzon,NA,1,Mimaropa,NA,Mimaropa,PH-41,iso3166-2,NA,NA,NA,NA,NA,0.48861179303682145,0.4338107362601765
PH,PHL,Philippines,NA,PH-00,NA,NA,NA,NA,NA,NA,NA,A,Manila,NA,NA,National Capital Region,NA,Pambansang Punong,PH-00,iso3166-2,NA,NA,NA,NA,NA,0.48861179303682145,0.4338107362601765
PH,PHL,Philippines,NA,PH-10,NA,NA,NA,NA,NA,NA,NA,C,Mindanao,NA,NA,Northern Mindanao,NA,Hilagang Mindanaw,PH-10,iso3166-2,NA,NA,NA,NA,NA,0.48861179303682145,0.4338107362601765
PH,PHL,Philippines,NA,PH-12,NA,NA,NA,NA,NA,NA,NA,C,Mindanao,NA,NA,Soccsksargen,NA,Soccsksargen,PH-12,iso3166-2,NA,NA,NA,NA,NA,0.48861179303682145,0.4338107362601765
PH,PHL,Philippines,NA,PH-06,NA,NA,NA,NA,NA,NA,NA,D,Visayas,NA,NA,Western Visayas,NA,Kanlurang Bisaya,PH-06,iso3166-2,NA,NA,NA,NA,NA,0.48861179303682145,0.4338107362601765
PH,PHL,Philippines,NA,PH-09,NA,NA,NA,NA,NA,NA,NA,C,Mindanao,NA,NA,Zamboanga Peninsula,NA,Sambuwangga,PH-09,iso3166-2,NA,NA,NA,NA,NA,0.48861179303682145,0.4338107362601765
PK,PAK,Pakistan,PAK.1_1,PAK.1_1,Azad Kashmir,Kashmir,Azad Kashmir,Centrally Administered Area,Centrally Administered Area,NA,PK.JK,NA,NA,NA,NA,Azad Jammu and Kashmir,NA,آزاد جموں و کشمیر,PK-JK,iso3166-2,NA,NA,NA,0.3571596132665511,0.4253188676391991,0.2611062143725205,0.31166492159391623
PK,PAK,Pakistan,PAK.2_1,PAK.2_1,Baluchistan,Balochistan|B√©loutchistanBeluchistan|Baluchist√£o,Baluchistan,Province,Province,NA,PK.BA,NA,NA,NA,NA,Balochistan,NA,بلوچستان,PK-BA,iso3166-2,NA,NA,NA,0.22591689980380947,0.3701976029954589,0.2611062143725205,0.31166492159391623
PK,PAK,Pakistan,NA,PAK.6_1,NA,NA,NA,NA,NA,NA,NA,NA,NA,NA,NA,Gilgit-Baltistan,NA,گلگت بلتستان,PK-GB,iso3166-2,NA,NA,NA,0.24704564311541727,0.2876311315174035,0.2611062143725205,0.31166492159391623
PK,PAK,Pakistan,PAK.4_1,PAK.4_1,F.C.T.,Islamabad|Federal Capital Territory|Federal Capital Territory Islamabad|Territoire de la Capitale f√©d√©rale,F.C.T.,Capital Territory,Capital Territory,NA,PK.IS,A,Punjab and Islamabad,NA,NA,Islamabad,NA,اسلام آباد دارالحکومت,PK-IS,iso3166-2,NA,NA,NA,NA,NA,0.2611062143725205,0.31166492159391623
PK,PAK,Pakistan,PAK.5_1,PAK.3_1,N.W.F.P.,North-West Frontier Province,N.W.F.P.,Province,Province,NA,PK.NW,NA,NA,NA,NA,Khyber Pakhtunkhwa,NWFP,خیبرپختونخوا,PK-KP,iso3166-2,NA,NA,NA,0.2962191443213467,0.3496689417201632,0.2611062143725205,0.31166492159391623
PK,PAK,Pakistan,PAK.7_1,PAK.7_1,Punjab,Pendjab|Penjab,Punjab,Province,Province,NA,PK.PB,A,Punjab and Islamabad,NA,NA,Punjab,NA,پنجاب,PK-PB,iso3166-2,NA,NA,NA,NA,NA,0.2611062143725205,0.31166492159391623
PK,PAK,Pakistan,PAK.8_1,PAK.8_1,Sind,Sindh,Sind,Province,Province,NA,PK.SD,NA,NA,NA,NA,Sindh,NA,سندھ,PK-SD,iso3166-2,NA,NA,NA,0.3428229620068571,0.42195236144931886,0.2611062143725205,0.31166492159391623
PL,POL,Poland,POL.1_1,POL.1_1,Dolno≈õlƒÖskie,NA,Dolno≈õlƒÖskie,Wojew√≥dztwo,Province|Voivodeship,2,NA,NA,NA,NA,NA,Dolnośląskie,Lower Silesia,Dolnośląskie,PL-02,iso3166-2,NA,NA,NA,0.4202411694941638,0.5857148852843646,0.32295514306092127,0.5412957828273464
PL,POL,Poland,POL.2_1,POL.2_1,Kujawsko-Pomorskie,NA,Kujawsko-Pomorskie,Wojew√≥dztwo,Province|Voivodeship,4,NA,NA,NA,NA,NA,Kujawsko-pomorskie,Kuyavia-Pomerania,Kujawsko-pomorskie,PL-04,iso3166-2,NA,NA,NA,0.4057334691520319,0.5942878725697075,0.32295514306092127,0.5412957828273464
PL,POL,Poland,POL.3_1,POL.3_1,≈Å√≥dzkie,NA,≈Å√≥dzkie,Wojew√≥dztwo,Province|Voivodeship,10,NA,NA,NA,NA,NA,Łódzkie,Łódź,Łódzkie,PL-10,iso3166-2,NA,NA,NA,0.4376905763648394,0.5168929811253729,0.32295514306092127,0.5412957828273464
PL,POL,Poland,POL.4_1,POL.4_1,Lubelskie,NA,Lubelskie,Wojew√≥dztwo,Province|Voivodeship,6,NA,NA,NA,NA,NA,Lubelskie,Lublin,Lubelskie,PL-06,iso3166-2,NA,NA,NA,0.3846502124266886,0.4940656803340446,0.32295514306092127,0.5412957828273464
PL,POL,Poland,POL.5_1,POL.5_1,Lubuskie,NA,Lubuskie,Wojew√≥dztwo,Province|Voivodeship,8,NA,NA,NA,NA,NA,Lubuskie,Lubusz,Lubuskie,PL-08,iso3166-2,NA,NA,NA,0.44144493851291716,0.4994370018390975,0.32295514306092127,0.5412957828273464
PL,POL,Poland,POL.6_1,POL.6_1,Ma≈Çopolskie,NA,Ma≈Çopolskie,Wojew√≥dztwo,Province|Voivodeship,12,NA,NA,NA,NA,NA,Małopolskie,Lesser Poland,Małopolskie,PL-12,iso3166-2,NA,NA,NA,0.40239306562959,0.5975645149475666,0.32295514306092127,0.5412957828273464
PL,POL,Poland,POL.7_1,POL.7_1,Mazowieckie,NA,Mazowieckie,Wojew√≥dztwo,Province|Voivodeship,14,NA,NA,NA,NA,NA,Mazowieckie,Mazovia,Mazowieckie,PL-14,iso3166-2,NA,NA,NA,0.3947595641583278,0.6388582863664111,0.32295514306092127,0.5412957828273464
PL,POL,Poland,POL.8_1,POL.8_1,Opolskie,NA,Opolskie,Wojew√≥dztwo,Province|Voivodeship,16,NA,NA,NA,NA,NA,Opolskie,Opole (Upper Silesia),Opolskie,PL-16,iso3166-2,NA,NA,NA,0.42657218248215245,0.5877436753134587,0.32295514306092127,0.5412957828273464
PL,POL,Poland,POL.9_1,POL.9_1,Podkarpackie,NA,Podkarpackie,Wojew√≥dztwo,Province|Voivodeship,18,NA,NA,NA,NA,NA,Podkarpackie,Subcarpathia,Podkarpackie,PL-18,iso3166-2,NA,NA,NA,0.37958571054686274,0.5089331057637014,0.32295514306092127,0.5412957828273464
PL,POL,Poland,POL.10_1,POL.10_1,Podlaskie,NA,Podlaskie,Wojew√≥dztwo,Province|Voivodeship,20,NA,NA,NA,NA,NA,Podlaskie,Podlaskie,Podlaskie,PL-20,iso3166-2,NA,NA,NA,0.42245652616183377,0.550473817204804,0.32295514306092127,0.5412957828273464
PL,POL,Poland,POL.11_1,POL.11_1,Pomorskie,NA,Pomorskie,Wojew√≥dztwo,Province|Voivodeship,22,NA,NA,NA,NA,NA,Pomorskie,Pomerania,Pomorskie,PL-22,iso3166-2,NA,NA,NA,0.35499048640807385,0.6437616399435856,0.32295514306092127,0.5412957828273464
PL,POL,Poland,POL.12_1,POL.12_1,≈ölƒÖskie,NA,≈ölƒÖskie,Wojew√≥dztwo,Province|Voivodeship,24,NA,NA,NA,NA,NA,Śląskie,Silesia,Śląskie,PL-24,iso3166-2,NA,NA,NA,0.44723299055095417,0.5116699078038123,0.32295514306092127,0.5412957828273464
PL,POL,Poland,POL.13_1,POL.13_1,≈öwiƒôtokrzyskie,NA,≈öwiƒôtokrzyskie,Wojew√≥dztwo,Province|Voivodeship,26,NA,NA,NA,NA,NA,Świętokrzyskie,Holy Cross,Świętokrzyskie,PL-26,iso3166-2,NA,NA,NA,0.3907728491694717,0.5400631034884458,0.32295514306092127,0.5412957828273464
PL,POL,Poland,POL.14_1,POL.14_1,Warmi≈Ñsko-Mazurskie,NA,Warmi≈Ñsko-Mazurskie,Wojew√≥dztwo,Province|Voivodeship,28,NA,NA,NA,NA,NA,Warmińsko-mazurskie,Warmia-Masuria,Warmińsko-mazurskie,PL-28,iso3166-2,NA,NA,NA,0.3989759012507901,0.5860051920966024,0.32295514306092127,0.5412957828273464
PL,POL,Poland,POL.15_1,POL.15_1,Wielkopolskie,NA,Wielkopolskie,Wojew√≥dztwo,Province|Voivodeship,30,NA,NA,NA,NA,NA,Wielkopolskie,Greater Poland,Wielkopolskie,PL-30,iso3166-2,NA,NA,NA,0.3583931851249408,0.6558029609955915,0.32295514306092127,0.5412957828273464
PL,POL,Poland,POL.16_1,POL.16_1,Zachodniopomorskie,NA,Zachodniopomorskie,Wojew√≥dztwo,Province|Voivodeship,32,NA,NA,NA,NA,NA,Zachodniopomorskie,West Pomerania,Zachodniopomorskie,PL-32,iso3166-2,NA,NA,NA,0.42657716960636394,0.6249507194965414,0.32295514306092127,0.5412957828273464
PS,PSE,Palestina,PSE.2.1_1,PSE.2.1_1,Bethlehem,NA,NA,Governorate,Governorate,NA,PS.WE.BL,NA,NA,NA,NA,Bethlehem,Bayt Laḩm, بيت لحم,PS-BTH,iso3166-2,NA,NA,NA,0.3340739311713688,0.44825001513034246,0.2883851944974895,0.287589445111458
PS,PSE,Palestina,PSE.1.1_1,PSE.1.1_1,Deir Al-Balah,NA,NA,Governorate,Governorate,NA,PS.GZ.DB,NA,NA,NA,NA,Deir El Balah,Dayr al Balaḩ,دير البلح,PS-DEB,iso3166-2,NA,NA,NA,0.3938469361550742,0.29273673131994304,0.2883851944974895,0.287589445111458
PS,PSE,Palestina,PSE.1.2_1,PSE.1.2_1,Gaza,NA,NA,Governorate,Governorate,NA,PS.GZ.GZ,NA,NA,NA,NA,Gaza,Ghazzah,غزة,PS-GZA,iso3166-2,NA,NA,NA,0.3898178309153849,0.3400559753201698,0.2883851944974895,0.287589445111458
PS,PSE,Palestina,PSE.2.2_1,PSE.2.2_1,Hebron,NA,NA,Governorate,Governorate,NA,PS.WE.HE,NA,NA,NA,NA,Hebron,Al Khalīl,الخليل,PS-HBN,iso3166-2,NA,NA,NA,0.3297641455118557,0.47116944718747056,0.2883851944974895,0.287589445111458
PS,PSE,Palestina,PSE.2.3_1,PSE.2.3_1,Jenin,NA,NA,Governorate,Governorate,NA,PS.WE.JN,NA,NA,NA,NA,Jenin,Janīn,جنين,PS-JEN,iso3166-2,NA,NA,NA,0.4117101189342239,0.38720035237689165,0.2883851944974895,0.287589445111458
PS,PSE,Palestina,PSE.2.4_1,PSE.2.4_1,Jericho,NA,NA,Governorate,Governorate,NA,PS.WE.JC,NA,NA,NA,NA,Jericho and Al Aghwar,Arīḩā wal Aghwār,أريحا,PS-JRH,iso3166-2,NA,NA,NA,0.2901862801325681,0.3612485531946821,0.2883851944974895,0.287589445111458
PS,PSE,Palestina,PSE.2.5_1,PSE.2.5_1,Jerusalem,NA,NA,Governorate,Governorate,NA,PS.WE.JS,NA,NA,NA,NA,Jerusalem,Al Quds, القدس,PS-JEM,iso3166-2,NA,NA,NA,0.35943137044110374,0.339887507529091,0.2883851944974895,0.287589445111458
PS,PSE,Palestina,PSE.1.4_1,PSE.1.4_1,Khan Yunis,NA,NA,Governorate,Governorate,NA,PS.GZ.KY,NA,NA,NA,NA,Khan Yunis,Khān Yūnis,خان يونس,PS-KYS,iso3166-2,NA,NA,NA,0.3652526802264919,0.36292463121232016,0.2883851944974895,0.287589445111458
PS,PSE,Palestina,PSE.2.6_1,PSE.2.6_1,Nablus,Nabulus,NA,Governorate,Governorate,NA,PS.WE.NA,NA,NA,NA,NA,Nablus,Nāblus,نابلس,PS-NBS,iso3166-2,NA,NA,NA,0.4395905875648586,0.44072289048146773,0.2883851944974895,0.287589445111458
PS,PSE,Palestina,PSE.1.3_1,PSE.1.3_1,Gaza ash Shamaliyah,North Gaza,NA,Governorate,Governorate,NA,PS.GZ.GS,NA,NA,NA,NA,North Gaza,Shamāl Ghazzah,شمال غزة,PS-NGZ,iso3166-2,NA,NA,NA,0.3451573759180737,0.3121988734684668,0.2883851944974895,0.287589445111458
PS,PSE,Palestina,PSE.2.7_1,PSE.2.7_1,Qalqilya,NA,NA,Governorate,Governorate,NA,PS.WE.QA,NA,NA,NA,NA,Qalqilya,Qalqīlyah,قلقيلية,PS-QQA,iso3166-2,NA,NA,NA,0.4280322177272263,0.4137457176871887,0.2883851944974895,0.287589445111458
PS,PSE,Palestina,PSE.1.5_1,PSE.1.5_1,Rafah,NA,NA,Governorate,Governorate,NA,PS.GZ.RA,NA,NA,NA,NA,Rafah,Rafaḩ, رفح,PS-RFH,iso3166-2,NA,NA,NA,0.4111765279242185,0.369512208977279,0.2883851944974895,0.287589445111458
PS,PSE,Palestina,PSE.2.8_1,PSE.2.8_1,Ramallah and Al-Bireh,NA,NA,Governorate,Governorate,NA,PS.WE.RB,NA,NA,NA,NA,Ramallah,Rām Allāh wal Bīrah,رام الله والبيرة,PS-RBH,iso3166-2,NA,NA,NA,0.3812227054069889,0.31422625305607105,0.2883851944974895,0.287589445111458
PS,PSE,Palestina,PSE.2.9_1,PSE.2.9_1,Salfit,NA,NA,Governorate,Governorate,NA,PS.WE.SA,NA,NA,NA,NA,Salfit,Salfīt,سلفيت,PS-SLT,iso3166-2,NA,NA,NA,0.3712874618165699,0.4483491750886469,0.2883851944974895,0.287589445111458
PS,PSE,Palestina,PSE.2.10_1,PSE.2.10_1,Tubas,NA,NA,Governorate,Governorate,NA,PS.WE.TB,NA,NA,NA,NA,Tubas,Ţūbās,طوباس,PS-TBS,iso3166-2,NA,NA,NA,0.4311982322263386,0.4835815089621727,0.2883851944974895,0.287589445111458
PS,PSE,Palestina,PSE.2.11_1,PSE.2.11_1,Tulkarm,NA,NA,Governorate,Governorate,NA,PS.WE.TL,NA,NA,NA,NA,Tulkarm,Ţūlkarm,طولكرم,PS-TKM,iso3166-2,NA,NA,NA,0.42383862748371653,0.4468154098420742,0.2883851944974895,0.287589445111458
PT,PRT,Portugal,NA,PT18,NA,NA,NA,NA,NA,NA,NA,NA,NA,NA,NA,Alentejo,NA,Alentejo,PT18,nuts2,NA,NA,NA,0.5722065231738963,0.7069891223290161,0.48845762246981295,0.6290843607954303
PT,PRT,Portugal,NA,PT15,NA,NA,NA,NA,NA,NA,NA,NA,NA,NA,NA,Algarve,NA,Algarve,PT15,nuts2,NA,NA,NA,0.5238106332653751,0.592299118685143,0.48845762246981295,0.6290843607954303
PT,PRT,Portugal,NA,PT16,NA,NA,NA,NA,NA,NA,NA,NA,NA,NA,NA,Centre,NA,Centre,PT16,nuts2,NA,NA,NA,0.5747556989988716,0.6213971220776818,0.48845762246981295,0.6290843607954303
PT,PRT,Portugal,NA,PT17,NA,NA,NA,NA,NA,NA,NA,NA,NA,NA,NA,Lisbon a Tagus Val,NA,Lisboa a Tagus Val,PT17,nuts2,NA,NA,NA,0.5613126388867243,0.6710506266767923,0.48845762246981295,0.6290843607954303
PT,PRT,Portugal,NA,PT11,NA,NA,NA,NA,NA,NA,NA,NA,NA,NA,NA,North,NA,North,PT11,nuts2,NA,NA,NA,0.4775942029421476,0.6502945448087203,0.48845762246981295,0.6290843607954303
PT,PRT,Portugal,NA,PT30,NA,NA,NA,NA,NA,NA,NA,NA,NA,NA,NA,Região Autónoma da Madeira,NA,Região Autónoma da Madeira,PT30,nuts2,NA,NA,NA,0.5704337005014366,0.6205952843248635,0.48845762246981295,0.6290843607954303
PT,PRT,Portugal,NA,PT20,NA,NA,NA,NA,NA,NA,NA,NA,NA,NA,NA,Região Autónoma dos Açores,NA,Região Autónoma dos Açores,PT20,nuts2,NA,NA,NA,0.5358954654425915,0.6642629124043419,0.48845762246981295,0.6290843607954303
PY,PRY,Paraguay,PRY.1_1,PRY.1_1,Alto Paraguay,NA,Alto Paraguay,Departamento,Department,NA,PY.AG,NA,NA,NA,NA,Alto Paraguay,NA,Alto Paraguay,PY-16,iso3166-2,NA,NA,NA,0.6698058754660839,0.6450346022222692,0.5695080813463163,0.5820376207453961
PY,PRY,Paraguay,PRY.2_1,PRY.2_1,Alto Paran√°,NA,Alto Paran√°,Departamento,Department,NA,PY.AA,NA,NA,NA,NA,Alto Paraná,NA,Alto Paraná,PY-10,iso3166-2,NA,NA,NA,0.5839392335455399,0.5963597858530316,0.5695080813463163,0.5820376207453961
PY,PRY,Paraguay,PRY.3_1,PRY.3_1,Amambay,NA,Amambay,Departamento,Department,NA,PY.AM,NA,NA,NA,NA,Amambay,NA,Amambay,PY-13,iso3166-2,NA,NA,NA,0.5474355419987158,0.5971497539609464,0.5695080813463163,0.5820376207453961
PY,PRY,Paraguay,PRY.4_1,PRY.4_1,Asunci√≥n,NA,Asunci√≥n,Distrito Capital,Capital District,NA,PY.AS,NA,NA,NA,NA,Asunción,NA,Asunción,PY-ASU,iso3166-2,NA,NA,NA,NA,NA,0.5695080813463163,0.5820376207453961
PY,PRY,Paraguay,PRY.5_1,PRY.5_1,Boquer√≥n,NA,Boquer√≥n,Departamento,Department,NA,PY.BQ,NA,NA,NA,NA,Boquerón,NA,Boquerón,PY-19,iso3166-2,NA,NA,NA,0.5387851394385528,0.48778735157856185,0.5695080813463163,0.5820376207453961
PY,PRY,Paraguay,PRY.6_1,PRY.6_1,Caaguaz√∫,NA,Caaguaz√∫,Departamento,Department,NA,PY.CG,NA,NA,NA,NA,Caaguazú,NA,Caaguazú,PY-5,iso3166-2,NA,NA,NA,0.6345214345843909,0.5567380555220303,0.5695080813463163,0.5820376207453961
PY,PRY,Paraguay,PRY.7_1,PRY.7_1,Caazap√°,NA,Caazap√°,Departamento,Department,NA,PY.CZ,NA,NA,NA,NA,Caazapá,NA,Caazapá,PY-6,iso3166-2,NA,NA,NA,0.6151859299419792,0.5324773186431911,0.5695080813463163,0.5820376207453961
PY,PRY,Paraguay,PRY.8_1,PRY.8_1,Canindey√∫,NA,Canindey√∫,Departamento,Department,NA,PY.CY,NA,NA,NA,NA,Canindeyú,NA,Canindeyú,PY-14,iso3166-2,NA,NA,NA,0.6032655794575428,0.5709647095532653,0.5695080813463163,0.5820376207453961
PY,PRY,Paraguay,PRY.9_1,PRY.9_1,Central,NA,Central,Departamento,Department,NA,PY.CE,NA,NA,NA,NA,Central,NA,Central,PY-11,iso3166-2,NA,NA,NA,0.6079320706002022,0.6415323742478313,0.5695080813463163,0.5820376207453961
PY,PRY,Paraguay,PRY.10_1,PRY.10_1,Concepci√≥n,NA,Concepci√≥n,Departamento,Department,NA,PY.CN,NA,NA,NA,NA,Concepción,NA,Concepción,PY-1,iso3166-2,NA,NA,NA,0.6046729861043061,0.6119497965775277,0.5695080813463163,0.5820376207453961
PY,PRY,Paraguay,PRY.11_1,PRY.11_1,Cordillera,NA,Cordillera,Departamento,Department,NA,PY.CR,NA,NA,NA,NA,Cordillera,NA,Cordillera,PY-3,iso3166-2,NA,NA,NA,0.5678468811508652,0.6631469496944324,0.5695080813463163,0.5820376207453961
PY,PRY,Paraguay,PRY.12_1,PRY.12_1,Guair√°,NA,Guair√°,Departamento,Department,NA,PY.GU,NA,NA,NA,NA,Guairá,NA,Guairá,PY-4,iso3166-2,NA,NA,NA,0.5672765279184268,0.550720481887896,0.5695080813463163,0.5820376207453961
PY,PRY,Paraguay,PRY.13_1,PRY.13_1,Itap√∫a,NA,Itap√∫a,Departamento,Department,NA,PY.IT,NA,NA,NA,NA,Itapúa,NA,Itapúa,PY-7,iso3166-2,NA,NA,NA,0.6132987845308561,0.6183835736792613,0.5695080813463163,0.5820376207453961
PY,PRY,Paraguay,PRY.14_1,PRY.14_1,Misiones,NA,Misiones,Departamento,Department,NA,PY.MI,NA,NA,NA,NA,Misiones,NA,Misiones,PY-8,iso3166-2,NA,NA,NA,0.5613430757581795,0.6400489012790431,0.5695080813463163,0.5820376207453961
PY,PRY,Paraguay,PRY.15_1,PRY.15_1,√ëeembuc√∫,NA,√ëeembuc√∫,Departamento,Department,NA,PY.NE,NA,NA,NA,NA,Ñeembucú,NA,Ñeembucú,PY-12,iso3166-2,NA,NA,NA,0.6321599940646259,0.5556701913405223,0.5695080813463163,0.5820376207453961
PY,PRY,Paraguay,PRY.16_1,PRY.16_1,Paraguar√≠,NA,Paraguar√≠,Departamento,Department,NA,PY.PG,NA,NA,NA,NA,Paraguarí,NA,Paraguarí,PY-9,iso3166-2,NA,NA,NA,0.6389099609493644,0.5609286300610442,0.5695080813463163,0.5820376207453961
PY,PRY,Paraguay,PRY.17_1,PRY.17_1,Presidente Hayes,NA,Presidente Hayes,Departamento,Department,NA,PY.PH,NA,NA,NA,NA,Presidente Hayes,NA,Presidente Hayes,PY-15,iso3166-2,NA,NA,NA,0.6165640503038973,0.6883516507440351,0.5695080813463163,0.5820376207453961
PY,PRY,Paraguay,PRY.18_1,PRY.18_1,San Pedro,NA,San Pedro,Departamento,Department,NA,PY.SP,NA,NA,NA,NA,San Pedro,NA,San Pedro,PY-2,iso3166-2,NA,NA,NA,0.5970199425664323,0.573082956057553,0.5695080813463163,0.5820376207453961
RO,ROU,Romania,NA,RO32,NA,NA,NA,NA,NA,NA,NA,NA,NA,NA,NA,București-Ilfov,NA,București-Ilfov,RO32,nuts2,NA,NA,NA,0.46241396921683575,0.6276058229167275,0.3801595233970994,0.5374635536406623
RO,ROU,Romania,NA,RO12,NA,NA,NA,NA,NA,NA,NA,NA,NA,NA,NA,Centru,NA,Centru,RO12,nuts2,NA,NA,NA,0.41940418966335985,0.48164043802466916,0.3801595233970994,0.5374635536406623
RO,ROU,Romania,NA,RO21,NA,NA,NA,NA,NA,NA,NA,NA,NA,NA,NA,Nord-Est,NA,Nord-Est,RO21,nuts2,NA,NA,NA,0.4500100697444976,0.4749915322460805,0.3801595233970994,0.5374635536406623
RO,ROU,Romania,NA,RO11,NA,NA,NA,NA,NA,NA,NA,NA,NA,NA,NA,Nord-Vest,NA,Nord-Vest,RO11,nuts2,NA,NA,NA,0.40140324729315885,0.5566657267113528,0.3801595233970994,0.5374635536406623
RO,ROU,Romania,NA,RO22,NA,NA,NA,NA,NA,NA,NA,NA,NA,NA,NA,Sud-Est,NA,Sud-Est,RO22,nuts2,NA,NA,NA,0.4750075467474587,0.5847115480562781,0.3801595233970994,0.5374635536406623
RO,ROU,Romania,NA,RO31,NA,NA,NA,NA,NA,NA,NA,NA,NA,NA,NA,Sud-Muntenia,NA,Sud-Muntenia,RO31,nuts2,NA,NA,NA,0.45315422039690706,0.6013308009806211,0.3801595233970994,0.5374635536406623
RO,ROU,Romania,NA,RO41,NA,NA,NA,NA,NA,NA,NA,NA,NA,NA,NA,Sud-Vest Oltenia,NA,Sud-Vest Oltenia,RO41,nuts2,NA,NA,NA,0.48051702804381285,0.6014763656528361,0.3801595233970994,0.5374635536406623
RO,ROU,Romania,NA,RO42,NA,NA,NA,NA,NA,NA,NA,NA,NA,NA,NA,Vest,NA,Vest,RO42,nuts2,NA,NA,NA,0.44270108432133504,0.5331113990384798,0.3801595233970994,0.5374635536406623
RS,SRB,Serbia,NA,RS-BEL,NA,NA,NA,NA,NA,NA,NA,NA,NA,NA,NA,Belgrade,NA,Београд,RS-BEL,ypccc,NA,NA,NA,0.5432655710764277,0.539800997079147,0.5150864033296172,0.515859214896639
XK,XKO,Kosovo,NA,XK,NA,NA,NA,NA,NA,NA,NA,NA,NA,NA,NA,Kosovo and Metohija,NA,Аутономна Покрајина Косово и Метохиja,XK,ypccc,22-Feb,RS-KOS,NA,NA,NA,NA,NA
RS,SRB,Serbia,NA,RS-SES,NA,NA,NA,NA,NA,NA,NA,NA,NA,NA,NA,Southern and Eastern Serbia,NA, Јужна и источна Србија,RS-SES,ypccc,NA,NA,NA,0.5994053381600062,0.6268245617564444,0.5150864033296172,0.515859214896639
RS,SRB,Serbia,NA,RS-SWS,NA,NA,NA,NA,NA,NA,NA,NA,NA,NA,NA,Šumadija and Western Serbia,NA,Шумадија и западна Србија,RS-SWS,ypccc,NA,NA,NA,0.5580420085308427,0.5430669124304319,0.5150864033296172,0.515859214896639
RS,SRB,Serbia,NA,RS-VOJ,NA,NA,NA,NA,NA,NA,NA,NA,NA,NA,NA,Vojvodina,NA,Војводина,RS-VOJ,ypccc,NA,NA,NA,0.5417779073191898,0.541330964150619,0.5150864033296172,0.515859214896639
RU,RUS,Russia,RUS.1_1,RUS.1_1,Adygey,Adygea|Adygeya|Adygheya|Republic of Adygeya|Adygeyskaya A.Obl.|Respublika Adygeya,Adygey,Respublika,Republic,NA,RU.AD,NA,NA,NA,NA,"Adygeya, Respublika",NA,Республика Адыгея,RU-AD,iso3166-2,NA,NA,NA,0.46308203090898037,0.4605308545227756,0.3680525497453094,0.30745427639165146
RU,RUS,Russia,RUS.16_1,RUS.16_1,Gorno-Altay,Gorno-Altayskaya A.Obl.|Respublika Altay|Oirot|Republic of Altai,Gorno-Altay,Respublika,Republic,NA,RU.GA,NA,NA,NA,NA,"Altay, Respublika",NA,Республика Алтай,RU-AL,iso3166-2,NA,NA,NA,0.30188799044147036,0.22802216288149654,0.3680525497453094,0.30745427639165146
RU,RUS,Russia,RUS.2_1,RUS.2_1,Altay,Altayskiy Kray,Altay,Kray,Territory,NA,RU.AL,NA,NA,NA,NA,Altayskiy kray,NA,Алтайский край,RU-ALT,iso3166-2,NA,NA,NA,0.42399779569695384,0.39285714533469746,0.3680525497453094,0.30745427639165146
RU,RUS,Russia,RUS.3_1,RUS.3_1,Amur,Amurskaya Oblast,Amur,Oblast,Region,NA,RU.AM,NA,NA,NA,NA,Amurskaya oblast',NA,Амурская область,RU-AMU,iso3166-2,NA,NA,NA,0.41060657053539756,0.40277460898037326,0.3680525497453094,0.30745427639165146
RU,RUS,Russia,RUS.4_1,RUS.4_1,Arkhangel'sk,Arcangelo|Archangel|Archangelsk|Arkhangelskaya Oblast,Arkhangel'sk,Oblast,Region,NA,RU.AR,NA,NA,NA,NA,Arkhangel'skaya oblast',NA,Архангельская область,RU-ARK,iso3166-2,NA,NA,NA,0.43913044741619855,0.4315351689283424,0.3680525497453094,0.30745427639165146
RU,RUS,Russia,RUS.5_1,RUS.5_1,Astrakhan',Astrachan|Astrakhanskaya Oblast,Astrakhan',Oblast,Region,NA,RU.AS,NA,NA,NA,NA,Astrakhanskaya oblast',NA,Астраханская область,RU-AST,iso3166-2,NA,NA,NA,0.43199838583578,0.44068597272390436,0.3680525497453094,0.30745427639165146
RU,RUS,Russia,RUS.6_1,RUS.6_1,Bashkortostan,Bashkir|Bashkiriya|Bashkirskaya A.S.S.R.|Republic of Bashkortostan|Respublika Bashkortostan,Bashkortostan,Respublika,Republic,NA,RU.BK,NA,NA,NA,NA,"Bashkortostan, Respublika",NA,Республика Башкортостан,RU-BA,iso3166-2,NA,NA,NA,0.4240915103010636,0.3856556597591691,0.3680525497453094,0.30745427639165146
RU,RUS,Russia,RUS.7_1,RUS.7_1,Belgorod,Belgorodskaya Oblast,Belgorod,Oblast,Region,NA,RU.BL,NA,NA,NA,NA,Belgorodskaya oblast',NA,Белгородская область,RU-BEL,iso3166-2,NA,NA,NA,0.4523722894479628,0.401829078578488,0.3680525497453094,0.30745427639165146
RU,RUS,Russia,RUS.8_1,RUS.8_1,Bryansk,Bryanskaya Oblast,Bryansk,Oblast,Region,NA,RU.BR,NA,NA,NA,1,Bryanskaya oblast',NA,Брянская область,RU-BRY,iso3166-2,NA,NA,NA,0.42370182173375726,0.2831926658968843,0.3680525497453094,0.30745427639165146
RU,RUS,Russia,RUS.9_1,RUS.9_1,Buryat,Buryatiya|Buryat-Mongol A.S.S.R.|Republic of Buryatia|Buryatskaya A.S.S.R.|Respublika,Buryat,Respublika,Republic,NA,RU.BU,NA,NA,NA,NA,"Buryatiya, Respublika",NA,Республика Бурятия,RU-BU,iso3166-2,NA,NA,NA,0.3773548828851298,0.43950361684032896,0.3680525497453094,0.30745427639165146
RU,RUS,Russia,RUS.10_1,RUS.10_1,Chechnya,Cecenia|Chechenia|Chech√™nia|Tchetchnia|Chechen-Ingush A.S.S.R.|Checheno-Ingushetia|Checheno-Ingushetia,Chechnya,Respublika,Republic,NA,RU.CN,NA,NA,NA,NA,Chechenskaya Respublika,NA,Чеченская Республика,RU-CE,iso3166-2,NA,NA,NA,0.4431470690307836,0.3590298222465342,0.3680525497453094,0.30745427639165146
RU,RUS,Russia,RUS.11_1,RUS.11_1,Chelyabinsk,Chelyabinskaya Oblast,Chelyabinsk,Oblast,Region,NA,RU.CL,NA,NA,NA,NA,Chelyabinskaya oblast',NA,Челябинская область,RU-CHE,iso3166-2,NA,NA,NA,0.44095768255366086,0.35762266527445125,0.3680525497453094,0.30745427639165146
RU,RUS,Russia,RUS.12_1,RUS.12_1,Chukot,Chukotka|Chukotskiy Aok,Chukot,Avtonomnyy Okrug,Autonomous Province,7001,RU.CK,NA,NA,NA,NA,Chukotskiy avtonomnyy okrug,NA,Чукотский автономный округ,RU-CHU,iso3166-2,NA,NA,NA,0.32925288324544727,0.25545676374545656,0.3680525497453094,0.30745427639165146
RU,RUS,Russia,RUS.13_1,RUS.13_1,Chuvash,Chuvashskaya A.S.S.R.|Chuvashskaya Respublika|Chuvashiya|Chuvash Republic,Chuvash,Respublika,Republic,NA,RU.CV,NA,NA,NA,NA,Chuvashskaya Respublika,NA,Чувашская Республика — Чувашия,RU-CU,iso3166-2,NA,NA,NA,0.4902800322068618,0.339301223538366,0.3680525497453094,0.30745427639165146
RU,RUS,Russia,RUS.15_1,RUS.15_1,Dagestan,Dagestanskaya A.S.S.R.|Daghestan|Republic of Dagestan|Respublika Dagestan|Dagistan,Dagestan,Respublika,Republic,NA,RU.DA,NA,NA,NA,NA,"Dagestan, Respublika",NA,Республика Дагестан,RU-DA,iso3166-2,NA,NA,NA,0.426874844616671,0.45806503235444096,0.3680525497453094,0.30745427639165146
RU,RUS,Russia,RUS.17_1,RUS.17_1,Ingush,Ingouchie|Inguch√©tia|Inguschetien|Ingushetia|Ingushetiya|Ingush Republic|Ingushskaya Respublika|Respublika Ingushetiya,Ingush,Respublika,Republic,4201,RU.IN,NA,NA,NA,NA,"Ingushetiya, Respublika",NA,Республика Ингушетия,RU-IN,iso3166-2,NA,NA,NA,0.32577523841872447,0.25955762193253984,0.3680525497453094,0.30745427639165146
RU,RUS,Russia,RUS.18_1,RUS.18_1,Irkutsk,Irkutskaya Oblast,Irkutsk,Oblast,Region,NA,RU.IK,NA,NA,NA,NA,Irkutskaya oblast',NA,Иркутская область,RU-IRK,iso3166-2,NA,NA,NA,0.45639053891823456,0.4045096017073733,0.3680525497453094,0.30745427639165146
RU,RUS,Russia,RUS.19_1,RUS.19_1,Ivanovo,Ivanovskaya Oblast,Ivanovo,Oblast,Region,NA,RU.IV,NA,NA,NA,NA,Ivanovskaya oblast',NA,Ивановская область,RU-IVA,iso3166-2,NA,NA,NA,0.41409105899986853,0.3967157774251123,0.3680525497453094,0.30745427639165146
RU,RUS,Russia,RUS.20_1,RUS.20_1,Kabardin-Balkar,Kabardin A.S.S.R.|Kabardino-Balkarskaya A.S.S.R.|Kabardino-Balkariya|Kabardino-Balkarsk|Kabard|Kabardino-Balkarskaya Republic,Kabardin-Balkar,Respublika,Republic,NA,RU.KB,NA,NA,NA,NA,Kabardino-Balkarskaya Respublika,NA,Кабардино-Балкарская Республика,RU-KB,iso3166-2,NA,NA,NA,0.46724245249827107,0.4158002232871976,0.3680525497453094,0.30745427639165146
RU,RUS,Russia,RUS.21_1,RUS.21_1,Kaliningrad,Kaliningradskaya Oblast,Kaliningrad,Oblast,Region,NA,RU.KN,NA,NA,NA,NA,Kaliningradskaya oblast',NA,Калининградская,RU-KGD,iso3166-2,NA,NA,NA,0.3757829385715738,0.3184210117147068,0.3680525497453094,0.30745427639165146
RU,RUS,Russia,RUS.22_1,RUS.22_1,Kalmyk,Kalmykiya|Khalmg Tangch|Republic of Kalmykia|Kalmytskaya A.S.S.R.|Respublika Kalmykiya,Kalmyk,Respublika,Republic,NA,RU.KL,NA,NA,NA,NA,"Kalmykiya, Respublika",NA,Республика Калмыкия,RU-KL,iso3166-2,NA,NA,NA,0.5257618469063301,0.5170410682271754,0.3680525497453094,0.30745427639165146
RU,RUS,Russia,RUS.23_1,RUS.23_1,Kaluga,Kaluzhskaya Oblast,Kaluga,Oblast,Region,NA,RU.KG,NA,NA,NA,NA,Kaluzhskaya oblast',NA,Калужская область,RU-KLU,iso3166-2,NA,NA,NA,0.41479127181117514,0.3330596902913819,0.3680525497453094,0.30745427639165146
RU,RUS,Russia,RUS.24_1,RUS.24_1,Kamchatka,Kam√ßatka|Kamchatskaya Kray,Kamchatka,Kray,Territory,NA,RU.KQ,NA,NA,NA,NA,Kamchatskiy kray,NA,Камчатский край,RU-KAM,iso3166-2,NA,NA,NA,0.3676996766673187,0.3164661663122488,0.3680525497453094,0.30745427639165146
RU,RUS,Russia,RUS.25_1,RUS.25_1,Karachay-Cherkess,Kara√ßay-√áerkes|Karachay-Cherkessiya|Karachayevo-Cherkesskaya Respublika|Karachayevo-Cherkessiya|Karachayevo-Cherkess Republic|K,Karachay-Cherkess,Respublika,Republic,NA,RU.KC,NA,NA,NA,NA,Karachayevo-Cherkesskaya Respublika,NA,Карачаево-Черкесская Республика,RU-KC,iso3166-2,NA,NA,NA,0.4724601598864353,0.44361250161645194,0.3680525497453094,0.30745427639165146
RU,RUS,Russia,RUS.26_1,RUS.26_1,Karelia,Karelian A.S.S.R.|Karelo-Finnish A.S.S.R.|Karel'skaya A.S.S.R.|Olonets|Olonetskaya G.|Kareliya|Republic of Karelia,Karelia,Respublika,Republic,NA,RU.KI,NA,NA,NA,NA,"Kareliya, Respublika",NA,Республика Карелия,RU-KR,iso3166-2,NA,NA,NA,0.4941814188910969,0.46988696900118004,0.3680525497453094,0.30745427639165146
RU,RUS,Russia,RUS.27_1,RUS.27_1,Kemerovo,Kemerovskaya Oblast,Kemerovo,Oblast,Region,NA,RU.KE,NA,NA,NA,NA,Kemerovskaya oblast',NA,Кемеровская область,RU-KEM,iso3166-2,NA,NA,NA,0.4488184064518511,0.40516741158961084,0.3680525497453094,0.30745427639165146
RU,RUS,Russia,RUS.28_1,RUS.28_1,Khabarovsk,Khabarovskiy Kray,Khabarovsk,Kray,Territory,NA,RU.KH,NA,NA,NA,NA,Khabarovskiy kray,NA,Хабаровский край,RU-KHA,iso3166-2,NA,NA,NA,0.3586200698867201,0.4699466668846561,0.3680525497453094,0.30745427639165146
RU,RUS,Russia,RUS.29_1,RUS.29_1,Khakass,Khakassiya|Republic of Khakasia|Khakasskaya A.Obl.|Respublika Khakasiya|Republic of Khakasia,Khakass,Respublika,Republic,NA,RU.KK,NA,NA,NA,NA,"Khakasiya, Respublika",NA,Республика Хакасия,RU-KK,iso3166-2,NA,NA,NA,0.4763817413479443,0.43716402440932745,0.3680525497453094,0.30745427639165146
RU,RUS,Russia,RUS.30_1,RUS.30_1,Khanty-Mansiy,Khanty-Mansiysk|Khanty-Mansiyskiy A.Okr.|Khanty-Mansiyskiy A.Okr.-Yugra|Khanty-Mansiyskiy Aok,Khanty-Mansiy,Avtonomnyy Okrug,Autonomous Province,NA,RU.KM,NA,NA,NA,NA,Khanty-Mansiyskiy avtonomnyy okrug,NA,Ханты-Мансийский автономный округ — Югра,RU-KHM,iso3166-2,NA,NA,NA,0.4364260146318326,0.3958646229684879,0.3680525497453094,0.30745427639165146
RU,RUS,Russia,RUS.31_1,RUS.31_1,Kirov,Vyatka|Vyatskaya G.|Kirovskaya Oblast,Kirov,Oblast,Region,NA,RU.KV,NA,NA,NA,NA,Kirovskaya oblast',NA,Ки́ровская о́бласть,RU-KIR,iso3166-2,NA,NA,NA,0.44764968792996573,0.44780034607178854,0.3680525497453094,0.30745427639165146
RU,RUS,Russia,RUS.32_1,RUS.32_1,Komi,Komi A.S.S.R.|Republic of Komi|Respublika Komi,Komi,Respublika,Republic,NA,RU.KO,NA,NA,NA,NA,"Komi, Respublika",NA,Республика Коми,RU-KO,iso3166-2,NA,NA,NA,0.4200053177983594,0.45137627628090304,0.3680525497453094,0.30745427639165146
RU,RUS,Russia,RUS.33_1,RUS.33_1,Kostroma,Kostromskaya Oblast,Kostroma,Oblast,Region,NA,RU.KT,NA,NA,NA,NA,Kostromskaya oblast',NA,Костромская область,RU-KOS,iso3166-2,NA,NA,NA,0.48163136986864746,0.44380319886095776,0.3680525497453094,0.30745427639165146
RU,RUS,Russia,RUS.34_1,RUS.34_1,Krasnodar,Cossacks of the Black Sea|Kuban|Kubanskaya|Yekaterinodar|Krasnodarskiy Kray,Krasnodar,Kray,Territory,NA,RU.KD,NA,NA,NA,NA,Krasnodarskiy kray,NA,Краснодарский край,RU-KDA,iso3166-2,NA,NA,NA,0.45055447879548416,0.4852395165943324,0.3680525497453094,0.30745427639165146
RU,RUS,Russia,RUS.35_1,RUS.35_1,Krasnoyarsk,Krasnoyarskiy Kray|Yeniseisk|Yeniseyskaya G.,Krasnoyarsk,Kray,Territory,6209,RU.KX,NA,NA,NA,NA,Krasnoyarskiy kray,NA,Красноярский край,RU-KYA,iso3166-2,NA,NA,NA,0.4368812547889287,0.37378214912106866,0.3680525497453094,0.30745427639165146
RU,RUS,Russia,RUS.36_1,RUS.36_1,Kurgan,Kurganskaya Oblast,Kurgan,Oblast,Region,NA,RU.KU,NA,NA,NA,NA,Kurganskaya oblast',NA,Курганская область,RU-KGN,iso3166-2,NA,NA,NA,0.4504926308224421,0.3194668405545559,0.3680525497453094,0.30745427639165146
RU,RUS,Russia,RUS.37_1,RUS.37_1,Kursk,Kurskaya Oblast,Kursk,Oblast,Region,NA,RU.KS,NA,NA,NA,NA,Kurskaya oblast',NA,Курская область,RU-KRS,iso3166-2,NA,NA,NA,0.3898851550010561,0.3481408825094293,0.3680525497453094,0.30745427639165146
RU,RUS,Russia,RUS.38_1,RUS.38_1,Leningrad,Saint Petersburg|Sankt-Peterburgskaya G.|Leningradskaya Oblast,Leningrad,Oblast,Region,NA,RU.LN,NA,NA,NA,NA,Leningradskaya oblast',NA,Ленинградская область,RU-LEN,iso3166-2,NA,NA,NA,0.41552252941841844,0.44765767424703634,0.3680525497453094,0.30745427639165146
RU,RUS,Russia,RUS.39_1,RUS.39_1,Lipetsk,Lipetskaya Oblast,Lipetsk,Oblast,Region,NA,RU.LP,NA,NA,NA,NA,Lipetskaya oblast',NA,Липецкая область,RU-LIP,iso3166-2,NA,NA,NA,0.4263970799295726,0.3054293797038448,0.3680525497453094,0.30745427639165146
RU,RUS,Russia,RUS.40_1,RUS.40_1,Maga Buryatdan,Magadanskaya Oblast,Maga Buryatdan,Oblast,Region,7009,RU.MG,NA,NA,NA,NA,Magadanskaya oblast',NA,Магаданская область,RU-MAG,iso3166-2,NA,NA,NA,0.40892048063256375,0.39643820431224935,0.3680525497453094,0.30745427639165146
RU,RUS,Russia,RUS.41_1,RUS.41_1,Mariy-El,Mari|Mari-El|Republic of Mari El|Mariyskaya A.S.S.R.|Respublika Mariy El,Mariy-El,Respublika,Republic,NA,RU.ME,NA,NA,NA,NA,"Mariy El, Respublika",NA,Республика Марий Эл,RU-ME,iso3166-2,NA,NA,NA,0.4285669286967161,0.3025970850137678,0.3680525497453094,0.30745427639165146
RU,RUS,Russia,RUS.42_1,RUS.42_1,Mordovia,Mordov|Mordvian Autonomous Republic|Mordvinia|Republic of Mordovia|Mordovian A.S.S.R.,Mordovia,Respublika,Republic,NA,RU.MR,NA,NA,NA,NA,"Mordoviya, Respublika",NA,Республика Мордовия,RU-MO,iso3166-2,NA,NA,NA,0.5304508125786191,0.5250943513287631,0.3680525497453094,0.30745427639165146
RU,RUS,Russia,RUS.44_1,RUS.44_1,Moskva,Mosca|Moscou|Moscow|Moskau|Moskova|Moskovskaya,Moskva,Oblast,Region,NA,RU.MS,NA,NA,NA,NA,Moskovskaya oblast',NA,Московская область,RU-MOS,iso3166-2,NA,NA,NA,0.4445833618928412,0.36691883050519736,0.3680525497453094,0.30745427639165146
RU,RUS,Russia,RUS.43_1,RUS.43_1,Moscow City,NA,Moscow City,Gorod,City,NA,NA,NA,NA,NA,NA,Moskva,NA,Mосква,RU-MOW,iso3166-2,NA,NA,NA,0.46739901636024134,0.36984018442613203,0.3680525497453094,0.30745427639165146
RU,RUS,Russia,RUS.45_1,RUS.45_1,Murmansk,Murmanskaya Oblast,Murmansk,Oblast,Region,NA,RU.MM,NA,NA,NA,NA,Murmanskaya oblast',NA,Мурманская область,RU-MUR,iso3166-2,NA,NA,NA,0.37967671635815764,0.3457190369723436,0.3680525497453094,0.30745427639165146
RU,RUS,Russia,RUS.46_1,RUS.46_1,Nenets,Nenetskiy A.Okr.|Nenetskiy Aok,Nenets,Avtonomnyy Okrug,Autonomous Province,NA,RU.NN,NA,NA,NA,NA,Nenetskiy avtonomnyy okrug,NA,Ненецкий автономный округ,RU-NEN,iso3166-2,NA,NA,NA,0.4103249940419456,0.3598432652188026,0.3680525497453094,0.30745427639165146
RU,RUS,Russia,RUS.47_1,RUS.47_1,Nizhegorod,Gor'kiy|Gor'kovskaya|Gorky|Nizhegorodskaya|Nizhniy-Novgorod|Nizhegorodskaya Oblast,Nizhegorod,Oblast,Region,NA,RU.NZ,NA,NA,NA,NA,Nizhegorodskaya oblast',NA,Нижегородская область,RU-NIZ,iso3166-2,NA,NA,NA,0.5245791785049158,0.3916212760884348,0.3680525497453094,0.30745427639165146
RU,RUS,Russia,RUS.49_1,RUS.49_1,Novgorod,Novgorodskaya Oblast,Novgorod,Oblast,Region,NA,RU.NG,NA,NA,NA,NA,Novgorodskaya oblast',NA,Новгородская область,RU-NGR,iso3166-2,NA,NA,NA,0.4404830577350808,0.39809892141807857,0.3680525497453094,0.30745427639165146
RU,RUS,Russia,RUS.50_1,RUS.50_1,Novosibirsk,Novosibirskaya Oblast,Novosibirsk,Oblast,Region,NA,RU.NS,NA,NA,NA,NA,Novosibirskaya oblast',NA,Новосибирская область,RU-NVS,iso3166-2,NA,NA,NA,0.4109052414718654,0.38762904319203256,0.3680525497453094,0.30745427639165146
RU,RUS,Russia,RUS.51_1,RUS.51_1,Omsk,Omskaya Oblast,Omsk,Oblast,Region,NA,RU.OM,NA,NA,NA,NA,Omskaya oblast',NA,Омская область,RU-OMS,iso3166-2,NA,NA,NA,0.4311321972246207,0.33028714368845147,0.3680525497453094,0.30745427639165146
RU,RUS,Russia,RUS.53_1,RUS.53_1,Orenburg,Chkalov|Orenburgskaya|Orenburgskaya Oblast,Orenburg,Oblast,Region,NA,RU.OB,NA,NA,NA,NA,Orenburgskaya oblast',NA,Оренбургская область,RU-ORE,iso3166-2,NA,NA,NA,0.45082146917265287,0.3441575669055353,0.3680525497453094,0.30745427639165146
RU,RUS,Russia,RUS.52_1,RUS.52_1,Orel,Orlovskaya|Or'ol|Oryol|Orlovskaya Oblast,Orel,Oblast,Region,NA,RU.OL,NA,NA,NA,NA,Orlovskaya oblast',NA,Орловская область,RU-ORL,iso3166-2,NA,NA,NA,0.3826476415696819,0.3910531347143318,0.3680525497453094,0.30745427639165146
RU,RUS,Russia,RUS.54_1,RUS.54_1,Penza,Penzenskaya Oblast,Penza,Oblast,Region,NA,RU.PZ,NA,NA,NA,NA,Penzenskaya oblast',NA,Пензенская область,RU-PNZ,iso3166-2,NA,NA,NA,0.47394699530408996,0.38895369000857427,0.3680525497453094,0.30745427639165146
RU,RUS,Russia,RUS.55_1,RUS.55_1,Perm',Molotov|Permskaya,Perm',Kray,Territory,NA,RU.PE,NA,NA,NA,NA,Permskiy kray,NA,Пермский край,RU-PER,iso3166-2,NA,NA,NA,0.4455665741804706,0.40273650333371136,0.3680525497453094,0.30745427639165146
RU,RUS,Russia,RUS.56_1,RUS.56_1,Primor'ye,K√ºsten-Gebiet|Maritime Territory|Primorsk|Primorskiy Kray,Primor'ye,Kray,Territory,NA,RU.PR,NA,NA,NA,NA,Primorskiy kray,NA,Приморский край,RU-PRI,iso3166-2,NA,NA,NA,0.4606502749961897,0.39722396175144237,0.3680525497453094,0.30745427639165146
RU,RUS,Russia,RUS.57_1,RUS.57_1,Pskov,Pskovskaya Oblast,Pskov,Oblast,Region,NA,RU.PS,NA,NA,NA,NA,Pskovskaya oblast',NA,Псковская область,RU-PSK,iso3166-2,NA,NA,NA,0.37443309425244614,0.36763613901226955,0.3680525497453094,0.30745427639165146
RU,RUS,Russia,RUS.58_1,RUS.58_1,Rostov,Province of the Don Cossacks|Provinz des Donischen Heeres|Voyska Donskovo|Rostovskaya Oblast,Rostov,Oblast,Region,NA,RU.RO,NA,NA,NA,NA,Rostovskaya oblast',NA,Ростовская область,RU-ROS,iso3166-2,NA,NA,NA,0.4914216109131064,0.3978167715308133,0.3680525497453094,0.30745427639165146
RU,RUS,Russia,RUS.59_1,RUS.59_1,Ryazan',Ryazanskaya Oblast|Ryazanskaya Oblast,Ryazan',Oblast,Region,NA,RU.RZ,NA,NA,NA,NA,Ryazanskaya oblast',NA,Рязанская область,RU-RYA,iso3166-2,NA,NA,NA,0.4568056026472384,0.3769689013418932,0.3680525497453094,0.30745427639165146
RU,RUS,Russia,RUS.60_1,RUS.60_1,Sakha,Republic of Sakha|Yakutia-Sakha|Yakutsk|Yakut A.S.S.R.|Yakutskaya A.S.S.R.|Respublika Sakha,Sakha,Respublika,Republic,NA,RU.SK,NA,NA,NA,NA,"Saha, Respublika",NA,Республика Саха (Якутия),RU-SA,iso3166-2,NA,NA,NA,0.42171649586624776,0.40578730815643393,0.3680525497453094,0.30745427639165146
RU,RUS,Russia,RUS.61_1,RUS.61_1,Sakhalin,Sakhalinskaya Oblast,Sakhalin,Oblast,Region,NA,RU.SL,NA,NA,NA,NA,Sakhalinskaya oblast',NA,Сахалинская область,RU-SAK,iso3166-2,NA,NA,NA,0.3706762883078129,0.3187560123449804,0.3680525497453094,0.30745427639165146
RU,RUS,Russia,RUS.62_1,RUS.62_1,Samara,Kuybyshev|Kuybyshevskaya|Samarskaya Oblast,Samara,Oblast,Region,NA,RU.SA,NA,NA,NA,NA,Samarskaya oblast',NA,Самарская область,RU-SAM,iso3166-2,NA,NA,NA,0.44225062500190754,0.43157327750745356,0.3680525497453094,0.30745427639165146
RU,RUS,Russia,RUS.14_1,RUS.14_1,City of St. Petersburg,Sankt-Peterburg gorsovet,City of St. Petersburg,Gorsovet,City,601,RU.SP,NA,NA,NA,NA,Sankt-Peterburg,NA,Санкт-Петербург,RU-SPE,iso3166-2,NA,NA,NA,0.39712644811597925,0.39579849498577924,0.3680525497453094,0.30745427639165146
RU,RUS,Russia,RUS.63_1,RUS.63_1,Saratov,Saratovskaya Oblast,Saratov,Oblast,Region,NA,RU.SR,NA,NA,NA,NA,Saratovskaya oblast',NA,Саратовская область,RU-SAR,iso3166-2,NA,NA,NA,0.43251992444015364,0.3809738688625398,0.3680525497453094,0.30745427639165146
RU,RUS,Russia,RUS.48_1,RUS.48_1,North Ossetia,Kuzey Osetya|Respublika Severnaya Osetiya|Severnaya Osetiya-Alaniya|North Ossetian A.S.S.R.|Republic of North Osetia-Alania,North Ossetia,Respublika,Republic,NA,RU.NO,NA,NA,NA,NA,"Severnaya Osetiya, Respublika",NA,Республика Северная Осетия — Алания,RU-SE,iso3166-2,NA,NA,NA,0.5207536074490088,0.5201104405257797,0.3680525497453094,0.30745427639165146
RU,RUS,Russia,RUS.64_1,RUS.64_1,Smolensk,Smolenskaya Oblast,Smolensk,Oblast,Region,NA,RU.SM,NA,NA,NA,NA,Smolenskaya oblast',NA,Смоленская область,RU-SMO,iso3166-2,NA,NA,NA,0.4616338344638531,0.38401101127838194,0.3680525497453094,0.30745427639165146
RU,RUS,Russia,RUS.65_1,RUS.65_1,Stavropol',Stavropol'skiy Kray|Stavropolskiy Kray,Stavropol',Kray,Territory,NA,RU.ST,NA,NA,NA,NA,Stavropol'skiy kray,NA,Ставропольский край,RU-STA,iso3166-2,NA,NA,NA,0.4917654769438962,0.4282986508475481,0.3680525497453094,0.30745427639165146
RU,RUS,Russia,RUS.66_1,RUS.66_1,Sverdlovsk,Yekaterinburg|Sverdlovskaya Oblast,Sverdlovsk,Oblast,Region,NA,RU.SV,NA,NA,NA,NA,Sverdlovskaya oblast',NA,Свердловская область,RU-SVE,iso3166-2,NA,NA,NA,0.44278730351371026,0.3880392401357245,0.3680525497453094,0.30745427639165146
RU,RUS,Russia,RUS.67_1,RUS.67_1,Tambov,Tambovskaya Oblast,Tambov,Oblast,Region,NA,RU.TB,NA,NA,NA,NA,Tambovskaya oblast',NA,Тамбовская область,RU-TAM,iso3166-2,NA,NA,NA,0.4289219325017371,0.3653442449114672,0.3680525497453094,0.30745427639165146
RU,RUS,Russia,RUS.68_1,RUS.68_1,Tatarstan,Kazan|Kazanskaya G.|Tatar A.S.S.R.|Tatarskaya A.S.S.R.|Republic of Tatarstan|Respublika Tatars,Tatarstan,Respublika,Republic,NA,RU.TT,NA,NA,NA,NA,"Tatarstan, Respublika",NA,Республика Татарстан,RU-TA,iso3166-2,NA,NA,NA,0.4156834770545827,0.43154927353915956,0.3680525497453094,0.30745427639165146
RU,RUS,Russia,RUS.69_1,RUS.69_1,Tomsk,Tomskaya Oblast,Tomsk,Oblast,Region,NA,RU.TO,NA,NA,NA,NA,Tomskaya oblast',NA,Томская область,RU-TOM,iso3166-2,NA,NA,NA,0.4240324158939475,0.39469134446362003,0.3680525497453094,0.30745427639165146
RU,RUS,Russia,RUS.70_1,RUS.70_1,Tula,Tul'skaya|Tulskaya Oblast,Tula,Oblast,Region,NA,RU.TL,NA,NA,NA,NA,Tul'skaya oblast',NA,Тульская область,RU-TUL,iso3166-2,NA,NA,NA,0.40637648234277446,0.38500125921143996,0.3680525497453094,0.30745427639165146
RU,RUS,Russia,RUS.72_1,RUS.72_1,Tver',Kalinin|Kalininskaya|Tverskaya Oblast,Tver',Oblast,Region,NA,RU.TV,NA,NA,NA,1,Tverskaya oblast',NA,Тверская область,RU-TVE,iso3166-2,NA,NA,NA,0.4355606108679955,0.3558670297208597,0.3680525497453094,0.30745427639165146
RU,RUS,Russia,RUS.73_1,RUS.73_1,Tyumen',Tobol'sk|Tobol'skaya G.|Tyumenskaya Oblast,Tyumen',Oblast,Region,NA,RU.TY,NA,NA,NA,NA,Tyumenskaya oblast',NA,Тюменская область,RU-TYU,iso3166-2,NA,NA,NA,0.36678428422851567,0.37113569200724117,0.3680525497453094,0.30745427639165146
RU,RUS,Russia,RUS.71_1,RUS.71_1,Tuva,Respublika Tyva|Republic of Tuva|Tyva|Tuvinskaya A.S.S.R.|Republic of Tyva,Tuva,Respublika,Republic,NA,RU.TU,NA,NA,NA,NA,"Tyva, Respublika",NA,Республика Тыва,RU-TY,iso3166-2,NA,NA,NA,0.40943801735638047,0.36808756941777765,0.3680525497453094,0.30745427639165146
RU,RUS,Russia,RUS.74_1,RUS.74_1,Udmurt,Udmurtiya|Udmurt Republic|Udmurtskaya A.S.S.R.|Udmurtskaya Respublika,Udmurt,Respublika,Republic,NA,RU.UD,NA,NA,NA,NA,Udmurtskaya Respublika,NA,Удмуртская Республика,RU-UD,iso3166-2,NA,NA,NA,0.49287517141827825,0.3331323401174661,0.3680525497453094,0.30745427639165146
RU,RUS,Russia,RUS.75_1,RUS.75_1,Ul'yanovsk,Simbirsk|Simbirskaya G.|Ul'yanovskaya Oblast,Ul'yanovsk,Oblast,Region,NA,RU.UL,NA,NA,NA,NA,Ul'yanovskaya oblast',NA,Ульяновская область,RU-ULY,iso3166-2,NA,NA,NA,0.380832713134483,0.33038577795436397,0.3680525497453094,0.30745427639165146
RU,RUS,Russia,RUS.76_1,RUS.76_1,Vladimir,Vladimirskaya Oblast,Vladimir,Oblast,Region,NA,RU.VL,NA,NA,NA,NA,Vladimirskaya oblast',NA,Владимирская область,RU-VLA,iso3166-2,NA,NA,NA,0.420163366139245,0.3699982332837142,0.3680525497453094,0.30745427639165146
RU,RUS,Russia,RUS.77_1,RUS.77_1,Volgograd,Stalingrad|Volgogradskaya Oblast,Volgograd,Oblast,Region,NA,RU.VG,NA,NA,NA,NA,Volgogradskaya oblast',NA,Волгоградская область,RU-VGG,iso3166-2,NA,NA,NA,0.44302897553966764,0.4297200662892771,0.3680525497453094,0.30745427639165146
RU,RUS,Russia,RUS.78_1,RUS.78_1,Vologda,Vologodskaya Oblast,Vologda,Oblast,Region,NA,RU.VO,NA,NA,NA,NA,Vologodskaya oblast',NA,Вологодская область,RU-VLG,iso3166-2,NA,NA,NA,0.4125970417608776,0.34247655028293417,0.3680525497453094,0.30745427639165146
RU,RUS,Russia,RUS.79_1,RUS.79_1,Voronezh,Voronezhskaya Oblast,Voronezh,Oblast,Region,NA,RU.VR,NA,NA,NA,NA,Voronezhskaya oblast',NA,Воронежская область,RU-VOR,iso3166-2,NA,NA,NA,0.4328883416191937,0.3667759783177992,0.3680525497453094,0.30745427639165146
RU,RUS,Russia,RUS.80_1,RUS.80_1,Yamal-Nenets,Yamalo-Nenetskiy A. Okrug,Yamal-Nenets,Avtonomnyy Okrug,Autonomous Province,NA,RU.YN,NA,NA,NA,NA,Yamalo-Nenetskiy avtonomnyy okrug,NA,Ямало-Ненецкий автономный округ,RU-YAN,iso3166-2,NA,NA,NA,0.4605654651743876,0.43021783794955304,0.3680525497453094,0.30745427639165146
RU,RUS,Russia,RUS.81_1,RUS.81_1,Yaroslavl',Yaroslavskaya,Yaroslavl',Oblast,Region,NA,RU.YS,NA,NA,NA,NA,Yaroslavskaya oblast',NA,Ярославская область,RU-YAR,iso3166-2,NA,NA,NA,0.41303690622960054,0.28581132032544354,0.3680525497453094,0.30745427639165146
RU,RUS,Russia,RUS.82_1,RUS.82_1,Yevrey,Den j√∏diske autonome oblasten|Evrey|Jewish A.Obl.|Yahudi|Yevreyskaya A.Obl.|Evreyskaya AOb,Yevrey,Avtonomnaya Oblast,Autonomous Region,6701,RU.YV,NA,NA,NA,NA,Yevreyskaya avtonomnaya oblast',Jewish Autonomous Oblast,Еврейская автономная область,RU-YEV,iso3166-2,NA,NA,NA,0.359046645586512,0.30117816378377943,0.3680525497453094,0.30745427639165146
RU,RUS,Russia,RUS.83_1,RUS.83_1,Zabaykal'ye,Zabaykalsky,Zabaykal'ye,Kray,Territory,NA,RU.ZB,NA,NA,NA,NA,Zabaykal'skiy kray,NA,Забайкальский край,RU-ZAB,iso3166-2,NA,NA,NA,0.43031152012999274,0.40823808981795867,0.3680525497453094,0.30745427639165146
RW,RWA,Rwanda,RWA.5_1,RWA.5_1,Umujyi wa Kigali,Kigali City|Ville de Kigali,Umujyi wa Kigali,Province,Province,1,RW.KV,NA,NA,NA,NA,City of Kigali,Umujyi wa Kigali,Umujyi wa Kigali,RW-01,iso3166-2,NA,NA,NA,0.5219369887486588,0.6524060937749264,0.4493396117129394,0.6222259210386286
RW,RWA,Rwanda,RWA.3_1,RWA.3_1,Iburasirazuba,Eastern Province|Province de l'Est,Iburasirazuba,Province,Province,5,RW.ES,NA,NA,NA,NA,Eastern,Iburasirazuba,Iburasirazuba,RW-02,iso3166-2,NA,NA,NA,0.5435073674014634,0.7195263671653512,0.4493396117129394,0.6222259210386286
RW,RWA,Rwanda,RWA.1_1,RWA.1_1,Amajyaruguru,Northern Province|Province du Nord,Amajyaruguru,Province,Province,4,RW.NO,NA,NA,NA,NA,Northern,Amajyaruguru,Amajyaruguru,RW-03,iso3166-2,NA,NA,NA,0.4998343219798911,0.6652410247919742,0.4493396117129394,0.6222259210386286
RW,RWA,Rwanda,RWA.2_1,RWA.2_1,Amajyepfo,Southern Province|Province du Sud,Amajyepfo,Province,Province,2,RW.SU,NA,NA,NA,NA,Southern,Amajyepfo,Amajyepfo,RW-05,iso3166-2,NA,NA,NA,0.4892441547285209,0.5603485150879968,0.4493396117129394,0.6222259210386286
RW,RWA,Rwanda,RWA.4_1,RWA.4_1,Iburengerazuba,Western Province|Province de l'Ouestern Province|Province de l'Ouest,Iburengerazuba,Province,Province,3,RW.OU,NA,NA,NA,NA,Western,Iburengerazuba,Iburengerazuba,RW-04,iso3166-2,NA,NA,NA,0.4681946777966461,0.6188503126882796,0.4493396117129394,0.6222259210386286
SA,SAU,Saudi Arabia,SAU.1_1,SAU.1_1,`Asir,Asir|Aseer|Assyear,`Asir,Emirate|Mintaqah,Region,NA,SA.AS,NA,NA,NA,NA,'Asīr,NA,عَسِيرٌ,SA-14,iso3166-2,NA,NA,NA,0.5129335725672061,0.48850582403817433,0.469791055666511,0.46710633620205694
SA,SAU,Saudi Arabia,SAU.2_1,SAU.2_1,Al Bahah,Baha,Al Bahah,Emirate|Mintaqah,Region,NA,SA.BA,NA,NA,NA,NA,Al Bāḩah,NA, الـبَـاحَـة‎,SA-11,iso3166-2,NA,NA,NA,0.5690797120002411,0.549149046681686,0.469791055666511,0.46710633620205694
SA,SAU,Saudi Arabia,SAU.3_1,SAU.3_1,Al Hudud ash Shamaliyah,Northern Frontier,Al Hudud ash Shamaliyah,Emirate|Mintaqah,Region,NA,SA.HS,NA,NA,NA,NA,Al Ḩudūd ash Shamālīyah,NA,الحدود الشمالية,SA-08,iso3166-2,NA,NA,NA,0.5353970172816958,0.5693812162342352,0.469791055666511,0.46710633620205694
SA,SAU,Saudi Arabia,SAU.4_1,SAU.4_1,Al Jawf,JawfAl Joaf|Al-Jouf|Jowf,Al Jawf,Emirate|Mintaqah,Region,NA,SA.JF,NA,NA,NA,NA,Al Jawf,NA, الجوف‎,SA-12,iso3166-2,NA,NA,NA,0.5829763826140729,0.5769623051090199,0.469791055666511,0.46710633620205694
SA,SAU,Saudi Arabia,SAU.5_1,SAU.5_1,Al Madinah,Madinah|Al Madinah al Munawwarah|Monwarah|Medina|M√©dine,Al Madinah,Emirate|Mintaqah,Region,NA,SA.MD,NA,NA,NA,NA,Al Madīnah al Munawwarah,NA,ٱلْمَدِيْنَة ٱلْمُنَوَّرَة,SA-03,iso3166-2,NA,NA,NA,0.5105061772452257,0.5380556740278825,0.469791055666511,0.46710633620205694
SA,SAU,Saudi Arabia,SAU.6_1,SAU.6_1,Al Quassim,Al Gassim|Gasim|Qaseem|Al Qasseem,Al Quassim,Emirate|Mintaqah,Region,NA,SA.QS,NA,NA,NA,NA,Al Qaşīm,NA,القصيم,SA-05,iso3166-2,NA,NA,NA,0.5088773487548155,0.5035423792952576,0.469791055666511,0.46710633620205694
SA,SAU,Saudi Arabia,SAU.7_1,SAU.7_1,Ar Riyad,Riyad|Riad|Riyadh,Ar Riyad,Emirate|Mintaqah,Region,NA,SA.RI,NA,NA,NA,NA,Ar Riyāḑ,NA,لرياض,SA-01,iso3166-2,NA,NA,NA,0.5682503972772306,0.558400717651698,0.469791055666511,0.46710633620205694
SA,SAU,Saudi Arabia,SAU.8_1,SAU.8_1,Ash Sharqiyah,Eastern Province,Ash Sharqiyah,Emirate|Mintaqah,Region,NA,SA.SH,NA,NA,NA,NA,Ash Sharqīyah,NA,الشرقية,SA-04,iso3166-2,NA,NA,NA,0.5528574994219978,0.5039713737483752,0.469791055666511,0.46710633620205694
SA,SAU,Saudi Arabia,SAU.9_1,SAU.9_1,Ha'il,Hail,Ha'il,Emirate|Mintaqah,Region,NA,SA.HA,NA,NA,NA,NA,Ḩā'il,NA,حَائِل,SA-06,iso3166-2,NA,NA,NA,0.5317232582521922,0.5146677503246919,0.469791055666511,0.46710633620205694
SA,SAU,Saudi Arabia,SAU.10_1,SAU.10_1,Jizan,Jazan|Qizan,Jizan,Emirate|Mintaqah,Region,NA,SA.JZ,NA,NA,NA,NA,Jāzān,NA,جازان,SA-09,iso3166-2,NA,NA,NA,0.42080650470428277,0.4683665918229531,0.469791055666511,0.46710633620205694
SA,SAU,Saudi Arabia,SAU.11_1,SAU.11_1,Makkah,La Meca|La Mecca|La Mecque|Makka|Makkah al-Mukarramah|Mecca|Meca|Mecka|Mekka,Makkah,Emirate|Mintaqah,Region,NA,SA.MK,NA,NA,NA,NA,Makkah al Mukarramah,NA,مَكَّة ٱلْمُكَرَّمَة,SA-02,iso3166-2,NA,NA,NA,0.4750873290285708,0.4998254167884956,0.469791055666511,0.46710633620205694
SA,SAU,Saudi Arabia,SAU.12_1,SAU.12_1,Najran,NA,Najran,Emirate|Mintaqah,Region,NA,SA.NJ,NA,NA,NA,NA,Najrān,NA,نجران,SA-10,iso3166-2,NA,NA,NA,0.4988805507207678,0.49507937467140684,0.469791055666511,0.46710633620205694
SA,SAU,Saudi Arabia,SAU.13_1,SAU.13_1,Tabuk,Tabouk,Tabuk,Emirate|Mintaqah,Region,NA,SA.TB,NA,NA,NA,NA,Tabūk,NA, تَبُوْك,SA-07,iso3166-2,NA,NA,NA,0.5041204495831028,0.49978878713838565,0.469791055666511,0.46710633620205694
SD,SDN,Sudan,SDN.11_1,SDN.11_1,Red Sea,Ba·∏•r al A·∏•mar|Mar Rojo|Mar Rosso|Mar Vermelho|Mer Rouge|R√∂da havet|R√∏dehavet|Rotes Meer,Red Sea,Wilayat,State,NA,SD.RS,NA,NA,NA,NA,Al Baḩr al Aḩmar,Red Sea,البحر الأحمر,SD-RS,iso3166-2,NA,NA,NA,0.5587819706895697,0.44891232969508527,0.5151510653103606,0.31643443046512687
SD,SDN,Sudan,SDN.1_1,SDN.1_1,Al Jazirah,Gezira,Al Jazirah,Wilayat,State,NA,SD.GZ,NA,NA,NA,NA,Al Jazīrah,Gezira,الجزيرة,SD-GZ,iso3166-2,NA,NA,NA,0.5243703311073454,0.39133401387213596,0.5151510653103606,0.31643443046512687
SD,SDN,Sudan,SDN.7_1,SDN.7_1,Khartoum,Al Khar≈£≈´m| Al Khur≈£≈´m| Cartum|Jartum| Khartum,Khartoum,Wilayat,State,NA,SD.KH,NA,NA,NA,NA,Al Kharţūm,Khartoum,خرطوم,SD-KH,iso3166-2,NA,NA,NA,0.5484214283872966,0.3953490278022423,0.5151510653103606,0.31643443046512687
SD,SDN,Sudan,SDN.2_1,SDN.2_1,Al Qadarif,Gedarif|Gadarif|Gedaref|Gederaf,Al Qadarif,Wilayat,State,NA,SD.GD,NA,NA,NA,NA,Al Qaḑārif,Gedaref,القضارف,SD-GD,iso3166-2,NA,NA,NA,0.521550284579088,0.4774758935363312,0.5151510653103606,0.31643443046512687
SD,SDN,Sudan,SDN.18_1,SDN.18_1,White Nile,An Ba·∏•r al Abyad|An Nƒ´l al-Abyad|Nil Blanc|Nilo Branco,White Nile,Wilayat,State,NA,SD.WN,NA,NA,NA,NA,An Nīl al Abyaḑ,White Nile,النيل الأبيض,SD-NW,iso3166-2,NA,NA,NA,0.5430939507321817,0.39637462829308756,0.5151510653103606,0.31643443046512687
SD,SDN,Sudan,SDN.3_1,SDN.3_1,Blue Nile,An Nƒ´l al Azraq|Nil Bleu|Nilo Azul,Blue Nile,Wilayat,State,NA,SD.BN,NA,NA,NA,NA,An Nīl al Azraq,Blue Nile,النيل الأزرق,SD-NB,iso3166-2,NA,NA,NA,0.6023577400903297,0.46866136418337456,0.5151510653103606,0.31643443046512687
SD,SDN,Sudan,SDN.10_1,SDN.10_1,Northern,Ash ShamƒÅlƒ´|Ash ShamƒÅlƒ´yah|Nord,Northern,Wilayat,State,NA,SD.NO,NA,NA,NA,NA,Ash Shamālīyah,Northern,الشمالية,SD-NO,iso3166-2,NA,NA,NA,0.5907659557842097,0.45408060141723977,0.5151510653103606,0.31643443046512687
SD,SDN,Sudan,SDN.16_1,SDN.16_1,West Darfur,DƒÅrf≈´r al Gharbƒ´yah|Gharb DƒÅrf≈´r,West Darfur,Wilayat,State,NA,SD.WD,NA,NA,NA,NA,Gharb Dārfūr,West Darfur,غرب دارفور,SD-DW,iso3166-2,NA,NA,NA,0.5412906701500889,0.372111168418812,0.5151510653103606,0.31643443046512687
SD,SDN,Sudan,SDN.17_1,SDN.17_1,West Kurdufan,Gharb KurdufƒÅn| Gharb Kurdufun| KurdufƒÅn al Gharbƒ´yah| Western Kordofan,West Kurdufan,Wilayat,State,NA,SD.KN,NA,NA,NA,NA,Gharb Kurdufān,West Kordofan,غرب كردفان,SD-GK,iso3166-2,NA,NA,NA,0.5219022390268064,0.4178278789672863,0.5151510653103606,0.31643443046512687
SD,SDN,Sudan,SDN.14_1,SDN.14_1,South Darfur,DƒÅrf≈´r al Jan≈´bƒ´yah| Jan≈´b DƒÅrf≈´r| Darfur m√©ridional| Southern Darfur,South Darfur,Wilayat,State,NA,SD.SD,NA,NA,NA,NA,Janūb Dārfūr,South Darfur,جنوب دارفور,SD-DS,iso3166-2,NA,NA,NA,0.5509963351217565,0.3162608246193762,0.5151510653103606,0.31643443046512687
SD,SDN,Sudan,SDN.15_1,SDN.15_1,South Kurdufan,Southern Kordofan|South Kordufan|Jan≈´b KurdufƒÅn|Janub Kurdufun|KurdufƒÅn al Jan≈´bƒ´yah|Kordofan m√©ridional,South Kurdufan,Wilayat,State,NA,SD.KS,NA,NA,NA,NA,Janūb Kurdufān,South Kordofan,جنوب كردفان,SD-KS,iso3166-2,NA,NA,NA,0.5601558214907683,0.3961075523952252,0.5151510653103606,0.31643443046512687
SD,SDN,Sudan,SDN.6_1,SDN.6_1,Kassala,Cassala|Kessala,Kassala,Wilayat,State,NA,SD.KA,NA,NA,NA,NA,Kassalā,Kassala,كسّلا,SD-KA,iso3166-2,NA,NA,NA,0.5795584167687052,0.4367072786000829,0.5151510653103606,0.31643443046512687
SD,SDN,Sudan,SDN.12_1,SDN.12_1,River Nile,"an Nƒ´l, Nahr an Nƒ´l| Nil| Nile| Nile River|Nilen|Nilo",River Nile,Wilayat,State,NA,SD.RN,NA,NA,NA,NA,Nahr an Nīl,River Nile,نهر النيل,SD-NR,iso3166-2,NA,NA,NA,0.5822656903344205,0.41322576563309593,0.5151510653103606,0.31643443046512687
SD,SDN,Sudan,SDN.8_1,SDN.8_1,North Darfur,DƒÅrf≈´r ash ShamƒÅlƒ´yah| ShamƒÅl DƒÅrf≈´r| Darfur septentrional,North Darfur,Wilayat,State,NA,SD.ND,NA,NA,NA,NA,Shamāl Dārfūr,North Darfur,شمال دارفور,SD-DN,iso3166-2,NA,NA,NA,0.5524108239928833,0.3362095306889906,0.5151510653103606,0.31643443046512687
SD,SDN,Sudan,SDN.5_1,SDN.5_1,East Darfur,NA,East Darfur,Wilayat,State,NA,SD.ED,NA,NA,NA,NA,Sharq Dārfūr,East Darfur,شرق دارفور,SD-DE,iso3166-2,NA,NA,NA,0.6158583635813679,0.3640654788883301,0.5151510653103606,0.31643443046512687
SD,SDN,Sudan,SDN.9_1,SDN.9_1,North Kurdufan,KurdufƒÅn ash ShamƒÅlƒ´yah|ShamƒÅl KurdufƒÅn|North Kordofan|Kordofan septentrional,North Kurdufan,Wilayat,State,NA,SD.KN,NA,NA,NA,NA,Shiamāl Kurdufān,North Kordofan,شمال كردفان,SD-KN,iso3166-2,NA,NA,NA,0.5834463995284568,0.43125283511974216,0.5151510653103606,0.31643443046512687
SD,SDN,Sudan,SDN.13_1,SDN.13_1,Sennar,Sinnar,Sennar,Wilayat,State,NA,SD.SI,NA,NA,NA,NA,Sinnār,Sennar,سنّار,SD-SI,iso3166-2,NA,NA,NA,0.6130244866870733,0.4876584294598481,0.5151510653103606,0.31643443046512687
SD,SDN,Sudan,SDN.4_1,SDN.4_1,Central Darfur,Zalingei,Central Darfur,Wilayat,State,NA,SD.CD,NA,NA,NA,NA,Wasaţ Dārfūr Zālinjay,Central Darfur,وسط دارفور,SD-DC,iso3166-2,NA,NA,NA,0.5242434028027447,0.3402640672530279,0.5151510653103606,0.31643443046512687
SE,SWE,Sweden,NA,SE32,NA,NA,NA,NA,NA,NA,NA,NA,NA,NA,NA,Mellersta Norrland,NA,Mellersta Norrland,SE32,nuts2,NA,NA,NA,0.4040307994137765,0.6231549609408504,0.33957689553004805,0.5722278659339529
SE,SWE,Sweden,NA,SE31,NA,NA,NA,NA,NA,NA,NA,NA,NA,NA,NA,Norra Mellansverige,NA,Norra Mellansverige,SE31,nuts2,NA,NA,NA,0.3800709497774267,0.5885968616424296,0.33957689553004805,0.5722278659339529
SE,SWE,Sweden,NA,SE12,NA,NA,NA,NA,NA,NA,NA,NA,NA,NA,NA,Östra Mellansverige,NA,Östra Mellansverige,SE12,nuts2,NA,NA,NA,0.41140861087162117,0.6165621554302124,0.33957689553004805,0.5722278659339529
SE,SWE,Sweden,NA,SE33,NA,NA,NA,NA,NA,NA,NA,NA,NA,NA,NA,Övre Norrland,NA,Övre Norrland,SE33,nuts2,NA,NA,NA,0.3760473846492962,0.5926566422356303,0.33957689553004805,0.5722278659339529
SE,SWE,Sweden,NA,SE21,NA,NA,NA,NA,NA,NA,NA,NA,NA,NA,NA,Småland med öarna,NA,Småland med öarna,SE21,nuts2,NA,NA,NA,0.38575430592735765,0.5838088333521605,0.33957689553004805,0.5722278659339529
SE,SWE,Sweden,NA,SE11,NA,NA,NA,NA,NA,NA,NA,NA,NA,NA,NA,Stockholm,NA,Stockholm,SE11,nuts2,NA,NA,NA,0.45240647219549973,0.6002223234007938,0.33957689553004805,0.5722278659339529
SE,SWE,Sweden,NA,SE22,NA,NA,NA,NA,NA,NA,NA,NA,NA,NA,NA,Sydsverige,NA,Sydsverige,SE22,nuts2,NA,NA,NA,0.41802164657895435,0.6046238726548268,0.33957689553004805,0.5722278659339529
SE,SWE,Sweden,NA,SE23,NA,NA,NA,NA,NA,NA,NA,NA,NA,NA,NA,Västsverige,NA,Västsverige,SE23,nuts2,NA,NA,NA,0.4209692210992092,0.61227776560531455,0.33957689553004805,0.5722278659339529
SI,SVN,Slovenia,SVN.1_1,SVN.1_1,Gorenjska,NA,Gorenjska,Statisticna Regije,Statistical Region,NA,SI.GO,NA,NA,NA,NA,Gorenjska statistična regija,Upper Carniola Statistical Region,Gorenjska statistična regija,SI042,nuts3,NA,NA,NA,0.452181684341875,0.5849224861755851,0.4257302921189121,0.586338632223915
SI,SVN,Slovenia,SVN.2_1,SVN.2_1,Gori≈°ka,Severna Primors,Gori≈°ka,Statisticna Regije,Statistical Region,NA,SI.SP,NA,NA,NA,NA,Goriška statistična regija,Gorizia Statistical Region,Goriška statistična regija,SI043,nuts3,NA,NA,NA,0.4813113218520119,0.5818396294197122,0.4257302921189121,0.586338632223915
SI,SVN,Slovenia,SVN.3_1,SVN.3_1,Jugovzhodna Slovenija,NA,Jugovzhodna Slovenija,Statisticna Regije,Statistical Region,NA,NA,NA,NA,NA,NA,Jugovzhodna Slovenija statistična regija,Southeast Slovenia Statistical Region,Jugovzhodna Slovenija statistična regija,SI037,nuts3,NA,NA,NA,0.4471884777488283,0.630659380448557,0.4257302921189121,0.586338632223915
SI,SVN,Slovenia,SVN.4_1,SVN.4_1,Koro≈°ka,NA,Koro≈°ka,Statisticna Regije,Statistical Region,NA,SI.KO,NA,NA,NA,NA,Koroška statistična regija,Carinthia Statistical Region,Koroška statistična regija,SI033,nuts3,NA,NA,NA,0.485003113828099,0.6256049597724788,0.4257302921189121,0.586338632223915
SI,SVN,Slovenia,SVN.6_1,SVN.6_1,Obalno-kra≈°ka,Ju≈æna Primorska,Obalno-kra≈°ka,Statisticna Regije,Statistical Region,NA,SI.JP,NA,NA,NA,NA,Obalno-kraška statistična regija,Coastal–Karst Statistical Region,Obalno-kraška statistična regija,SI044,nuts3,NA,NA,NA,0.4886510425759472,0.6011695341340026,0.4257302921189121,0.586338632223915
SI,SVN,Slovenia,SVN.7_1,SVN.7_1,Osrednjeslovenska,Ljubljana,Osrednjeslovenska,Statisticna Regije,Statistical Region,NA,SI.LJ,NA,NA,NA,NA,Osrednjeslovenska statistična regija,Central Slovenia Statistical Region,Osrednjeslovenska statistična regija,SI041,nuts3,NA,NA,NA,0.4885416692330589,0.6194185661981789,0.4257302921189121,0.586338632223915
SI,SVN,Slovenia,SVN.8_1,SVN.8_1,Podravska,NA,Podravska,Statisticna Regije,Statistical Region,NA,SI.PD,NA,NA,NA,NA,Podravska statistična regija,Drava Statistical Region,Podravska statistična regija,SI032,nuts3,NA,NA,NA,0.4766274015223098,0.6378758413688754,0.4257302921189121,0.586338632223915
SI,SVN,Slovenia,SVN.9_1,SVN.9_1,Pomurska,NA,Pomurska,Statisticna Regije,Statistical Region,NA,SI.PM,NA,NA,NA,NA,Pomurska statistična regija,Mura Statistical Region,Pomurska statistična regija,SI031,nuts3,NA,NA,NA,0.4845006512178056,0.6319697304313836,0.4257302921189121,0.586338632223915
SI,SVN,Slovenia,SVN.5_1,SVN.5_1,Notranjsko-kra≈°ka,"Kra≈°ka, Notranj",Notranjsko-kra≈°ka,Statisticna Regije,Statistical Region,NA,SI.NO,NA,NA,NA,NA,Primorsko-notranjska statistična regija,Littoral–Inner Carniola Statistical Region,Primorsko-notranjska statistična regija,SI038,nuts3,NA,NA,NA,0.45714118924673164,0.5356660550713186,0.4257302921189121,0.586338632223915
SI,SVN,Slovenia,SVN.10_1,SVN.10_1,Savinjska,NA,Savinjska,Statisticna Regije,Statistical Region,NA,SI.SA,NA,NA,NA,NA,Savinjska statistična regija,Savinja Statistical Region,Savinjska statistična regija,SI034,nuts3,NA,NA,NA,0.5474980630278933,0.6204313956568823,0.4257302921189121,0.586338632223915
SI,SVN,Slovenia,SVN.11_1,SVN.11_1,Spodnjeposavska,Posavska,Spodnjeposavska,Statisticna Regije,Statistical Region,NA,SI.PS,NA,NA,NA,NA,Spodnjeposavska statistična regija,Lower Sava Statistical Region,Spodnjeposavska statistična regija,SI036,nuts3,NA,NA,NA,0.5053153029108894,0.6156879113186605,0.4257302921189121,0.586338632223915
SI,SVN,Slovenia,SVN.12_1,SVN.12_1,Zasavska,NA,Zasavska,Statisticna Regije,Statistical Region,NA,SI.ZS,NA,NA,NA,NA,Zasavska statistična regija,Central Sava Statistical Region,Zasavska statistična regija,SI035,nuts3,NA,NA,NA,0.4870341668227473,0.6253409190968253,0.4257302921189121,0.586338632223915
SK,SVK,Slovakia,NA,SK01,NA,NA,NA,NA,NA,NA,NA,NA,NA,NA,NA,Bratislava Region,NA,Bratislavský kraj,SK01,nuts2,NA,NA,NA,0.4847225768946594,0.4476827640928797,0.42944897715508557,0.45543090369799705
SK,SVK,Slovakia,NA,SK03,NA,NA,NA,NA,NA,NA,NA,NA,NA,NA,NA,Stredné Slovensko,NA,Stredné Slovensko,SK03,nuts2,NA,NA,NA,0.499210889830629,0.5883110042588356,0.42944897715508557,0.45543090369799705
SK,SVK,Slovakia,NA,SK04,NA,NA,NA,NA,NA,NA,NA,NA,NA,NA,NA,Východné Slovensko,NA,Východné Slovensko,SK04,nuts2,NA,NA,NA,0.5014077243193261,0.5273430722634458,0.42944897715508557,0.45543090369799705
SK,SVK,Slovakia,NA,SK02,NA,NA,NA,NA,NA,NA,NA,NA,NA,NA,NA,Západné Slovensko,NA,Západné Slovensko,SK02,nuts2,NA,NA,NA,0.47311844346574655,0.4578992597043559,0.42944897715508557,0.45543090369799705
SL,SLE,Sierra Leone,SLE.1_1,SLE.1_1,Eastern,NA,Eastern,Province,Province,NA,SL.EA,NA,NA,NA,NA,Eastern,NA,Eastern,SL-E,iso3166-2,NA,NA,NA,0.5511873068532711,0.6685407507254754,0.5516754202092733,0.5501670851646436
SL,SLE,Sierra Leone,NA,SL-NW,NA,NA,NA,NA,NA,NA,NA,NA,NA,NA,NA,North Western,NA,North Western,SL-NW,iso3166-2,NA,NA,NA,0.6033471111748813,0.5345325913334986,0.5516754202092733,0.5501670851646436
SL,SLE,Sierra Leone,SLE.2_1,SLE.2_1,Northern,NA,Northern,Province,Province,NA,SL.NO,NA,NA,NA,NA,Northern,NA,Northern,SL-N,iso3166-2,NA,NA,NA,0.6273617372293021,0.5290466666969227,0.5516754202092733,0.5501670851646436
SL,SLE,Sierra Leone,SLE.3_1,SLE.3_1,Southern,NA,Southern,Province,Province,NA,SL.SO,NA,NA,NA,NA,Southern,NA,Southern,SL-S,iso3166-2,NA,NA,NA,0.6025573256969957,0.5508812986943901,0.5516754202092733,0.5501670851646436
SL,SLE,Sierra Leone,SLE.4_1,SLE.4_1,Western,NA,Western,Province,Province,NA,SL.WE,NA,NA,NA,NA,Western Area (Freetown),NA,Western Area (Freetown),SL-W,iso3166-2,NA,NA,NA,0.5645265746385102,0.6285120081141945,0.5516754202092733,0.5501670851646436
SN,SEN,Senegal,SEN.1_1,SEN.1_1,Dakar,Cap Vert|Dacar,Dakar,R√©gion,Region,1,SN.DK,NA,NA,NA,NA,Dakar,NA,Dakar,SN-DK,iso3166-2,NA,NA,NA,0.480676884561399,0.5368634881136164,0.4589118728834497,0.49879066931860866
SN,SEN,Senegal,SEN.2_1,SEN.2_1,Diourbel,NA,Diourbel,R√©gion,Region,3,SN.DB,NA,NA,NA,NA,Diourbel,NA,Diourbel,SN-DB,iso3166-2,NA,NA,NA,0.5333892759428908,0.46787189652182076,0.4589118728834497,0.49879066931860866
SN,SEN,Senegal,SEN.3_1,SEN.3_1,Fatick,NA,Fatick,R√©gion,Region,9,SN.FK,NA,NA,NA,NA,Fatick,NA,Fatick,SN-FK,iso3166-2,NA,NA,NA,0.5314330430555767,0.5604367226996672,0.4589118728834497,0.49879066931860866
SN,SEN,Senegal,SEN.4_1,SEN.4_1,Kaffrine,NA,Kaffrine,R√©gion,Region,12,SN.KF,NA,NA,NA,NA,Kaffrine,NA,Kaffrine,SN-KA,iso3166-2,NA,NA,NA,0.5323243594152809,0.39568377195102,0.4589118728834497,0.49879066931860866
SN,SEN,Senegal,SEN.5_1,SEN.5_1,Kaolack,NA,Kaolack,R√©gion,Region,6,SN.KC,NA,NA,NA,NA,Kaolack,NA,Kaolack,SN-KL,iso3166-2,NA,NA,NA,0.5146068598958795,0.6065118301857908,0.4589118728834497,0.49879066931860866
SN,SEN,Senegal,SEN.6_1,SEN.6_1,K√©dougou,S√©n√©gal Oriental,K√©dougou,R√©gion,Region,13,SN.KG,NA,NA,NA,NA,Kédougou,NA,Kédougou,SN-KE,iso3166-2,NA,NA,NA,0.47711001758095495,0.4477633109063372,0.4589118728834497,0.49879066931860866
SN,SEN,Senegal,SEN.7_1,SEN.7_1,Kolda,NA,Kolda,R√©gion,Region,10,SN.KD,NA,NA,NA,NA,Kolda,NA,Kolda,SN-KD,iso3166-2,NA,NA,NA,0.4752120289475155,0.5995549814243174,0.4589118728834497,0.49879066931860866
SN,SEN,Senegal,SEN.8_1,SEN.8_1,Louga,NA,Louga,R√©gion,Region,8,SN.LG,NA,NA,NA,NA,Louga,NA,Louga,SN-LG,iso3166-2,NA,NA,NA,0.5350698508022285,0.5444550119506977,0.4589118728834497,0.49879066931860866
SN,SEN,Senegal,SEN.9_1,SEN.9_1,Matam,NA,Matam,R√©gion,Region,11,SN.MT,NA,NA,NA,NA,Matam,NA,Matam,SN-MT,iso3166-2,NA,NA,NA,0.49652956575710044,0.5481099150134822,0.4589118728834497,0.49879066931860866
SN,SEN,Senegal,SEN.10_1,SEN.10_1,Saint-Louis,Fleuve|Vall√©e du Fleuve,Saint-Louis,R√©gion,Region,4,SN.ST,NA,NA,NA,NA,Saint-Louis,NA,Saint-Louis,SN-SL,iso3166-2,NA,NA,NA,0.4748781938449358,0.6826575104477229,0.4589118728834497,0.49879066931860866
SN,SEN,Senegal,SEN.11_1,SEN.11_1,S√©dhiou,NA,S√©dhiou,R√©gion,Region,14,SN.SD,NA,NA,NA,NA,Sédhiou,NA,Sédhiou,SN-SE,iso3166-2,NA,NA,NA,0.50485855941066,0.5751400668110593,0.4589118728834497,0.49879066931860866
SN,SEN,Senegal,SEN.12_1,SEN.12_1,Tambacounda,S√©n√©gal Oriental,Tambacounda,R√©gion,Region,5,SN.TB,NA,NA,NA,NA,Tambacounda,NA,Tambacounda,SN-TC,iso3166-2,NA,NA,NA,0.5119293055292118,0.48641208285036436,0.4589118728834497,0.49879066931860866
SN,SEN,Senegal,SEN.13_1,SEN.13_1,Thi√®s,NA,Thi√®s,R√©gion,Region,7,SN.TH,NA,NA,NA,NA,Thiès,NA,Thiès,SN-TH,iso3166-2,NA,NA,NA,0.5725865665927894,0.5567444384241217,0.4589118728834497,0.49879066931860866
SN,SEN,Senegal,SEN.14_1,SEN.14_1,Ziguinchor,NA,Ziguinchor,R√©gion,Region,2,SN.ZG,NA,NA,NA,NA,Ziguinchor,NA,Ziguinchor,SN-ZG,iso3166-2,NA,NA,NA,0.5078216388805706,0.576964659302456,0.4589118728834497,0.49879066931860866
SO,SOM,Somalia,SOM.1_1,SOM.1_1,Awdal,Adal | Adel,Awdal,Gobolka,Region,NA,SO.AW,NA,NA,NA,NA,Awdal,NA,Awdal,SO-AW,iso3166-2,NA,NA,NA,0.5176167058712696,0.5183585406035182,0.4709949728807533,0.47012647706104965
SO,SOM,Somalia,SOM.2_1,SOM.2_1,Bakool,NA,Bakool,Gobolka,Region,NA,SO.BK,NA,NA,NA,NA,Bakool,NA,Bakool,SO-BK,iso3166-2,NA,NA,NA,NA,NA,0.4709949728807533,0.47012647706104965
SO,SOM,Somalia,SOM.3_1,SOM.3_1,Banaadir,Benadir,Banaadir,Gobolka,Region,NA,SO.BN,NA,NA,NA,NA,Banaadir,NA,Banaadir,SO-BN,iso3166-2,NA,NA,NA,NA,NA,0.4709949728807533,0.47012647706104965
SO,SOM,Somalia,SOM.4_1,SOM.4_1,Bari,NA,Bari,Gobolka,Region,NA,SO.BR,NA,NA,NA,NA,Bari,NA,Bari,SO-BR,iso3166-2,NA,NA,NA,NA,NA,0.4709949728807533,0.47012647706104965
SO,SOM,Somalia,SOM.5_1,SOM.5_1,Bay,Baay,Bay,Gobolka,Region,NA,SO.BY,NA,NA,NA,NA,Bay,NA,Bay,SO-BY,iso3166-2,NA,NA,NA,NA,NA,0.4709949728807533,0.47012647706104965
SO,SOM,Somalia,SOM.6_1,SOM.6_1,Galguduud,Galgudug,Galguduud,Gobolka,Region,NA,SO.GA,NA,NA,NA,NA,Galguduud,NA,Galguduud,SO-GA,iso3166-2,NA,NA,NA,NA,NA,0.4709949728807533,0.47012647706104965
SO,SOM,Somalia,SOM.7_1,SOM.7_1,Gedo,Gado,Gedo,Gobolka,Region,NA,SO.GE,NA,NA,NA,NA,Gedo,NA,Gedo,SO-GE,iso3166-2,NA,NA,NA,NA,NA,0.4709949728807533,0.47012647706104965
SO,SOM,Somalia,SOM.8_1,SOM.8_1,Hiiraan,Hiiran,Hiiraan,Gobolka,Region,NA,SO.HI,NA,NA,NA,NA,Hiiraan,NA,Hiiraan,SO-HI,iso3166-2,NA,NA,NA,NA,NA,0.4709949728807533,0.47012647706104965
SO,SOM,Somalia,SOM.9_1,SOM.9_1,Jubbada Dhexe,J. Dhexe| Central Juba| Middle Juba,Jubbada Dhexe,Gobolka,Region,NA,SO.JD,NA,NA,NA,NA,Jubbada Dhexe,NA,Jubbada Dhexe,SO-JD,iso3166-2,NA,NA,NA,NA,NA,0.4709949728807533,0.47012647706104965
SO,SOM,Somalia,SOM.10_1,SOM.10_1,Jubbada Hoose,J. Hoose| Lower Juba,Jubbada Hoose,Gobolka,Region,NA,SO.JH,NA,NA,NA,NA,Jubbada Hoose,NA,Jubbada Hoose,SO-JH,iso3166-2,NA,NA,NA,NA,NA,0.4709949728807533,0.47012647706104965
SO,SOM,Somalia,SOM.11_1,SOM.11_1,Mudug,Madugh| Mudugh,Mudug,Gobolka,Region,NA,SO.MU,NA,NA,NA,NA,Mudug,NA,Mudug,SO-MU,iso3166-2,NA,NA,NA,NA,NA,0.4709949728807533,0.47012647706104965
SO,SOM,Somalia,SOM.12_1,SOM.12_1,Nugaal,NA,Nugaal,Gobolka,Region,NA,SO.NU,NA,NA,NA,NA,Nugaal,NA,Nugaal,SO-NU,iso3166-2,NA,NA,NA,NA,NA,0.4709949728807533,0.47012647706104965
SO,SOM,Somalia,SOM.13_1,SOM.13_1,Sanaag,Sanag,Sanaag,Gobolka,Region,NA,SO.SA,NA,NA,NA,NA,Sanaag,NA,Sanaag,SO-SA,iso3166-2,NA,NA,NA,0.5388527779162425,0.5379175544866365,0.4709949728807533,0.47012647706104965
SO,SOM,Somalia,SOM.14_1,SOM.14_1,Shabeellaha Dhexe,Sh. Dhexe| Central Shabele,Shabeellaha Dhexe,Gobolka,Region,NA,SO.SD,NA,NA,NA,NA,Shabeellaha Dhexe,NA,Shabeellaha Dhexe,SO-SD,iso3166-2,NA,NA,NA,NA,NA,0.4709949728807533,0.47012647706104965
SO,SOM,Somalia,SOM.15_1,SOM.15_1,Shabeellaha Hoose,Sh. Hoose| Lower Shabele,Shabeellaha Hoose,Gobolka,Region,NA,SO.SH,NA,NA,NA,NA,Shabeellaha Hoose,NA,Shabeellaha Hoose,SO-SH,iso3166-2,NA,NA,NA,NA,NA,0.4709949728807533,0.47012647706104965
SO,SOM,Somalia,SOM.16_1,SOM.16_1,Sool,NA,Sool,Gobolka,Region,NA,SO.SO,NA,NA,NA,NA,Sool,NA,Sool,SO-SO,iso3166-2,NA,NA,NA,0.6078385533951052,0.6085291021211987,0.4709949728807533,0.47012647706104965
SO,SOM,Somalia,SOM.17_1,SOM.17_1,Togdheer,Tog-Dheer| Togdheer| Togder,Togdheer,Gobolka,Region,NA,SO.TO,NA,NA,NA,NA,Togdheer,NA,Togdheer,SO-TO,iso3166-2,NA,NA,NA,0.5623855992825184,0.560414103195079,0.4709949728807533,0.47012647706104965
SO,SOM,Somalia,SOM.18_1,SOM.18_1,Woqooyi Galbeed,North-West| W.Galbeed| Woqooyi Gelbeed,Woqooyi Galbeed,Gobolka,Region,NA,SO.WO,NA,NA,NA,NA,Woqooyi Galbeed,Marodi-jeex,Woqooyi Galbeed,SO-WO,iso3166-2,NA,NA,NA,0.4778006853892337,0.47701653668163607,0.4709949728807533,0.47012647706104965
SR,SUR,Suriname,SUR.1_1,SUR.1_1,Brokopondo,NA,Brokopondo,Distrikt,District,NA,SR.BR,NA,NA,NA,NA,Brokopondo,NA,Brokopondo,SR-BR,iso3166-2,NA,NA,NA,0.6540586094245522,0.7190551202181164,0.6098108718515919,0.6874816636675499
SR,SUR,Suriname,SUR.2_1,SUR.2_1,Commewijne,NA,Commewijne,Distrikt,District,NA,SR.CM,NA,NA,NA,NA,Commewijne,NA,Commewijne,SR-CM,iso3166-2,NA,NA,NA,0.5973218734666125,0.6432189429619894,0.6098108718515919,0.6874816636675499
SR,SUR,Suriname,SUR.3_1,SUR.3_1,Coronie,NA,Coronie,Distrikt,District,NA,SR.CR,NA,NA,NA,NA,Coronie,NA,Coronie,SR-CR,iso3166-2,NA,NA,NA,0.7228536759683218,0.8158410216310962,0.6098108718515919,0.6874816636675499
SR,SUR,Suriname,SUR.4_1,SUR.4_1,Marowijne,NA,Marowijne,Distrikt,District,NA,SR.MA,NA,NA,NA,NA,Marowijne,NA,Marowijne,SR-MA,iso3166-2,NA,NA,NA,0.6453297574870663,0.7115507900213734,0.6098108718515919,0.6874816636675499
SR,SUR,Suriname,SUR.5_1,SUR.5_1,Nickerie,NA,Nickerie,Distrikt,District,NA,SR.NI,NA,NA,NA,NA,Nickerie,NA,Nickerie,SR-NI,iso3166-2,NA,NA,NA,0.6309959322276265,0.6916145989193522,0.6098108718515919,0.6874816636675499
SR,SUR,Suriname,SUR.6_1,SUR.6_1,Para,NA,Para,Distrikt,District,NA,SR.PR,NA,NA,NA,NA,Para,NA,Para,SR-PR,iso3166-2,NA,NA,NA,0.6599901487208369,0.7313196890542027,0.6098108718515919,0.6874816636675499
SR,SUR,Suriname,SUR.7_1,SUR.7_1,Paramaribo,NA,Paramaribo,Distrikt,District,NA,SR.PM,NA,NA,NA,NA,Paramaribo,NA,Paramaribo,SR-PM,iso3166-2,NA,NA,NA,0.6514814320328166,0.7194339882175947,0.6098108718515919,0.6874816636675499
SR,SUR,Suriname,SUR.8_1,SUR.8_1,Saramacca,NA,Saramacca,Distrikt,District,NA,SR.SA,NA,NA,NA,NA,Saramacca,NA,Saramacca,SR-SA,iso3166-2,NA,NA,NA,0.6547772103883953,0.7252944852141282,0.6098108718515919,0.6874816636675499
SR,SUR,Suriname,SUR.9_1,SUR.9_1,Sipaliwini,NA,Sipaliwini,Distrikt,District,NA,SR.SI,NA,NA,NA,NA,Sipaliwini,NA,Sipaliwini,SR-SI,iso3166-2,NA,NA,NA,0.583021278160294,0.6218535359551058,0.6098108718515919,0.6874816636675499
SR,SUR,Suriname,SUR.10_1,SUR.10_1,Wanica,NA,Wanica,Distrikt,District,NA,SR.WA,NA,NA,NA,NA,Wanica,NA,Wanica,SR-WA,iso3166-2,NA,NA,NA,0.612646735600922,0.6705434528042493,0.6098108718515919,0.6874816636675499
ST,STP,S√£o Tom√© and Pr√≠ncipe,STP.1_1,STP.1_1,Pr√≠ncipe,NA,Pr√≠ncipe,Concelho,Municipality,NA,ST.PR,nat,Sao Tome and Principe,NA,NA,Príncipe,NA,Príncipe,ST-P,iso3166-2,NA,NA,NA,NA,NA,0.48606681228019466,0.5655839486570503
ST,STP,S√£o Tom√© and Pr√≠ncipe,STP.2_1,STP.2_1,S√£o Tom√©,NA,S√£o Tom√©,Concelho,Municipality,NA,ST.ST,nat,Sao Tome and Principe,NA,NA,São Tomé,NA,São Tomé,ST-S,iso3166-2,NA,NA,NA,NA,NA,0.48606681228019466,0.5655839486570503
SV,SLV,El Salvador,SLV.1_1,SLV.1_1,Ahuachap√°n,NA,Ahuachap√°n,Departamento,Department,NA,SV.AH,NA,NA,NA,NA,Ahuachapán,NA,Ahuachapán,SV-AH,iso3166-2,NA,NA,NA,0.47162191680650806,0.8387627183602714,0.5002792204158649,0.8244799659223468
SV,SLV,El Salvador,SLV.2_1,SLV.2_1,Caba√±as,NA,Caba√±as,Departamento,Department,NA,SV.CA,NA,NA,NA,NA,Cabañas,NA,Cabañas,SV-CA,iso3166-2,NA,NA,NA,0.5349350644820736,0.804750691126547,0.5002792204158649,0.8244799659223468
SV,SLV,El Salvador,SLV.3_1,SLV.3_1,Chalatenango,NA,Chalatenango,Departamento,Department,NA,SV.CH,NA,NA,NA,NA,Chalatenango,NA,Chalatenango,SV-CH,iso3166-2,NA,NA,NA,0.532800894747856,0.7892327743902433,0.5002792204158649,0.8244799659223468
SV,SLV,El Salvador,SLV.4_1,SLV.4_1,Cuscatl√°n,NA,Cuscatl√°n,Departamento,Department,NA,SV.CU,NA,NA,NA,NA,Cuscatlán,NA,Cuscatlán,SV-CU,iso3166-2,NA,NA,NA,0.5909808405027218,0.8187376724339875,0.5002792204158649,0.8244799659223468
SV,SLV,El Salvador,SLV.5_1,SLV.5_1,La Libertad,NA,La Libertad,Departamento,Department,NA,SV.LI,NA,NA,NA,NA,La Libertad,NA,La Libertad,SV-LI,iso3166-2,NA,NA,NA,0.5340243692552065,0.8455820020978954,0.5002792204158649,0.8244799659223468
SV,SLV,El Salvador,SLV.6_1,SLV.6_1,La Paz,NA,La Paz,Departamento,Department,NA,SV.PA,NA,NA,NA,NA,La Paz,NA,La Paz,SV-PA,iso3166-2,NA,NA,NA,0.6124092526913386,0.80212840403972,0.5002792204158649,0.8244799659223468
SV,SLV,El Salvador,SLV.7_1,SLV.7_1,La Uni√≥n,NA,La Uni√≥n,Departamento,Department,NA,SV.UN,NA,NA,NA,NA,La Unión,NA,La Unión,SV-UN,iso3166-2,NA,NA,NA,0.5538030480563896,0.7102043714791203,0.5002792204158649,0.8244799659223468
SV,SLV,El Salvador,SLV.8_1,SLV.8_1,Moraz√°n,NA,Moraz√°n,Departamento,Department,NA,SV.MO,NA,NA,NA,NA,Morazán,NA,Morazán,SV-MO,iso3166-2,NA,NA,NA,0.5517831246455034,0.7099698800982085,0.5002792204158649,0.8244799659223468
SV,SLV,El Salvador,SLV.9_1,SLV.9_1,San Miguel,NA,San Miguel,Departamento,Department,NA,SV.SM,NA,NA,NA,NA,San Miguel,NA,San Miguel,SV-SM,iso3166-2,NA,NA,NA,0.5924332942490053,0.790246729167089,0.5002792204158649,0.8244799659223468
SV,SLV,El Salvador,SLV.10_1,SLV.10_1,San Salvador,NA,San Salvador,Departamento,Department,NA,SV.SS,NA,NA,NA,NA,San Salvador,NA,San Salvador,SV-SS,iso3166-2,NA,NA,NA,0.5688110349145102,0.8164127721226697,0.5002792204158649,0.8244799659223468
SV,SLV,El Salvador,SLV.11_1,SLV.11_1,San Vicente,NA,San Vicente,Departamento,Department,NA,SV.SV,NA,NA,NA,NA,San Vicente,NA,San Vicente,SV-SV,iso3166-2,NA,NA,NA,0.5755343991128133,0.8147973084411549,0.5002792204158649,0.8244799659223468
SV,SLV,El Salvador,SLV.12_1,SLV.12_1,Santa Ana,NA,Santa Ana,Departamento,Department,NA,SV.SA,NA,NA,NA,NA,Santa Ana,NA,Santa Ana,SV-SA,iso3166-2,NA,NA,NA,0.48306778998793665,0.8024991730596147,0.5002792204158649,0.8244799659223468
SV,SLV,El Salvador,SLV.13_1,SLV.13_1,Sonsonate,NA,Sonsonate,Departamento,Department,NA,SV.SO,NA,NA,NA,NA,Sonsonate,NA,Sonsonate,SV-SO,iso3166-2,NA,NA,NA,0.5016492987131521,0.8172536091415126,0.5002792204158649,0.8244799659223468
SV,SLV,El Salvador,SLV.14_1,SLV.14_1,Usulut√°n,NA,Usulut√°n,Departamento,Department,NA,SV.US,NA,NA,NA,NA,Usulután,NA,Usulután,SV-US,iso3166-2,NA,NA,NA,0.543970553559354,0.7601096105744167,0.5002792204158649,0.8244799659223468
SY,SYR,Syria,SYR.1_1,SYR.1_1,Al ·∏§asakah,Al-Haska|Al Hassake|El Haseke|Haseke|Hassakeh|Hazakieh|Hassetch√©|Al Jezira|Jezireh,Al ·∏§asakah,Governorate|Muhafazah,Province,NA,SY.HA,NA,NA,NA,NA,Al Ḩasakah,NA,الحسكة,SY-HA,iso3166-2,NA,NA,NA,0.5651529814249086,0.5633636516333059,0.5189686655245497,0.5178578653703036
SY,SYR,Syria,SYR.11_1,SYR.11_1,Lattakia,Latakia|Al Ladhiqiyah|El Ladhiqiya|Lattakia|Lattakieh|Lattikia|Lattaquie,Lattakia,Governorate|Muhafazah,Province,NA,SY.LA,NA,NA,NA,NA,Al Lādhiqīyah,NA,اللاذقية,SY-LA,iso3166-2,NA,NA,NA,0.5318657444844054,0.5310923737069718,0.5189686655245497,0.5178578653703036
SY,SYR,Syria,SYR.12_1,SYR.12_1,Quneitra,Al Qunatirah|Al Qunaytirah|Al Quneitera|El Quneitra|El Kenitra|Kunaitra|Kuneitra|Qunaytira,Quneitra,Governorate|Muhafazah,Province,NA,SY.QU,NA,NA,NA,NA,Al Qunayţirah,NA,القنيطرة,SY-QU,iso3166-2,NA,NA,NA,NA,NA,0.5189686655245497,0.5178578653703036
SY,SYR,Syria,SYR.3_1,SYR.3_1,Ar Raqqah,Al Rakka|Raqqa|Al Rashid|Rashid,Ar Raqqah,Governorate|Muhafazah,Province,NA,SY.RA,NA,NA,NA,NA,Ar Raqqah,NA, الرقة,SY-RA,iso3166-2,NA,NA,NA,0.5829831307078236,0.5843072596021144,0.5189686655245497,0.5178578653703036
SY,SYR,Syria,SYR.4_1,SYR.4_1,As Suwayda',Djebel Druze|Jabal Druze|Jebel Druse|Jebel ed Druz|Al Sueida|Es Sueida|Es Suweida|Soueida|Suwaidaa,As Suwayda',Governorate|Muhafazah,Province,NA,SY.SU,NA,NA,NA,NA,As Suwaydā',NA,السويداء,SY-SU,iso3166-2,NA,NA,NA,0.5907516355205256,0.5907346075205971,0.5189686655245497,0.5178578653703036
SY,SYR,Syria,SYR.6_1,SYR.6_1,Dar`a,Dara'a|D√°ria|Dera`a|Derraa|Hauran,Dar`a,Governorate|Muhafazah,Province,NA,SY.DR,NA,NA,NA,NA,Dar'ā,NA,درعا,SY-DR,iso3166-2,NA,NA,NA,0.5344336054830405,0.5380584035847559,0.5189686655245497,0.5178578653703036
SY,SYR,Syria,SYR.7_1,SYR.7_1,Dayr Az Zawr,Dair-Ezzor|Dayr az Zaur|Deir Al Zour|Deir ez Zor|Der Azzor|Dier Elzour,Dayr Az Zawr,Governorate|Muhafazah,Province,NA,SY.DY,NA,NA,NA,NA,Dayr az Zawr,NA, الزور,SY-DY,iso3166-2,NA,NA,NA,0.5473400192004789,0.5463068405841838,0.5189686655245497,0.5178578653703036
SY,SYR,Syria,SYR.5_1,SYR.5_1,Damascus,NA,Damascus,Governorate|Muhafazah,Province,NA,SY.DI,NA,NA,NA,NA,Dimashq,NA,دمشق ,SY-DI,iso3166-2,NA,NA,NA,NA,NA,0.5189686655245497,0.5178578653703036
SY,SYR,Syria,SYR.2_1,SYR.2_1,Aleppo,Aleppo|Alep|Alepo|Haleb|·∏§alab,Aleppo,Governorate|Muhafazah,Province,NA,SY.HL,NA,NA,NA,NA,Ḩalab,NA,حلب,SY-HL,iso3166-2,NA,NA,NA,0.5775488425598073,0.5753500819046062,0.5189686655245497,0.5178578653703036
SY,SYR,Syria,SYR.8_1,SYR.8_1,Hamah,Hama|·∏§amƒÅh,Hamah,Governorate|Muhafazah,Province,NA,SY.HM,NA,NA,NA,NA,Ḩamāh,NA,حماة,SY-HM,iso3166-2,NA,NA,NA,0.566923838260677,0.569020970216161,0.5189686655245497,0.5178578653703036
SY,SYR,Syria,SYR.9_1,SYR.9_1,Hims,Hims|Homs,Hims,Governorate|Muhafazah,Province,NA,SY.HI,NA,NA,NA,NA,Ḩimş,NA,حمص,SY-HI,iso3166-2,NA,NA,NA,0.5573528395604166,0.5550654978812694,0.5189686655245497,0.5178578653703036
SY,SYR,Syria,SYR.10_1,SYR.10_1,Idlib,Adlib|Edleb|Idleb,Idlib,Governorate|Muhafazah,Province,NA,SY.ID,NA,NA,NA,NA,Idlib,NA, ادلب,SY-ID,iso3166-2,NA,NA,NA,0.5169670724247472,0.5149715355217064,0.5189686655245497,0.5178578653703036
SY,SYR,Syria,SYR.13_1,SYR.13_1,Rif Dimashq,Damas Campagne|Damascus Countryside|Damascus Rural,Rif Dimashq,Governorate|Muhafazah,Province,NA,SY.RD,NA,NA,NA,NA,Rīf Dimashq,NA,ريف دمشق,SY-RD,iso3166-2,NA,NA,NA,0.5572112545324632,0.5553670080547475,0.5189686655245497,0.5178578653703036
SY,SYR,Syria,SYR.14_1,SYR.14_1,Tartus,Tartaus|Tartous,Tartus,Governorate|Muhafazah,Province,NA,SY.TA,NA,NA,NA,NA,Ţarţūs,NA,طرطوس,SY-TA,iso3166-2,NA,NA,NA,0.616118358316578,0.6163775940593362,0.5189686655245497,0.5178578653703036
SZ,SWZ,Swaziland,SWZ.1_1,SWZ.1_1,Hhohho,NA,Hhohho,District,District,NA,SZ.HH,NA,NA,NA,NA,Hhohho,NA,kaHhohho,SZ-HH,iso3166-2,NA,NA,NA,0.7238169677008026,0.6384729792642835,0.7203861485764019,0.6422269487327792
SZ,SWZ,Swaziland,SWZ.2_1,SWZ.2_1,Lubombo,NA,Lubombo,District,District,NA,SZ.LU,NA,NA,NA,NA,Lubombo,NA,eLubonjeni,SZ-LU,iso3166-2,NA,NA,NA,0.737878072786312,0.6920955872530097,0.7203861485764019,0.6422269487327792
SZ,SWZ,Swaziland,SWZ.3_1,SWZ.3_1,Manzini,NA,Manzini,District,District,NA,SZ.MA,NA,NA,NA,NA,Manzini,NA,kaManzini,SZ-MA,iso3166-2,NA,NA,NA,0.7266964019281532,0.6651370345301872,0.7203861485764019,0.6422269487327792
SZ,SWZ,Swaziland,SWZ.4_1,SWZ.4_1,Shiselweni,Shiselwini,Shiselweni,District,District,NA,SZ.SH,NA,NA,NA,NA,Shiselweni,NA,eShiselweni,SZ-SH,iso3166-2,NA,NA,NA,0.698807747569542,0.650398795100467,0.7203861485764019,0.6422269487327792
TD,TCD,Chad,TCD.2_1,TCD.2_1,Batha,NA,Batha,R√©gion,Region,NA,TD.BA,nat,Chad,NA,NA,Al Baţḩah,Batha,البطحة‎,TD-BA,iso3166-2,NA,NA,NA,NA,NA,0.5456035290311094,0.5041065583843288
TD,TCD,Chad,TCD.10_1,TCD.10_1,Lac,NA,Lac,R√©gion,Region,NA,TD.LC,nat,Chad,NA,NA,Al Buḩayrah,Lac,البحيرة,TD-LC,iso3166-2,NA,NA,NA,NA,NA,0.5456035290311094,0.5041065583843288
TD,TCD,Chad,TCD.1_1,TCD.1_1,Barh el Ghazel,NA,Barh el Ghazel,R√©gion,Region,NA,TD.BG,nat,Chad,NA,NA,Baḩr al Ghazāl,Bahr el Ghazal,بحر الغزال,TD-BG,iso3166-2,NA,NA,NA,NA,NA,0.5456035290311094,0.5041065583843288
TD,TCD,Chad,TCD.3_1,TCD.3_1,Borkou,Borkou,Borkou,R√©gion,Region,NA,TD.BR,nat,Chad,NA,NA,Būrkū,Borkou,بركو,TD-BO,iso3166-2,NA,NA,NA,NA,NA,0.5456035290311094,0.5041065583843288
TD,TCD,Chad,TCD.5_1,TCD.5_1,Ennedi Est,NA,Ennedi Est,R√©gion,Region,NA,TD.EE,nat,Chad,NA,NA,Ennedi-Est,NA,الشرقية,TD-EE,iso3166-2,NA,NA,NA,NA,NA,0.5456035290311094,0.5041065583843288
TD,TCD,Chad,TCD.6_1,TCD.6_1,Ennedi Ouest,NA,Ennedi Ouest,R√©gion,Region,NA,TD.EO,nat,Chad,NA,NA,Ennedi-Ouest,NA,الغربية,TD-EO,iso3166-2,NA,NA,NA,NA,NA,0.5456035290311094,0.5041065583843288
TD,TCD,Chad,TCD.8_1,TCD.8_1,Hadjer-Lamis,NA,Hadjer-Lamis,R√©gion,Region,NA,TD.HD,nat,Chad,NA,NA,Ḩajjar Lamīs,Hadjer Lamis,حجر لميس‎,TD-HL,iso3166-2,NA,NA,NA,NA,NA,0.5456035290311094,0.5041065583843288
TD,TCD,Chad,TCD.9_1,TCD.9_1,Kanem,NA,Kanem,R√©gion,Region,NA,TD.KM,nat,Chad,NA,NA,Kānim,Kanem,كانم,TD-KA,iso3166-2,NA,NA,NA,NA,NA,0.5456035290311094,0.5041065583843288
TD,TCD,Chad,TCD.11_1,TCD.11_1,Logone Occidental,Logone-Occidental,Logone Occidental,R√©gion,Region,NA,TD.LO,nat,Chad,NA,NA,Lūqūn al Gharbī,Logone-Occidental,Logone-Occidental,TD-LO,iso3166-2,NA,NA,NA,NA,NA,0.5456035290311094,0.5041065583843288
TD,TCD,Chad,TCD.12_1,TCD.12_1,Logone Oriental,Logone-Oriental,Logone Oriental,R√©gion,Region,NA,TD.LR,nat,Chad,NA,NA,Lūqūn ash Sharqī,Logone-Oriental,Logone-Oriental,TD-LR,iso3166-2,NA,NA,NA,NA,NA,0.5456035290311094,0.5041065583843288
TD,TCD,Chad,TCD.22_1,TCD.22_1,Ville de N'Djamena,N'Djamena,Ville de N'Djamena,R√©gion,Region,NA,TD.NJ,nat,Chad,NA,NA,Madīnat Injamīnā,Ville de Ndjamena,N'Djamena / انجمينا,TD-ND,iso3166-2,NA,NA,NA,NA,NA,0.5456035290311094,0.5041065583843288
TD,TCD,Chad,TCD.13_1,TCD.13_1,Mandoul,NA,Mandoul,R√©gion,Region,NA,TD.MA,nat,Chad,NA,NA,Māndūl,Mandoul,Mandoul,TD-MA,iso3166-2,NA,NA,NA,NA,NA,0.5456035290311094,0.5041065583843288
TD,TCD,Chad,TCD.15_1,TCD.15_1,Mayo-Kebbi Ouest,NA,Mayo-Kebbi Ouest,R√©gion,Region,NA,TD.MW,nat,Chad,NA,NA,Māyū Kībbī al Gharbī,Mayo-Kebbi-Ouest,Mayo-Kebbi-Ouest,TD-MO,iso3166-2,NA,NA,NA,NA,NA,0.5456035290311094,0.5041065583843288
TD,TCD,Chad,TCD.14_1,TCD.14_1,Mayo-Kebbi Est,NA,Mayo-Kebbi Est,R√©gion,Region,NA,TD.ME,nat,Chad,NA,NA,Māyū Kībbī ash Sharqī,Mayo-Kebbi-Est,Mayo-Kebbi-Est,TD-ME,iso3166-2,NA,NA,NA,NA,NA,0.5456035290311094,0.5041065583843288
TD,TCD,Chad,TCD.7_1,TCD.7_1,Gu√©ra,Guera|Baguirmi,Gu√©ra,R√©gion,Region,NA,TD.GR,nat,Chad,NA,NA,Qīrā,Guéra,قيرا,TD-GR,iso3166-2,NA,NA,NA,NA,NA,0.5456035290311094,0.5041065583843288
TD,TCD,Chad,TCD.18_1,TCD.18_1,Salamat,NA,Salamat,R√©gion,Region,NA,TD.SA,nat,Chad,NA,NA,Salāmāt,Salamat,Salamat,TD-SA,iso3166-2,NA,NA,NA,NA,NA,0.5456035290311094,0.5041065583843288
TD,TCD,Chad,TCD.16_1,TCD.16_1,Moyen-Chari,NA,Moyen-Chari,R√©gion,Region,NA,TD.MC,nat,Chad,NA,NA,Shārī al Awsaţ,Moyen-Chari,Moyen-Chari,TD-MC,iso3166-2,NA,NA,NA,NA,NA,0.5456035290311094,0.5041065583843288
TD,TCD,Chad,TCD.4_1,TCD.4_1,Chari-Baguirmi,NA,Chari-Baguirmi,R√©gion,Region,NA,TD.CB,nat,Chad,NA,NA,Shārī Bāqirmī,Chari-Baguirmi,شاري باقرمي,TD-CB,iso3166-2,NA,NA,NA,NA,NA,0.5456035290311094,0.5041065583843288
TD,TCD,Chad,TCD.19_1,TCD.19_1,Sila,NA,Sila,R√©gion,Region,NA,TD.SI,nat,Chad,NA,NA,Sīlā,Sila,Sila,TD-SI,iso3166-2,NA,NA,NA,NA,NA,0.5456035290311094,0.5041065583843288
TD,TCD,Chad,TCD.20_1,TCD.20_1,Tandjil√©,Tandjile,Tandjil√©,R√©gion,Region,NA,TD.TA,nat,Chad,NA,NA,Tānjilī,Tandjilé,Tandjilé,TD-TA,iso3166-2,NA,NA,NA,NA,NA,0.5456035290311094,0.5041065583843288
TD,TCD,Chad,TCD.21_1,TCD.21_1,Tibesti,NA,Tibesti,R√©gion,Region,NA,TD.TI,nat,Chad,NA,NA,Tibastī,Tibesti,تيبستي,TD-TI,iso3166-2,NA,NA,NA,NA,NA,0.5456035290311094,0.5041065583843288
TD,TCD,Chad,TCD.17_1,TCD.17_1,Ouadda√Ø,Ouaddai|Ouada√Ø,Ouadda√Ø,R√©gion,Region,NA,TD.OA,nat,Chad,NA,NA,Waddāy,Ouaddaï,وداي,TD-OD,iso3166-2,NA,NA,NA,NA,NA,0.5456035290311094,0.5041065583843288
TD,TCD,Chad,TCD.23_1,TCD.23_1,Wadi Fira,Biltine,Wadi Fira,R√©gion,Region,NA,TD.BI,nat,Chad,NA,NA,Wādī Fīrā,Wadi Fira,وادي فيرا,TD-WF,iso3166-2,NA,NA,NA,NA,NA,0.5456035290311094,0.5041065583843288
TG,TGO,Togo,TGO.1_1,TGO.1_1,Centre,"R√©gion Centrale, R√©gion du Centre",Centre,R√©gion,Region,NA,TG.CE,NA,NA,NA,NA,Centrale,NA,Centrale,TG-C,iso3166-2,NA,NA,NA,0.5389950897655316,0.5766558097915069,0.46632058950628946,0.5573870344133873
TG,TGO,Togo,TGO.2_1,TGO.2_1,Kara,R√©gion de la Kara,Kara,R√©gion,Region,NA,TG.KA,NA,NA,NA,NA,Kara,NA,Kara,TG-K,iso3166-2,NA,NA,NA,0.5139859370183039,0.5422665962184005,0.46632058950628946,0.5573870344133873
TG,TGO,Togo,TGO.3_1,TGO.3_1,Maritime,R√©gion Maritime,Maritime,R√©gion,Region,NA,TG.MA,NA,NA,NA,NA,Maritime (Région),NA,Maritime (Région),TG-M,iso3166-2,NA,NA,NA,0.515448955546251,0.6238034308572081,0.46632058950628946,0.5573870344133873
TG,TGO,Togo,TGO.4_1,TGO.4_1,Plateaux,R√©gion des Plateaux,Plateaux,R√©gion,Region,NA,TG.PL,NA,NA,NA,NA,Plateaux,NA,Plateaux,TG-P,iso3166-2,NA,NA,NA,0.5337440914007175,0.5975829330465919,0.46632058950628946,0.5573870344133873
TG,TGO,Togo,TGO.5_1,TGO.5_1,Savanes,R√©gion des Savanes,Savanes,R√©gion,Region,NA,TG.SA,NA,NA,NA,NA,Savanes,NA,Savanes,TG-S,iso3166-2,NA,NA,NA,0.49955825490160183,0.5328373337517333,0.46632058950628946,0.5573870344133873
TH,THA,Thailand,THA.1_1,THA.1_1,Amnat Charoen,NA,Amnat Charoen,Changwat,Province,37,TH.AC,A,Northeast,NA,NA,Amnat Charoen,NA,อำนาจเจริญ,TH-37,iso3166-2,NA,NA,NA,NA,NA,0.5712944905000444,0.5343220728522644
TH,THA,Thailand,THA.2_1,THA.2_1,Ang Thong,NA,Ang Thong,Changwat,Province,15,TH.AT,B,Central,NA,NA,Ang Thong,NA,อ่างทอง,TH-15,iso3166-2,NA,NA,NA,NA,NA,0.5712944905000444,0.5343220728522644
TH,THA,Thailand,THA.4_1,THA.4_1,Bueng Kan,NA,Bueng Kan,Changwat,Province,NA,TH.BK,A,Northeast,NA,NA,Bueng Kan,NA,บึงกาฬ,TH-38,iso3166-2,NA,NA,NA,NA,NA,0.5712944905000444,0.5343220728522644
TH,THA,Thailand,THA.5_1,THA.5_1,Buri Ram,Buri Rum,Buri Ram,Changwat,Province,31,TH.BR,A,Northeast,NA,NA,Buri Ram,NA,บุรีรัมย์,TH-31,iso3166-2,NA,NA,NA,NA,NA,0.5712944905000444,0.5343220728522644
TH,THA,Thailand,THA.6_1,THA.6_1,Chachoengsao,Chaxerngsao|Pad Rew|Paed Riu|Petrieu|Shajeun Dhrao,Chachoengsao,Changwat,Province,24,TH.CC,B,Central,NA,NA,Chachoengsao,NA,ฉะเชิงเทรา,TH-24,iso3166-2,NA,NA,NA,NA,NA,0.5712944905000444,0.5343220728522644
TH,THA,Thailand,THA.7_1,THA.7_1,Chai Nat,Chainat,Chai Nat,Changwat,Province,18,TH.CN,B,Central,NA,NA,Chai Nat,NA,ชัยนาท,TH-18,iso3166-2,NA,NA,NA,NA,NA,0.5712944905000444,0.5343220728522644
TH,THA,Thailand,THA.8_1,THA.8_1,Chaiyaphum,NA,Chaiyaphum,Changwat,Province,36,TH.CY,A,Northeast,NA,NA,Chaiyaphum,NA,ชัยภูมิ,TH-36,iso3166-2,NA,NA,NA,NA,NA,0.5712944905000444,0.5343220728522644
TH,THA,Thailand,THA.9_1,THA.9_1,Chanthaburi,Chantaburi|Muang Chan,Chanthaburi,Changwat,Province,NA,TH.CT,B,Central,NA,NA,Chanthaburi,NA,จันทบุรี,TH-22,iso3166-2,NA,NA,NA,NA,NA,0.5712944905000444,0.5343220728522644
TH,THA,Thailand,THA.10_1,THA.10_1,Chiang Mai,NA,Chiang Mai,Changwat,Province,50,TH.CM,C,North,NA,NA,Chiang Mai,NA,เชียงใหม่,TH-50,iso3166-2,NA,NA,NA,NA,NA,0.5712944905000444,0.5343220728522644
TH,THA,Thailand,THA.11_1,THA.11_1,Chiang Rai,NA,Chiang Rai,Changwat,Province,57,TH.CR,C,North,NA,NA,Chiang Rai,NA,เชียงราย,TH-57,iso3166-2,NA,NA,NA,NA,NA,0.5712944905000444,0.5343220728522644
TH,THA,Thailand,THA.12_1,THA.12_1,Chon Buri,NA,Chon Buri,Changwat,Province,20,TH.CB,B,Central,NA,NA,Chon Buri,NA,ชลบุรี,TH-20,iso3166-2,NA,NA,NA,NA,NA,0.5712944905000444,0.5343220728522644
TH,THA,Thailand,THA.13_1,THA.13_1,Chumphon,NA,Chumphon,Changwat,Province,86,TH.CP,D,South,NA,NA,Chumphon,NA,ชุมพร,TH-86,iso3166-2,NA,NA,NA,NA,NA,0.5712944905000444,0.5343220728522644
TH,THA,Thailand,THA.14_1,THA.14_1,Kalasin,NA,Kalasin,Changwat,Province,46,TH.KL,A,Northeast,NA,NA,Kalasin,NA,กาฬสินธุ์,TH-46,iso3166-2,NA,NA,NA,NA,NA,0.5712944905000444,0.5343220728522644
TH,THA,Thailand,THA.15_1,THA.15_1,Kamphaeng Phet,Gampheang Phet|Kambhengbhej,Kamphaeng Phet,Changwat,Province,62,TH.KP,C,North,NA,NA,Kamphaeng Phet,NA,กำแพงเพชร,TH-62,iso3166-2,NA,NA,NA,NA,NA,0.5712944905000444,0.5343220728522644
TH,THA,Thailand,THA.16_1,THA.16_1,Kanchanaburi,Kan Buri|Park Prag,Kanchanaburi,Changwat,Province,71,TH.KN,B,Central,NA,NA,Kanchanaburi,NA,กาญจนบุรี,TH-71,iso3166-2,NA,NA,NA,NA,NA,0.5712944905000444,0.5343220728522644
TH,THA,Thailand,THA.17_1,THA.17_1,Khon Kaen,NA,Khon Kaen,Changwat,Province,40,TH.KK,A,Northeast,NA,NA,Khon Kaen,NA,ขอนแก่น,TH-40,iso3166-2,NA,NA,NA,NA,NA,0.5712944905000444,0.5343220728522644
TH,THA,Thailand,THA.18_1,THA.18_1,Krabi,NA,Krabi,Changwat,Province,81,TH.KR,D,South,NA,NA,Krabi,NA,กระบี่,TH-81,iso3166-2,NA,NA,NA,NA,NA,0.5712944905000444,0.5343220728522644
TH,THA,Thailand,THA.3_1,THA.3_1,Bangkok Metropolis,Bangkok|Krung Thep|Krung Thep Maha Nakhon|Phra Nakhon-Thonburi,Bangkok Metropolis,Changwat,Province,10,TH.BM,B,Central,NA,NA,Krung Thep Maha Nakhon,Bangkok,กรุงเทพมหานคร,TH-10,iso3166-2,NA,NA,NA,NA,NA,0.5712944905000444,0.5343220728522644
TH,THA,Thailand,THA.19_1,THA.19_1,Lampang,NA,Lampang,Changwat,Province,52,TH.LG,C,North,NA,NA,Lampang,NA,ลำปาง,TH-52,iso3166-2,NA,NA,NA,NA,NA,0.5712944905000444,0.5343220728522644
TH,THA,Thailand,THA.20_1,THA.20_1,Lamphun,Hariphunchai|Lampoon,Lamphun,Changwat,Province,51,TH.LN,C,North,NA,NA,Lamphun,NA,ลำพูน,TH-51,iso3166-2,NA,NA,NA,NA,NA,0.5712944905000444,0.5343220728522644
TH,THA,Thailand,THA.21_1,THA.21_1,Loei,NA,Loei,Changwat,Province,42,TH.LE,A,Northeast,NA,NA,Loei,NA,เลย,TH-42,iso3166-2,NA,NA,NA,NA,NA,0.5712944905000444,0.5343220728522644
TH,THA,Thailand,THA.22_1,THA.22_1,Lop Buri,NA,Lop Buri,Changwat,Province,16,TH.LB,B,Central,NA,NA,Lop Buri,NA,ลพบุรี,TH-16,iso3166-2,NA,NA,NA,NA,NA,0.5712944905000444,0.5343220728522644
TH,THA,Thailand,THA.23_1,THA.23_1,Mae Hong Son,NA,Mae Hong Son,Changwat,Province,58,TH.MH,C,North,NA,NA,Mae Hong Son,NA,แม่ฮ่องสอน,TH-58,iso3166-2,NA,NA,NA,NA,NA,0.5712944905000444,0.5343220728522644
TH,THA,Thailand,THA.24_1,THA.24_1,Maha Sarakham,NA,Maha Sarakham,Changwat,Province,44,TH.MS,A,Northeast,NA,NA,Maha Sarakham,NA,มหาสารคาม,TH-44,iso3166-2,NA,NA,NA,NA,NA,0.5712944905000444,0.5343220728522644
TH,THA,Thailand,THA.25_1,THA.25_1,Mukdahan,NA,Mukdahan,Changwat,Province,49,TH.MD,A,Northeast,NA,NA,Mukdahan,NA,มุกดาหาร,TH-49,iso3166-2,NA,NA,NA,NA,NA,0.5712944905000444,0.5343220728522644
TH,THA,Thailand,THA.26_1,THA.26_1,Nakhon Nayok,Nakon Nayok,Nakhon Nayok,Changwat,Province,26,TH.NN,B,Central,NA,NA,Nakhon Nayok,NA,นครนายก,TH-26,iso3166-2,NA,NA,NA,NA,NA,0.5712944905000444,0.5343220728522644
TH,THA,Thailand,THA.27_1,THA.27_1,Nakhon Pathom,NA,Nakhon Pathom,Changwat,Province,73,TH.NP,A,Northeast,NA,NA,Nakhon Pathom,NA,นครปฐม,TH-73,iso3166-2,NA,NA,NA,NA,NA,0.5712944905000444,0.5343220728522644
TH,THA,Thailand,THA.28_1,THA.28_1,Nakhon Phanom,NA,Nakhon Phanom,Changwat,Province,48,TH.NF,A,Northeast,NA,NA,Nakhon Phanom,NA,นครพนม,TH-48,iso3166-2,NA,NA,NA,NA,NA,0.5712944905000444,0.5343220728522644
TH,THA,Thailand,THA.29_1,THA.29_1,Nakhon Ratchasima,Khorat|Nagara Rajasima|Nakaun Rachasima,Nakhon Ratchasima,Changwat,Province,30,TH.NR,A,Northeast,NA,NA,Nakhon Ratchasima,NA,นครราชสีมา,TH-30,iso3166-2,NA,NA,NA,NA,NA,0.5712944905000444,0.5343220728522644
TH,THA,Thailand,THA.30_1,THA.30_1,Nakhon Sawan,NA,Nakhon Sawan,Changwat,Province,60,TH.NS,C,North,NA,NA,Nakhon Sawan,NA,นครสวรรค์,TH-60,iso3166-2,NA,NA,NA,NA,NA,0.5712944905000444,0.5343220728522644
TH,THA,Thailand,THA.31_1,THA.31_1,Nakhon Si Thammarat,Nakhon Thammarat|Nagara Sridharmaraj|Nakhon Sri Thammarat|Nakhornsrithamrat|Nakornsrithamaraj,Nakhon Si Thammarat,Changwat,Province,80,TH.NT,D,South,NA,NA,Nakhon Si Thammarat,NA,นครศรีธรรมราช,TH-80,iso3166-2,NA,NA,NA,NA,NA,0.5712944905000444,0.5343220728522644
TH,THA,Thailand,THA.32_1,THA.32_1,Nan,NA,Nan,Changwat,Province,55,TH.NA,C,North,NA,NA,Nan,NA,น่าน,TH-55,iso3166-2,NA,NA,NA,NA,NA,0.5712944905000444,0.5343220728522644
TH,THA,Thailand,THA.33_1,THA.33_1,Narathiwat,NA,Narathiwat,Changwat,Province,96,TH.NW,D,South,NA,NA,Narathiwat,NA,นราธิวาส,TH-96,iso3166-2,NA,NA,NA,NA,NA,0.5712944905000444,0.5343220728522644
TH,THA,Thailand,THA.34_1,THA.34_1,Nong Bua Lam Phu,Nong Bua Lamphu,Nong Bua Lam Phu,Changwat,Province,39,TH.NB,A,Northeast,NA,NA,Nong Bua Lam Phu,NA,หนองบัวลำภู,TH-39,iso3166-2,NA,NA,NA,NA,NA,0.5712944905000444,0.5343220728522644
TH,THA,Thailand,THA.35_1,THA.35_1,Nong Khai,NA,Nong Khai,Changwat,Province,43,TH.NK,A,Northeast,NA,NA,Nong Khai,NA,หนองคาย,TH-43,iso3166-2,NA,NA,NA,NA,NA,0.5712944905000444,0.5343220728522644
TH,THA,Thailand,THA.36_1,THA.36_1,Nonthaburi,NA,Nonthaburi,Changwat,Province,12,TH.NO,B,Central,NA,NA,Nonthaburi,NA,นนทบุรี,TH-12,iso3166-2,NA,NA,NA,NA,NA,0.5712944905000444,0.5343220728522644
TH,THA,Thailand,THA.37_1,THA.37_1,Pathum Thani,NA,Pathum Thani,Changwat,Province,13,TH.PT,B,Central,NA,NA,Pathum Thani,NA,ปทุมธานี,TH-13,iso3166-2,NA,NA,NA,NA,NA,0.5712944905000444,0.5343220728522644
TH,THA,Thailand,THA.38_1,THA.38_1,Pattani,NA,Pattani,Changwat,Province,94,TH.PI,D,South,NA,NA,Pattani,NA,ปัตตานี,TH-94,iso3166-2,NA,NA,NA,NA,NA,0.5712944905000444,0.5343220728522644
TH,THA,Thailand,THA.39_1,THA.39_1,Phangnga,NA,Phangnga,Changwat,Province,82,TH.PG,D,South,NA,NA,Phangnga,NA,พังงา,TH-82,iso3166-2,NA,NA,NA,NA,NA,0.5712944905000444,0.5343220728522644
TH,THA,Thailand,THA.40_1,THA.40_1,Phatthalung,NA,Phatthalung,Changwat,Province,93,TH.PL,D,South,NA,NA,Phatthalung,NA,พัทลุง,TH-93,iso3166-2,NA,NA,NA,NA,NA,0.5712944905000444,0.5343220728522644
TH,THA,Thailand,NA,TH-S,NA,NA,NA,NA,NA,NA,NA,B,Central,NA,NA,Phatthaya,NA,NA,TH-S,iso3166-2,NA,NA,NA,NA,NA,0.5712944905000444,0.5343220728522644
TH,THA,Thailand,THA.41_1,THA.41_1,Phayao,NA,Phayao,Changwat,Province,56,TH.PY,C,North,NA,NA,Phayao,NA,พะเยา,TH-56,iso3166-2,NA,NA,NA,NA,NA,0.5712944905000444,0.5343220728522644
TH,THA,Thailand,THA.42_1,THA.42_1,Phetchabun,NA,Phetchabun,Changwat,Province,67,TH.PH,C,North,NA,NA,Phetchabun,NA,เพชรบูรณ์,TH-67,iso3166-2,NA,NA,NA,NA,NA,0.5712944905000444,0.5343220728522644
TH,THA,Thailand,THA.43_1,THA.43_1,Phetchaburi,Phetcha Buri|Bejraburi|Petchburi|Phet Buri|Tetchburit,Phetchaburi,Changwat,Province,76,TH.PE,B,Central,NA,NA,Phetchaburi,NA,เพชรบุรี,TH-76,iso3166-2,NA,NA,NA,NA,NA,0.5712944905000444,0.5343220728522644
TH,THA,Thailand,THA.44_1,THA.44_1,Phichit,NA,Phichit,Changwat,Province,66,TH.PC,C,North,NA,NA,Phichit,NA,พิจิตร,TH-66,iso3166-2,NA,NA,NA,NA,NA,0.5712944905000444,0.5343220728522644
TH,THA,Thailand,THA.45_1,THA.45_1,Phitsanulok,Bisnulok|Phisanulauk|Phitsnulok|Pitsanuloke,Phitsanulok,Changwat,Province,65,TH.PS,C,North,NA,NA,Phitsanulok,NA,พิษณุโลก,TH-65,iso3166-2,NA,NA,NA,NA,NA,0.5712944905000444,0.5343220728522644
TH,THA,Thailand,THA.46_1,THA.46_1,Phra Nakhon Si Ayutthaya,Phranakhon Si Ayutthaya|Ayudhya|Ayutthaya|Phranakhornsri-ayuthaya,Phra Nakhon Si Ayutthaya,Changwat,Province,14,TH.PA,B,Central,NA,NA,Phra Nakhon Si Ayutthaya,NA,พระนครศรีอยุธยา,TH-14,iso3166-2,NA,NA,NA,NA,NA,0.5712944905000444,0.5343220728522644
TH,THA,Thailand,THA.47_1,THA.47_1,Phrae,NA,Phrae,Changwat,Province,54,TH.PR,C,North,NA,NA,Phrae,NA,แพร่,TH-54,iso3166-2,NA,NA,NA,NA,NA,0.5712944905000444,0.5343220728522644
TH,THA,Thailand,THA.48_1,THA.48_1,Phuket,NA,Phuket,Changwat,Province,83,TH.PU,D,South,NA,NA,Phuket,NA,ภูเก็ต,TH-83,iso3166-2,NA,NA,NA,NA,NA,0.5712944905000444,0.5343220728522644
TH,THA,Thailand,THA.49_1,THA.49_1,Prachin Buri,NA,Prachin Buri,Changwat,Province,25,TH.PB,B,Central,NA,NA,Prachin Buri,NA,ปราจีนบุรี,TH-25,iso3166-2,NA,NA,NA,NA,NA,0.5712944905000444,0.5343220728522644
TH,THA,Thailand,THA.50_1,THA.50_1,Prachuap Khiri Khan,Korh Luxk|Prachuab Girikhand|Prachuapkirikhan|Prachut Khirikhan,Prachuap Khiri Khan,Changwat,Province,77,TH.PK,B,Central,NA,NA,Prachuap Khiri Khan,NA,ประจวบคีรีขันธ์,TH-77,iso3166-2,NA,NA,NA,NA,NA,0.5712944905000444,0.5343220728522644
TH,THA,Thailand,THA.51_1,THA.51_1,Ranong,NA,Ranong,Changwat,Province,85,TH.RN,D,South,NA,NA,Ranong,NA,ระนอง,TH-85,iso3166-2,NA,NA,NA,NA,NA,0.5712944905000444,0.5343220728522644
TH,THA,Thailand,THA.52_1,THA.52_1,Ratchaburi,NA,Ratchaburi,Changwat,Province,70,TH.RT,B,Central,NA,NA,Ratchaburi,NA,ราชบุรี,TH-70,iso3166-2,NA,NA,NA,NA,NA,0.5712944905000444,0.5343220728522644
TH,THA,Thailand,THA.53_1,THA.53_1,Rayong,NA,Rayong,Changwat,Province,21,TH.RY,B,Central,NA,NA,Rayong,NA,ระยอง,TH-21,iso3166-2,NA,NA,NA,NA,NA,0.5712944905000444,0.5343220728522644
TH,THA,Thailand,THA.54_1,THA.54_1,Roi Et,NA,Roi Et,Changwat,Province,45,TH.RE,A,Northeast,NA,NA,Roi Et,NA,ร้อยเอ็ด,TH-45,iso3166-2,NA,NA,NA,NA,NA,0.5712944905000444,0.5343220728522644
TH,THA,Thailand,THA.55_1,THA.55_1,Sa Kaeo,Srakaeo,Sa Kaeo,Changwat,Province,27,TH.SK,B,Central,NA,NA,Sa Kaeo,NA,สระแก้ว,TH-27,iso3166-2,NA,NA,NA,NA,NA,0.5712944905000444,0.5343220728522644
TH,THA,Thailand,THA.56_1,THA.56_1,Sakon Nakhon,NA,Sakon Nakhon,Changwat,Province,47,TH.SN,A,Northeast,NA,NA,Sakon Nakhon,NA,สกลนคร,TH-47,iso3166-2,NA,NA,NA,NA,NA,0.5712944905000444,0.5343220728522644
TH,THA,Thailand,THA.57_1,THA.57_1,Samut Prakan,Pak Nam|Samudh Prakarn|Samudraprakar|Samut Phrakhan,Samut Prakan,Changwat,Province,11,TH.SP,B,Central,NA,NA,Samut Prakan,NA,สมุทรปราการ,TH-11,iso3166-2,NA,NA,NA,NA,NA,0.5712944905000444,0.5343220728522644
TH,THA,Thailand,THA.58_1,THA.58_1,Samut Sakhon,Krokkrak Maha Chai|Mahachai|Samudrasagara,Samut Sakhon,Changwat,Province,74,TH.SS,B,Central,NA,NA,Samut Sakhon,NA,สมุทรสาคร,TH-74,iso3166-2,NA,NA,NA,NA,NA,0.5712944905000444,0.5343220728522644
TH,THA,Thailand,THA.59_1,THA.59_1,Samut Songkhram,Mae Klong|Samudrasonggram,Samut Songkhram,Changwat,Province,75,TH.SM,B,Central,NA,NA,Samut Songkhram,NA,สมุทรสงคราม,TH-75,iso3166-2,NA,NA,NA,NA,NA,0.5712944905000444,0.5343220728522644
TH,THA,Thailand,THA.60_1,THA.60_1,Saraburi,Sara Buri,Saraburi,Changwat,Province,19,TH.SR,B,Central,NA,NA,Saraburi,NA,สระบุรี,TH-19,iso3166-2,NA,NA,NA,NA,NA,0.5712944905000444,0.5343220728522644
TH,THA,Thailand,THA.61_1,THA.61_1,Satun,NA,Satun,Changwat,Province,91,TH.SA,D,South,NA,NA,Satun,NA,สตูล,TH-91,iso3166-2,NA,NA,NA,NA,NA,0.5712944905000444,0.5343220728522644
TH,THA,Thailand,THA.62_1,THA.62_1,Si Sa Ket,Sisaket|Khukhan|Khukhandh|Srisaket,Si Sa Ket,Changwat,Province,33,TH.SI,A,Northeast,NA,NA,Si Sa Ket,NA,สิงห์บุรี,TH-33,iso3166-2,NA,NA,NA,NA,NA,0.5712944905000444,0.5343220728522644
TH,THA,Thailand,THA.63_1,THA.63_1,Sing Buri,NA,Sing Buri,Changwat,Province,17,TH.SB,B,Central,NA,NA,Sing Buri,NA,ศรีสะเกษ,TH-17,iso3166-2,NA,NA,NA,NA,NA,0.5712944905000444,0.5343220728522644
TH,THA,Thailand,THA.64_1,THA.64_1,Songkhla,NA,Songkhla,Changwat,Province,90,TH.SG,D,South,NA,NA,Songkhla,NA,สงขลา,TH-90,iso3166-2,NA,NA,NA,NA,NA,0.5712944905000444,0.5343220728522644
TH,THA,Thailand,THA.65_1,THA.65_1,Sukhothai,Sawankhalokt|Sukhotai|Sukothai|Svargalok,Sukhothai,Changwat,Province,64,TH.SO,C,North,NA,NA,Sukhothai,NA,สุโขทัย,TH-64,iso3166-2,NA,NA,NA,NA,NA,0.5712944905000444,0.5343220728522644
TH,THA,Thailand,THA.66_1,THA.66_1,Suphan Buri,NA,Suphan Buri,Changwat,Province,72,TH.SH,B,Central,NA,NA,Suphan Buri,NA,สุพรรณบุรี,TH-72,iso3166-2,NA,NA,NA,NA,NA,0.5712944905000444,0.5343220728522644
TH,THA,Thailand,THA.67_1,THA.67_1,Surat Thani,NA,Surat Thani,Changwat,Province,84,TH.ST,D,South,NA,NA,Surat Thani,NA,สุราษฎร์ธานี,TH-84,iso3166-2,NA,NA,NA,NA,NA,0.5712944905000444,0.5343220728522644
TH,THA,Thailand,THA.68_1,THA.68_1,Surin,NA,Surin,Changwat,Province,32,TH.SU,A,Northeast,NA,NA,Surin,NA,สุรินทร์,TH-32,iso3166-2,NA,NA,NA,NA,NA,0.5712944905000444,0.5343220728522644
TH,THA,Thailand,THA.69_1,THA.69_1,Tak,NA,Tak,Changwat,Province,63,TH.TK,C,North,NA,NA,Tak,NA,ตาก,TH-63,iso3166-2,NA,NA,NA,NA,NA,0.5712944905000444,0.5343220728522644
TH,THA,Thailand,THA.70_1,THA.70_1,Trang,Tab Tiang,Trang,Changwat,Province,92,TH.TG,D,South,NA,NA,Trang,NA,ตรัง,TH-92,iso3166-2,NA,NA,NA,NA,NA,0.5712944905000444,0.5343220728522644
TH,THA,Thailand,THA.71_1,THA.71_1,Trat,NA,Trat,Changwat,Province,23,TH.TT,B,Central,NA,NA,Trat,NA,ตราด,TH-23,iso3166-2,NA,NA,NA,NA,NA,0.5712944905000444,0.5343220728522644
TH,THA,Thailand,THA.72_1,THA.72_1,Ubon Ratchathani,NA,Ubon Ratchathani,Changwat,Province,34,TH.UR,A,Northeast,NA,NA,Ubon Ratchathani,NA,อุบลราชธานี,TH-34,iso3166-2,NA,NA,NA,NA,NA,0.5712944905000444,0.5343220728522644
TH,THA,Thailand,THA.73_1,THA.73_1,Udon Thani,NA,Udon Thani,Changwat,Province,41,TH.UN,A,Northeast,NA,NA,Udon Thani,NA,อุดรธานี,TH-41,iso3166-2,NA,NA,NA,NA,NA,0.5712944905000444,0.5343220728522644
TH,THA,Thailand,THA.74_1,THA.74_1,Uthai Thani,NA,Uthai Thani,Changwat,Province,61,TH.UT,C,North,NA,NA,Uthai Thani,NA,อุทัยธานี,TH-61,iso3166-2,NA,NA,NA,NA,NA,0.5712944905000444,0.5343220728522644
TH,THA,Thailand,THA.75_1,THA.75_1,Uttaradit,NA,Uttaradit,Changwat,Province,53,TH.UD,C,North,NA,NA,Uttaradit,NA,อุตรดิตถ์,TH-53,iso3166-2,NA,NA,NA,NA,NA,0.5712944905000444,0.5343220728522644
TH,THA,Thailand,THA.76_1,THA.76_1,Yala,NA,Yala,Changwat,Province,95,TH.YL,D,South,NA,NA,Yala,NA,ยะลา,TH-95,iso3166-2,NA,NA,NA,NA,NA,0.5712944905000444,0.5343220728522644
TH,THA,Thailand,THA.77_1,THA.77_1,Yasothon,NA,Yasothon,Changwat,Province,35,TH.YS,A,Northeast,NA,NA,Yasothon,NA,ยโสธร,TH-35,iso3166-2,NA,NA,NA,NA,NA,0.5712944905000444,0.5343220728522644
TJ,TJK,Tajikistan,TJK.1_1,TJK.1_1,Dushanbe,NA,Dushanbe,Viloyat,Region,NA,TJ.RR,NA,NA,NA,NA,Dushanbe,NA,Душанбе,TJ-DU,iso3166-2,NA,NA,NA,NA,NA,0.4740010820066715,0.45645461156764694
TJ,TJK,Tajikistan,TJK.3_1,TJK.3_1,Khatlon,Hationskaya oblast'|Hatlonskaja oblast',Khatlon,Viloyat,Region,NA,TJ.KL,NA,NA,NA,NA,Khatlon,NA,Вилояти Хатлон,TJ-KT,iso3166-2,NA,NA,NA,0.5338684370047279,0.5143847441391552,0.4740010820066715,0.45645461156764694
TJ,TJK,Tajikistan,TJK.2_1,TJK.2_1,Gorno-Badakhshan,Badakhshoni Kuni|Autonomes Gebiet der Berg-Badachschanen|Gorno-Badahshanskaya avtonomnaya oblast'|Go,Gorno-Badakhshan,Viloiati Mukhtori|Viloyati Avtonomii,Region,NA,TJ.BK,NA,NA,NA,NA,Kŭhistoni Badakhshon,GBAO,Вилояти Мухтори Кӯҳистони Бадахшон,TJ-GB,iso3166-2,NA,NA,NA,0.5530830424978446,0.597743901899556,0.4740010820066715,0.45645461156764694
TJ,TJK,Tajikistan,TJK.5_1,TJK.5_1,Tadzhikistan Territories,NA,Tadzhikistan Territories,Viloyat,Region,NA,TJ.RR,NA,NA,NA,NA,nohiyahoi tobei jumhurí,RRP,Ноҳияҳои тобеи ҷумҳурӣ,TJ-RA,iso3166-2,NA,NA,NA,0.515428043828048,0.5030033923346588,0.4740010820066715,0.45645461156764694
TJ,TJK,Tajikistan,TJK.4_1,TJK.4_1,Leninabad,Sogd|Hod≈æent|Khodzhent|Khujand|Leninabadskaya oblast'|Leninobod|Sogdiyskaya oblast'|Sogdskaja oblast,Leninabad,Viloyat,Region,NA,TJ.LE,NA,NA,NA,NA,Sughd,NA,Вилояти Суғд,TJ-SU,iso3166-2,NA,NA,NA,0.5270392651318766,0.5118276270446882,0.4740010820066715,0.45645461156764694
TM,TKM,Turkmenistan,TKM.1_1,TKM.1_1,Ahal,Akhal|Ashkhabad|Ashkhabadskaya Oblast,Ahal,Welayat|Velayat,Province,NA,TM.AL,NA,NA,NA,NA,Ahal,NA,Ahal,TM-A,iso3166-2,NA,NA,NA,0.3696833715626681,0.31379475690339914,0.2578098308722335,0.24620904511578784
TM,TKM,Turkmenistan,TKM.2_1,TKM.2_1,A≈ügabat,Ashgabat,A≈ügabat,Ashkhabad,Independent City,NA,TM.AB,NA,NA,NA,NA,Aşgabat,NA,Aşgabat,TM-S,iso3166-2,NA,NA,NA,NA,NA,0.2578098308722335,0.24620904511578784
TM,TKM,Turkmenistan,TKM.3_1,TKM.3_1,Balkan,"Krasnovodsk, Krasnovodskaya Oblast",Balkan,Welayat|Velayat,Province,NA,TM.BA,NA,NA,NA,NA,Balkan,NA,Balkan,TM-B,iso3166-2,NA,NA,NA,0.30517766546046654,0.352877534418908,0.2578098308722335,0.24620904511578784
TM,TKM,Turkmenistan,TKM.6_1,TKM.6_1,Tashauz,Dashoguz|Dashhowuz|Dashkhovuz|Tashauzskaya Oblast,Tashauz,Welayat|Velayat,Province,NA,TM.DA,NA,NA,NA,NA,Daşoguz,NA,Daşoguz,TM-D,iso3166-2,NA,NA,NA,0.27172475086473974,0.31462745438023254,0.2578098308722335,0.24620904511578784
TM,TKM,Turkmenistan,TKM.4_1,TKM.4_1,Chardzhou,Lebap|Chardzhouskaya Oblast,Chardzhou,Welayat|Velayat,Province,NA,TM.LE,NA,NA,NA,NA,Lebap,NA,Lebap,TM-L,iso3166-2,NA,NA,NA,0.41069027725962515,0.3772780902514952,0.2578098308722335,0.24620904511578784
TM,TKM,Turkmenistan,TKM.5_1,TKM.5_1,Mary,Maruy|Marysk|Maryyskaya Oblast,Mary,Welayat|Velayat,Province,NA,TM.MA,NA,NA,NA,NA,Mary,NA,Mary,TM-M,iso3166-2,NA,NA,NA,0.3308561042049382,0.29752578901535015,0.2578098308722335,0.24620904511578784
TN,TUN,Tunisia,TUN.2_1,TUN.2_1,B√©ja,BƒÅjah|B√©ja,B√©ja,Wilayat,Governorate,NA,TN.BJ,NA,NA,NA,NA,Béja,NA,باجة,TN-31,iso3166-2,NA,NA,NA,0.5455406497546038,0.6171051617327071,0.5216327861090494,0.5820959734936421
TN,TUN,Tunisia,TUN.3_1,TUN.3_1,Ben Arous (Tunis Sud),Bin `Ar≈´s|Ben Arous|Tunis Ben Arous,Ben Arous (Tunis Sud),Wilayat,Governorate,NA,TN.BA,NA,NA,NA,NA,Ben Arous,NA,بن عروس,TN-13,iso3166-2,NA,NA,NA,0.5323683042868104,0.6005466533335585,0.5216327861090494,0.5820959734936421
TN,TUN,Tunisia,TUN.4_1,TUN.4_1,Bizerte,BanzartBanzart|Bensert|Binzart|Biserta|Bizerta,Bizerte,Wilayat,Governorate,NA,TN.BZ,NA,NA,NA,NA,Bizerte,NA,بنزرت,TN-23,iso3166-2,NA,NA,NA,0.5112362337175962,0.5945415854126546,0.5216327861090494,0.5820959734936421
TN,TUN,Tunisia,TUN.5_1,TUN.5_1,Gab√®s,QƒÅbis|GabƒÅs,Gab√®s,Wilayat,Governorate,NA,TN.GB,NA,NA,NA,NA,Gabès,NA,ڨابس,TN-81,iso3166-2,NA,NA,NA,0.5855590367814301,0.6756268947512254,0.5216327861090494,0.5820959734936421
TN,TUN,Tunisia,TUN.6_1,TUN.6_1,Gafsa,Gaf·π£ah|Qaf·π£ah,Gafsa,Wilayat,Governorate,NA,TN.GF,NA,NA,NA,NA,Gafsa,NA,ڨفصة,TN-71,iso3166-2,NA,NA,NA,0.5600606863369667,0.6648188613902939,0.5216327861090494,0.5820959734936421
TN,TUN,Tunisia,TUN.7_1,TUN.7_1,Jendouba,Jendo√ªbah|Jenduba|Jondouba|Jund≈´bah|Souk-El-Arba|Dschunduba,Jendouba,Wilayat,Governorate,NA,TN.JE,NA,NA,NA,NA,Jendouba,NA,جندوبة,TN-32,iso3166-2,NA,NA,NA,0.5927814331776952,0.6177608619161531,0.5216327861090494,0.5820959734936421
TN,TUN,Tunisia,TUN.8_1,TUN.8_1,Kairouan,Al QayrawƒÅn|Al Qƒ´rwƒÅn|Qairou√¢n|Kairu√£|Kairouwan,Kairouan,Wilayat,Governorate,NA,TN.KR,NA,NA,NA,NA,Kairouan,NA,قيروان,TN-41,iso3166-2,NA,NA,NA,0.5817185520710831,0.5616636248746707,0.5216327861090494,0.5820959734936421
TN,TUN,Tunisia,TUN.9_1,TUN.9_1,Kass√©rine,Al Qa·π£rayn|Al Ga·π£rƒ´n|Al Qasrin|Kasserim|Al Qa·π£rayn|Sbeitla,Kass√©rine,Wilayat,Governorate,NA,TN.KS,NA,NA,NA,NA,Kasserine,NA,ڨصرين,TN-42,iso3166-2,NA,NA,NA,0.5687986429093849,0.6092715237150488,0.5216327861090494,0.5820959734936421
TN,TUN,Tunisia,TUN.10_1,TUN.10_1,Kebili,Kebilli|Qbili|Qibilƒ´,Kebili,Wilayat,Governorate,NA,TN.KB,NA,NA,NA,NA,Kébili,NA,ڨبلي,TN-73,iso3166-2,NA,NA,NA,0.6395658878083927,0.6239169960646344,0.5216327861090494,0.5820959734936421
TN,TUN,Tunisia,TUN.1_1,TUN.1_1,Ariana,Al AryiƒÅnah|L'Ariana|Tunis Ariana|Al AryƒÅnah,Ariana,Wilayat,Governorate,NA,TN.AN,NA,NA,NA,NA,L'Ariana,Ariana,أريانة,TN-12,iso3166-2,NA,NA,NA,0.5524958168559807,0.626115994928295,0.5216327861090494,0.5820959734936421
TN,TUN,Tunisia,TUN.13_1,TUN.13_1,Manubah,NA,Manubah,Wilayat,Governorate,NA,TN.MN,NA,NA,NA,NA,La Manouba,Manouba,المهدية,TN-14,iso3166-2,NA,NA,NA,0.5644647660973477,0.6428398061582935,0.5216327861090494,0.5820959734936421
TN,TUN,Tunisia,TUN.11_1,TUN.11_1,Le Kef,Al KƒÅf|El Kef|Kaf|Kef,Le Kef,Wilayat,Governorate,NA,TN.KF,NA,NA,NA,NA,Le Kef,NA,الكاف,TN-33,iso3166-2,NA,NA,NA,0.5822773732540606,0.6503269995415923,0.5216327861090494,0.5820959734936421
TN,TUN,Tunisia,TUN.12_1,TUN.12_1,Mahdia,Al Madƒ´yah|Al Mahdiyya|Mahdi√¢h,Mahdia,Wilayat,Governorate,NA,TN.MH,NA,NA,NA,NA,Mahdia,NA, منوبة,TN-53,iso3166-2,NA,NA,NA,0.5678755934493952,0.5517820568349084,0.5216327861090494,0.5820959734936421
TN,TUN,Tunisia,TUN.14_1,TUN.14_1,M√©denine,Madanƒ´yƒ´n|Madanƒ´n|Medenin,M√©denine,Wilayat,Governorate,NA,TN.ME,NA,NA,NA,NA,Médenine,NA,مدنين,TN-82,iso3166-2,NA,NA,NA,0.5834628278663443,0.637069322414571,0.5216327861090494,0.5820959734936421
TN,TUN,Tunisia,TUN.15_1,TUN.15_1,Monastir,Al Munastƒ´r,Monastir,Wilayat,Governorate,NA,TN.MS,NA,NA,NA,NA,Monastir,NA,المنستير,TN-52,iso3166-2,NA,NA,NA,0.5963233082058252,0.5849056072747775,0.5216327861090494,0.5820959734936421
TN,TUN,Tunisia,TUN.16_1,TUN.16_1,Nabeul,Cap Bon|Nabil|NƒÅbol|NƒÅbul,Nabeul,Wilayat,Governorate,NA,TN.NB,NA,NA,NA,NA,Nabeul,NA,نابل,TN-21,iso3166-2,NA,NA,NA,0.5313538990777437,0.6001986904128165,0.5216327861090494,0.5820959734936421
TN,TUN,Tunisia,TUN.17_1,TUN.17_1,Sfax,SafƒÅqis|·π¢afƒÅqis|·π¢fƒÅqis,Sfax,Wilayat,Governorate,NA,TN.SF,NA,NA,NA,NA,Sfax,NA, صفاقس,TN-61,iso3166-2,NA,NA,NA,0.5730810217127789,0.6810622968291469,0.5216327861090494,0.5820959734936421
TN,TUN,Tunisia,TUN.18_1,TUN.18_1,Sidi Bou Zid,Sƒ´dƒ´ B≈´ Zayd|Qamudah|Sidi Bo√ª Sa`√Æd|Sidi Buzid|Sidi B≈´ Sa`ƒ´d|Sƒ´dƒ´ B≈´ Zayd|Sidi Bu Said,Sidi Bou Zid,Wilayat,Governorate,NA,TN.SZ,NA,NA,NA,NA,Sidi Bouzid,NA,سيدي بوزيد,TN-43,iso3166-2,NA,NA,NA,0.5758014985800569,0.5281239702984205,0.5216327861090494,0.5820959734936421
TN,TUN,Tunisia,TUN.19_1,TUN.19_1,Siliana,SiliƒÅnah|SilyƒÅnah,Siliana,Wilayat,Governorate,NA,TN.SL,NA,NA,NA,NA,Siliana,NA, سليانة,TN-34,iso3166-2,NA,NA,NA,0.6023086577036391,0.6224287408204889,0.5216327861090494,0.5820959734936421
TN,TUN,Tunisia,TUN.20_1,TUN.20_1,Sousse,Sousa|Sussa|Susse|Susa|S≈´sah,Sousse,Wilayat,Governorate,NA,TN.SS,NA,NA,NA,NA,Sousse,NA,سوسة,TN-51,iso3166-2,NA,NA,NA,0.5682622534601403,0.5840541666483989,0.5216327861090494,0.5820959734936421
TN,TUN,Tunisia,TUN.21_1,TUN.21_1,Tataouine,Foum Tataouine|Tatahouine|Tatuine|Ta≈£ƒÅwƒ´n,Tataouine,Wilayat,Governorate,NA,TN.TA,NA,NA,NA,NA,Tataouine,NA,تطاوين,TN-83,iso3166-2,NA,NA,NA,0.5836998365965747,0.5729441913042803,0.5216327861090494,0.5820959734936421
TN,TUN,Tunisia,TUN.22_1,TUN.22_1,Tozeur,Tawzar|Touzar|T≈´zar,Tozeur,Wilayat,Governorate,NA,TN.TO,NA,NA,NA,NA,Tozeur,NA,توزر,TN-72,iso3166-2,NA,NA,NA,0.6240635275171396,0.600575573094922,0.5216327861090494,0.5820959734936421
TN,TUN,Tunisia,TUN.23_1,TUN.23_1,Tunis,Tounis|Tunis City|T≈´nus|T√∫nez|T√∫nis|Tunisi|T≈´nis,Tunis,Wilayat,Governorate,NA,TN.TU,NA,NA,NA,NA,Tunis,NA,تونس,TN-11,iso3166-2,NA,NA,NA,0.5392382461614884,0.6211848320953491,0.5216327861090494,0.5820959734936421
TN,TUN,Tunisia,TUN.24_1,TUN.24_1,Zaghouan,Tunis South|Zachouan|Zaguan|ZaghwƒÅn|Saghuan,Zaghouan,Wilayat,Governorate,NA,TN.ZA,NA,NA,NA,NA,Zaghouan,NA,زغوان,TN-22,iso3166-2,NA,NA,NA,0.5873775354332932,0.6017971275036862,0.5216327861090494,0.5820959734936421
TR,TUR,Turkey,NA,TR3,NA,NA,NA,NA,NA,NA,NA,NA,NA,NA,NA,Aegean,NA,NA,TR3,nuts2,NA,NA,NA,0.541019274943122,0.7560494274283848,0.5488241676434462,0.7610104866724704
TR,TUR,Turkey,NA,TR7,NA,NA,NA,NA,NA,NA,NA,NA,NA,NA,NA,Central Anatolia,NA,NA,TR7,nuts2,NA,NA,NA,0.6179475741098165,0.7206862166728807,0.5488241676434462,0.7610104866724704
TR,TUR,Turkey,NA,TRB,NA,NA,NA,NA,NA,NA,NA,NA,NA,NA,NA,Central East Anatolia,NA,NA,TRB,nuts2,NA,NA,NA,0.61653969350501725,0.6853439338723127,0.5488241676434462,0.7610104866724704
TR,TUR,Turkey,NA,TR9,NA,NA,NA,NA,NA,NA,NA,NA,NA,NA,NA,East Black Sea,NA,NA,TR9,nuts2,NA,NA,NA,0.5852556774985989,0.701543050727711,0.5488241676434462,0.7610104866724704
TR,TUR,Turkey,NA,TR4,NA,NA,NA,NA,NA,NA,NA,NA,NA,NA,NA,East Marmara,NA,NA,TR4,nuts2,NA,NA,NA,0.647701271586516,0.7719652406273878,0.5488241676434462,0.7610104866724704
TR,TUR,Turkey,NA,TR1,NA,NA,NA,NA,NA,NA,NA,NA,NA,NA,NA,Istanbul,NA,NA,TR1,nuts2,NA,NA,NA,0.6575319214854043,0.745241030680747,0.5488241676434462,0.7610104866724704
TR,TUR,Turkey,NA,TR6,NA,NA,NA,NA,NA,NA,NA,NA,NA,NA,NA,Mediterranean,NA,NA,TR6,nuts2,NA,NA,NA,0.49239261813870555,0.7693708158601144,0.5488241676434462,0.7610104866724704
TR,TUR,Turkey,NA,TRA,NA,NA,NA,NA,NA,NA,NA,NA,NA,NA,NA,Northeast Anatolia,NA,NA,TRA,nuts2,NA,NA,NA,0.5078172180750015,0.684738179560094,0.5488241676434462,0.7610104866724704
TR,TUR,Turkey,NA,TRC,NA,NA,NA,NA,NA,NA,NA,NA,NA,NA,NA,Southeast Anatolia,NA,NA,TRC,nuts2,NA,NA,NA,0.6050312269307474,0.8464600695900187,0.5488241676434462,0.7610104866724704
TR,TUR,Turkey,NA,TR5,NA,NA,NA,NA,NA,NA,NA,NA,NA,NA,NA,West Anatolia,NA,NA,TR5,nuts2,NA,NA,NA,0.5412396534491206,0.7538483674419479,0.5488241676434462,0.7610104866724704
TR,TUR,Turkey,NA,TR8,NA,NA,NA,NA,NA,NA,NA,NA,NA,NA,NA,West Black Sea,NA,NA,TR8,nuts2,NA,NA,NA,0.5100618826364132,0.7199914942639576,0.5488241676434462,0.7610104866724704
TR,TUR,Turkey,NA,TR2,NA,NA,NA,NA,NA,NA,NA,NA,NA,NA,NA,West Marmara,NA,NA,TR2,nuts2,NA,NA,NA,0.6321141423386724,0.7303894094142572,0.5488241676434462,0.7610104866724704
TT,TTO,Trinidad and Tobago,TTO.1_1,TTO.1_1,Arima,NA,Arima,Borough,Borough,NA,TT.AR,nat,Trinidad and Tobago,NA,NA,Arima,NA,Arima,TT-ARI,iso3166-2,NA,NA,NA,NA,NA,0.51733364629497125,0.699213105453427
TT,TTO,Trinidad and Tobago,TTO.2_1,TTO.2_1,Chaguanas,NA,Chaguanas,Borough,Borough,NA,TT.CH,nat,Trinidad and Tobago,NA,NA,Chaguanas,NA,Chaguanas,TT-CHA,iso3166-2,NA,NA,NA,NA,NA,0.51733364629497125,0.699213105453427
TT,TTO,Trinidad and Tobago,TTO.3_1,TTO.3_1,Couva-Tabaquite-Talparo,Couva,Couva-Tabaquite-Talparo,Region,Region,NA,TT.CT,nat,Trinidad and Tobago,NA,NA,Couva–Tabaquite–Talparo,NA,Couva–Tabaquite–Talparo,TT-CTT,iso3166-2,NA,NA,NA,NA,NA,0.51733364629497125,0.699213105453427
TT,TTO,Trinidad and Tobago,TTO.4_1,TTO.4_1,Diego Martin,Petit Valley,Diego Martin,Region,Region,NA,TT.DM,nat,Trinidad and Tobago,NA,NA,Diego Martin,NA,Diego Martin,TT-DMN,iso3166-2,NA,NA,NA,NA,NA,0.51733364629497125,0.699213105453427
TT,TTO,Trinidad and Tobago,TTO.5_1,TTO.5_1,Mayaro/Rio Claro,Mayaro|Rio Claro,Mayaro/Rio Claro,Region,Region,NA,TT.MR,nat,Trinidad and Tobago,NA,NA,Mayaro-Rio Claro,NA,Mayaro-Rio Claro,TT-MRC,iso3166-2,NA,NA,NA,NA,NA,0.51733364629497125,0.699213105453427
TT,TTO,Trinidad and Tobago,TTO.6_1,TTO.6_1,Penal-Debe,Penal,Penal-Debe,Region,Region,NA,TT.PD,nat,Trinidad and Tobago,NA,NA,Penal-Debe,NA,Penal-Debe,TT-PED,iso3166-2,NA,NA,NA,NA,NA,0.51733364629497125,0.699213105453427
TT,TTO,Trinidad and Tobago,TTO.7_1,TTO.7_1,Point Fortin,NA,Point Fortin,Borough,Borough,NA,TT.PF,nat,Trinidad and Tobago,NA,NA,Point Fortin,NA,Point Fortin,TT-PTF,iso3166-2,NA,NA,NA,NA,NA,0.51733364629497125,0.699213105453427
TT,TTO,Trinidad and Tobago,TTO.8_1,TTO.8_1,Port of Spain,Port-of-Spain,Port of Spain,City,City,NA,TT.PS,nat,Trinidad and Tobago,NA,NA,Port of Spain,NA,Port of Spain,TT-POS,iso3166-2,NA,NA,NA,NA,NA,0.51733364629497125,0.699213105453427
TT,TTO,Trinidad and Tobago,TTO.9_1,TTO.9_1,Princes Town,NA,Princes Town,Region,Region,NA,TT.PT,nat,Trinidad and Tobago,NA,NA,Princes Town,NA,Princes Town,TT-PRT,iso3166-2,NA,NA,NA,NA,NA,0.51733364629497125,0.699213105453427
TT,TTO,Trinidad and Tobago,TTO.10_1,TTO.10_1,San Fernando,NA,San Fernando,City,City,NA,TT.SF,nat,Trinidad and Tobago,NA,NA,San Fernando,NA,San Fernando,TT-SFO,iso3166-2,NA,NA,NA,NA,NA,0.51733364629497125,0.699213105453427
TT,TTO,Trinidad and Tobago,TTO.11_1,TTO.11_1,San Juan-Laventille,Laventille,San Juan-Laventille,Region,Region,NA,TT.SL,nat,Trinidad and Tobago,NA,NA,San Juan-Laventille,NA,San Juan-Laventille,TT-SJL,iso3166-2,NA,NA,NA,NA,NA,0.51733364629497125,0.699213105453427
TT,TTO,Trinidad and Tobago,TTO.12_1,TTO.12_1,Sangre Grande,NA,Sangre Grande,Region,Region,NA,TT.SN,nat,Trinidad and Tobago,NA,NA,Sangre Grande,NA,Sangre Grande,TT-SGE,iso3166-2,NA,NA,NA,NA,NA,0.51733364629497125,0.699213105453427
TT,TTO,Trinidad and Tobago,TTO.13_1,TTO.13_1,Siparia,NA,Siparia,Region,Region,NA,TT.SI,nat,Trinidad and Tobago,NA,NA,Siparia,NA,Siparia,TT-SIP,iso3166-2,NA,NA,NA,NA,NA,0.51733364629497125,0.699213105453427
TT,TTO,Trinidad and Tobago,TTO.14_1,TTO.14_1,Tobago,Tabago,Tobago,Region,Region,NA,TT.TB,nat,Trinidad and Tobago,NA,NA,Tobago,NA,Tobago,TT-TOB,iso3166-2,NA,NA,NA,NA,NA,0.51733364629497125,0.699213105453427
TT,TTO,Trinidad and Tobago,TTO.15_1,TTO.15_1,Tunapuna/Piarco,Tunapuna,Tunapuna/Piarco,Region,Region,NA,TT.TP,nat,Trinidad and Tobago,NA,NA,Tunapuna-Piarco,NA,Tunapuna-Piarco,TT-TUP,iso3166-2,NA,NA,NA,NA,NA,0.51733364629497125,0.699213105453427
TW,TWN,Taiwan,NA,TW-CHA,NA,NA,NA,NA,NA,NA,NA,NA,NA,NA,NA,Changhua,NA,NA,TW-CHA,iso3166-2,NA,NA,NA,0.5266687927855765,0.536984157886217,0.4788971510504191,0.5032418275812626
TW,TWN,Taiwan,NA,TW-CYI,NA,NA,NA,NA,NA,NA,NA,NA,NA,NA,NA,Chiayi,Chiayi city,NA,TW-CYI,iso3166-2,NA,NA,NA,NA,NA,0.4788971510504191,0.5032418275812626
TW,TWN,Taiwan,NA,TW-CYQ,NA,NA,NA,NA,NA,NA,NA,NA,NA,NA,NA,Chiayi,Chiayi county,NA,TW-CYQ,iso3166-2,NA,NA,NA,0.5353440781556994,0.4982294640933771,0.4788971510504191,0.5032418275812626
TW,TWN,Taiwan,NA,TW-HSZ,NA,NA,NA,NA,NA,NA,NA,NA,NA,NA,NA,Hsinchu,Hsinchu city,NA,TW-HSZ,iso3166-2,NA,NA,NA,0.5247385977037442,0.5518089770719209,0.4788971510504191,0.5032418275812626
TW,TWN,Taiwan,NA,TW-HSQ,NA,NA,NA,NA,NA,NA,NA,NA,NA,NA,NA,Hsinchu,Hsinchu county,NA,TW-HSQ,iso3166-2,NA,NA,NA,0.5477825520368249,0.5379399371829867,0.4788971510504191,0.5032418275812626
TW,TWN,Taiwan,NA,TW-HUA,NA,NA,NA,NA,NA,NA,NA,NA,NA,NA,NA,Hualien,NA,NA,TW-HUA,iso3166-2,NA,NA,NA,0.4780096267903836,0.5526544739316813,0.4788971510504191,0.5032418275812626
TW,TWN,Taiwan,NA,TW-KHH,NA,NA,NA,NA,NA,NA,NA,NA,NA,NA,NA,Kaohsiung,NA,NA,TW-KHH,iso3166-2,NA,NA,NA,0.5255241311955651,0.5555025221220224,0.4788971510504191,0.5032418275812626
TW,TWN,Taiwan,NA,TW-KEE,NA,NA,NA,NA,NA,NA,NA,NA,NA,NA,NA,Keelung,NA,NA,TW-KEE,iso3166-2,NA,NA,NA,0.5737537271393712,0.6250889676403472,0.4788971510504191,0.5032418275812626
TW,TWN,Taiwan,NA,TW-KIN,NA,NA,NA,NA,NA,NA,NA,NA,NA,NA,NA,Kinmen,NA,NA,TW-KIN,iso3166-2,NA,NA,NA,NA,NA,0.4788971510504191,0.5032418275812626
TW,TWN,Taiwan,NA,TW-LIE,NA,NA,NA,NA,NA,NA,NA,NA,NA,NA,NA,Lienchiang,NA,NA,TW-LIE,iso3166-2,NA,NA,NA,NA,NA,0.4788971510504191,0.5032418275812626
TW,TWN,Taiwan,NA,TW-MIA,NA,NA,NA,NA,NA,NA,NA,NA,NA,NA,NA,Miaoli,NA,NA,TW-MIA,iso3166-2,NA,NA,NA,0.49082818164457326,0.6142517829194751,0.4788971510504191,0.5032418275812626
TW,TWN,Taiwan,NA,TW-NAN,NA,NA,NA,NA,NA,NA,NA,NA,NA,NA,NA,Nantou,NA,NA,TW-NAN,iso3166-2,NA,NA,NA,0.5342409720421917,0.5521365665063289,0.4788971510504191,0.5032418275812626
TW,TWN,Taiwan,NA,TW-NWT,NA,NA,NA,NA,NA,NA,NA,NA,NA,NA,NA,New Taipei,Taipei city,NA,TW-NWT,iso3166-2,NA,NA,NA,0.5370453038881543,0.5531512177387826,0.4788971510504191,0.5032418275812626
TW,TWN,Taiwan,NA,TW-PEN,NA,NA,NA,NA,NA,NA,NA,NA,NA,NA,NA,Penghu,NA,NA,TW-PEN,iso3166-2,NA,NA,NA,NA,NA,0.4788971510504191,0.5032418275812626
TW,TWN,Taiwan,NA,TW-PIF,NA,NA,NA,NA,NA,NA,NA,NA,NA,NA,NA,Pingtung,NA,NA,TW-PIF,iso3166-2,NA,NA,NA,0.4444301831342256,0.587039527529492,0.4788971510504191,0.5032418275812626
TW,TWN,Taiwan,NA,TW-TXG,NA,NA,NA,NA,NA,NA,NA,NA,NA,NA,NA,Taichung,NA,NA,TW-TXG,iso3166-2,NA,NA,NA,0.527892342096305,0.5290321947379133,0.4788971510504191,0.5032418275812626
TW,TWN,Taiwan,NA,TW-TNN,NA,NA,NA,NA,NA,NA,NA,NA,NA,NA,NA,Tainan,NA,NA,TW-TNN,iso3166-2,NA,NA,NA,0.5350182399568069,0.5639133883994036,0.4788971510504191,0.5032418275812626
TW,TWN,Taiwan,NA,TW-TPE,NA,NA,NA,NA,NA,NA,NA,NA,NA,NA,NA,Taipei,Taipei county,NA,TW-TPE,iso3166-2,NA,NA,NA,0.5308221294450349,0.5445849807372694,0.4788971510504191,0.5032418275812626
TW,TWN,Taiwan,NA,TW-TTT,NA,NA,NA,NA,NA,NA,NA,NA,NA,NA,NA,Taitung,NA,NA,TW-TTT,iso3166-2,NA,NA,NA,0.5240026209051805,0.5300400833557428,0.4788971510504191,0.5032418275812626
TW,TWN,Taiwan,NA,TW-TAO,NA,NA,NA,NA,NA,NA,NA,NA,NA,NA,NA,Taoyuan,NA,NA,TW-TAO,iso3166-2,NA,NA,NA,0.5521318630468081,0.532431038960883,0.4788971510504191,0.5032418275812626
TW,TWN,Taiwan,NA,TW-ILA,NA,NA,NA,NA,NA,NA,NA,NA,NA,NA,NA,Yilan,NA,NA,TW-ILA,iso3166-2,NA,NA,NA,0.5332626329964035,0.5384499004939663,0.4788971510504191,0.5032418275812626
TW,TWN,Taiwan,NA,TW-YUN,NA,NA,NA,NA,NA,NA,NA,NA,NA,NA,NA,Yunlin,NA,NA,TW-YUN,iso3166-2,NA,NA,NA,0.47804438304500624,0.5540543817519815,0.4788971510504191,0.5032418275812626
TZ,TZA,Tanzania,TZA.1_1,TZA.1_1,Arusha,NA,Arusha,Mkoa,Region,2,TZ.AS,NA,NA,NA,NA,Arusha,NA,Arusha,TZ-01,iso3166-2,NA,NA,NA,0.619668446860157,0.6809292383058253,0.5447202056549333,0.6472482255407206
TZ,TZA,Tanzania,TZA.2_1,TZA.2_1,Dar es Salaam,Dar-es-salaam|Pwani,Dar es Salaam,Mkoa,Region,7,TZ.DS,NA,NA,NA,NA,Dar es Salaam,NA,Dar es Salaam,TZ-02,iso3166-2,NA,NA,NA,0.5776342129233571,0.6364799327898406,0.5447202056549333,0.6472482255407206
TZ,TZA,Tanzania,TZA.3_1,TZA.3_1,Dodoma,NA,Dodoma,Mkoa,Region,1,TZ.DO,NA,NA,NA,NA,Dodoma,NA,Dodoma,TZ-03,iso3166-2,NA,NA,NA,0.5158079453772159,0.6872670967395647,0.5447202056549333,0.6472482255407206
TZ,TZA,Tanzania,TZA.4_1,TZA.4_1,Geita,NA,Geita,Mkoa,Region,25,TZ.GE,NA,NA,NA,NA,Geita,NA,Geita,TZ-27,iso3166-2,NA,NA,NA,0.5789373427900489,0.7186001004630521,0.5447202056549333,0.6472482255407206
TZ,TZA,Tanzania,TZA.5_1,TZA.5_1,Iringa,NA,Iringa,Mkoa,Region,11,TZ.IG,NA,NA,NA,NA,Iringa,NA,Iringa,TZ-04,iso3166-2,NA,NA,NA,0.5857890175665795,0.6977569016313717,0.5447202056549333,0.6472482255407206
TZ,TZA,Tanzania,TZA.6_1,TZA.6_1,Kagera,NA,Kagera,Mkoa,Region,18,TZ.KG,NA,NA,NA,NA,Kagera,NA,Kagera,TZ-05,iso3166-2,NA,NA,NA,0.6447989764614197,0.6682911008778806,0.5447202056549333,0.6472482255407206
TZ,TZA,Tanzania,TZA.18_1,TZA.18_1,Pemba North,Kaskazini Pemba,Pemba North,Mkoa,Region,54,TZ.PN,NA,NA,NA,NA,Kaskazini Pemba,Pemba North,Kaskazini Pemba,TZ-06,iso3166-2,NA,NA,NA,0.5490329833812565,0.5927890328436425,0.5447202056549333,0.6472482255407206
TZ,TZA,Tanzania,TZA.28_1,TZA.28_1,Zanzibar North,Kaskazini Unguja,Zanzibar North,Mkoa,Region,51,TZ.ZN,NA,NA,NA,NA,Kaskazini Unguja,Zanzibar North,Kaskazini Unguja,TZ-07,iso3166-2,NA,NA,NA,0.6058746773190864,0.632856992596133,0.5447202056549333,0.6472482255407206
TZ,TZA,Tanzania,TZA.7_1,TZA.7_1,Katavi,NA,Katavi,Mkoa,Region,23,TZ.KA,NA,NA,NA,NA,Katavi,NA,Katavi,TZ-28,iso3166-2,NA,NA,NA,0.639677643183598,0.6636179491413822,0.5447202056549333,0.6472482255407206
TZ,TZA,Tanzania,TZA.8_1,TZA.8_1,Kigoma,NA,Kigoma,Mkoa,Region,16,TZ.KM,NA,NA,NA,NA,Kigoma,NA,Kigoma,TZ-08,iso3166-2,NA,NA,NA,0.506853773701806,0.5865908999313133,0.5447202056549333,0.6472482255407206
TZ,TZA,Tanzania,TZA.9_1,TZA.9_1,Kilimanjaro,NA,Kilimanjaro,Mkoa,Region,3,TZ.KL,NA,NA,NA,NA,Kilimanjaro,NA,Kilimanjaro,TZ-09,iso3166-2,NA,NA,NA,0.6144360124426137,0.7364346329385506,0.5447202056549333,0.6472482255407206
TZ,TZA,Tanzania,TZA.19_1,TZA.19_1,Pemba South,Kusini Pemba,Pemba South,Mkoa,Region,55,TZ.PS,NA,NA,NA,NA,Kusini Pemba,Pemba South,Kusini Pemba,TZ-10,iso3166-2,NA,NA,NA,0.5306685337131348,0.6519061846740002,0.5447202056549333,0.6472482255407206
TZ,TZA,Tanzania,TZA.29_1,TZA.29_1,Zanzibar South and Central,Kusini Unguja,Zanzibar South and Central,Mkoa,Region,52,TZ.ZS,NA,NA,NA,NA,Kusini Unguja,Zanzibar South,Kusini Unguja,TZ-11,iso3166-2,NA,NA,NA,0.6592012138867498,0.6583769081965837,0.5447202056549333,0.6472482255407206
TZ,TZA,Tanzania,TZA.10_1,TZA.10_1,Lindi,NA,Lindi,Mkoa,Region,8,TZ.LI,NA,NA,NA,NA,Lindi,NA,Lindi,TZ-12,iso3166-2,NA,NA,NA,0.5965960469415804,0.6411205971187242,0.5447202056549333,0.6472482255407206
TZ,TZA,Tanzania,TZA.11_1,TZA.11_1,Manyara,NA,Manyara,Mkoa,Region,21,TZ.MY,NA,NA,NA,NA,Manyara,NA,Manyara,TZ-26,iso3166-2,NA,NA,NA,0.5699827538491117,0.64764374574132,0.5447202056549333,0.6472482255407206
TZ,TZA,Tanzania,TZA.12_1,TZA.12_1,Mara,NA,Mara,Mkoa,Region,20,TZ.MA,NA,NA,NA,NA,Mara,NA,Mara,TZ-13,iso3166-2,NA,NA,NA,0.6289682187111518,0.7121862248936673,0.5447202056549333,0.6472482255407206
TZ,TZA,Tanzania,TZA.13_1,TZA.13_1,Mbeya,NA,Mbeya,Mkoa,Region,12,TZ.MB,NA,NA,NA,1,Mbeya,NA,Mbeya,TZ-14,iso3166-2,NA,NA,NA,0.5508411959805177,0.7472028863249358,0.5447202056549333,0.6472482255407206
TZ,TZA,Tanzania,TZA.30_1,TZA.30_1,Zanzibar West,Mjini Magharibi,Zanzibar West,Mkoa,Region,53,TZ.ZW,NA,NA,NA,NA,Mjini Magharibi,Zanzibar West,Mjini Magharibi,TZ-15,iso3166-2,NA,NA,NA,0.5875154732106087,0.6857127322131193,0.5447202056549333,0.6472482255407206
TZ,TZA,Tanzania,TZA.14_1,TZA.14_1,Morogoro,NA,Morogoro,Mkoa,Region,5,TZ.MO,NA,NA,NA,NA,Morogoro,NA,Morogoro,TZ-16,iso3166-2,NA,NA,NA,0.5334796117607626,0.6547545287014626,0.5447202056549333,0.6472482255407206
TZ,TZA,Tanzania,TZA.15_1,TZA.15_1,Mtwara,NA,Mtwara,Mkoa,Region,9,TZ.MT,NA,NA,NA,NA,Mtwara,NA,Mtwara,TZ-17,iso3166-2,NA,NA,NA,0.5659932039995696,0.6406967978625804,0.5447202056549333,0.6472482255407206
TZ,TZA,Tanzania,TZA.16_1,TZA.16_1,Mwanza,NA,Mwanza,Mkoa,Region,19,TZ.MZ,NA,NA,NA,NA,Mwanza,NA,Mwanza,TZ-18,iso3166-2,NA,NA,NA,0.6116688840152448,0.6003414751179135,0.5447202056549333,0.6472482255407206
TZ,TZA,Tanzania,TZA.17_1,TZA.17_1,Njombe,NA,Njombe,Mkoa,Region,22,TZ.NJ,NA,NA,NA,NA,Njombe,NA,Njombe,TZ-29,iso3166-2,NA,NA,NA,0.5265124265230242,0.6021688331995414,0.5447202056549333,0.6472482255407206
TZ,TZA,Tanzania,TZA.20_1,TZA.20_1,Pwani,NA,Pwani,Mkoa,Region,6,TZ.PW,NA,NA,NA,NA,Pwani,Coast,Pwani,TZ-19,iso3166-2,NA,NA,NA,0.6183120481008948,0.6308698410809558,0.5447202056549333,0.6472482255407206
TZ,TZA,Tanzania,TZA.21_1,TZA.21_1,Rukwa,NA,Rukwa,Mkoa,Region,15,TZ.RU,NA,NA,NA,NA,Rukwa,NA,Rukwa,TZ-20,iso3166-2,NA,NA,NA,0.6172174983262375,0.680543410586129,0.5447202056549333,0.6472482255407206
TZ,TZA,Tanzania,TZA.22_1,TZA.22_1,Ruvuma,NA,Ruvuma,Mkoa,Region,10,TZ.RV,NA,NA,NA,NA,Ruvuma,NA,Ruvuma,TZ-21,iso3166-2,NA,NA,NA,0.5659103037333035,0.6122201321512987,0.5447202056549333,0.6472482255407206
TZ,TZA,Tanzania,TZA.23_1,TZA.23_1,Shinyanga,NA,Shinyanga,Mkoa,Region,17,TZ.SY,NA,NA,NA,NA,Shinyanga,NA,Shinyanga,TZ-22,iso3166-2,NA,NA,NA,0.5578318403025391,0.7597919802709173,0.5447202056549333,0.6472482255407206
TZ,TZA,Tanzania,TZA.24_1,TZA.24_1,Simiyu,NA,Simiyu,Mkoa,Region,24,TZ.SI,NA,NA,NA,NA,Simiyu,NA,Simiyu,TZ-30,iso3166-2,NA,NA,NA,0.7168063046138121,0.7189321825874635,0.5447202056549333,0.6472482255407206
TZ,TZA,Tanzania,TZA.25_1,TZA.25_1,Singida,NA,Singida,Mkoa,Region,13,TZ.SD,NA,NA,NA,NA,Singida,NA,Singida,TZ-23,iso3166-2,NA,NA,NA,0.43690834665983014,0.6267345103831002,0.5447202056549333,0.6472482255407206
TZ,TZA,Tanzania,NA,TZ-31,NA,NA,NA,NA,NA,NA,NA,NA,NA,NA,1,Songwe,NA,Songwe,TZ-31,iso3166-2,NA,NA,NA,0.5659261088549298,0.671632994717125,0.5447202056549333,0.6472482255407206
TZ,TZA,Tanzania,TZA.26_1,TZA.26_1,Tabora,NA,Tabora,Mkoa,Region,14,TZ.TB,NA,NA,NA,NA,Tabora,NA,Tabora,TZ-24,iso3166-2,NA,NA,NA,0.5949153455656385,0.6251012441947145,0.5447202056549333,0.6472482255407206
TZ,TZA,Tanzania,TZA.27_1,TZA.27_1,Tanga,NA,Tanga,Mkoa,Region,4,TZ.TN,NA,NA,NA,NA,Tanga,NA,Tanga,TZ-25,iso3166-2,NA,NA,NA,0.5897447812528296,0.6993008612127175,0.5447202056549333,0.6472482255407206
UA,UKR,Ukraine,UKR.4_1,UKR.4_1,Crimea,Crim√©e|Crim√©ia|Krim|Krymskaya Respublika|Respublika Krym,Crimea,Autonomous Republic,Autonomous Republic,NA,UA.KR,NA,NA,NA,NA,Avtonomna Respublika Krym,Crimea,Автономна Республіка Крим,UA-43,iso3166-2,NA,NA,NA,NA,NA,0.4507231178973796,0.5214261763723104
UA,UKR,Ukraine,UKR.1_1,UKR.1_1,Cherkasy,Cherkas'ka Oblast'|Cherkasskaya Oblast'|Cherkassy,Cherkasy,Oblast',Region,NA,UA.CK,NA,NA,NA,NA,Cherkaska oblast,NA,Черкаська,UA-71,iso3166-2,NA,NA,NA,0.4689606142034176,0.5450750561521597,0.4507231178973796,0.5214261763723104
UA,UKR,Ukraine,UKR.2_1,UKR.2_1,Chernihiv,Chernigov|Tschernigow,Chernihiv,Oblast',Region,NA,UA.CH,NA,NA,NA,NA,Chernihivska oblast,NA,Чернігівська,UA-74,iso3166-2,NA,NA,NA,0.5376724072673946,0.5100759271121981,0.4507231178973796,0.5214261763723104
UA,UKR,Ukraine,UKR.3_1,UKR.3_1,Chernivtsi,Chernivets'ka Oblast'|Chernovitskaya Oblast'|Chernovtsy|Czernowitz|Tschernowzy|Tchernovtsy,Chernivtsi,Oblast',Region,NA,UA.CV,NA,NA,NA,NA,Chernivetska oblast,NA,Чернівецька,UA-77,iso3166-2,NA,NA,NA,0.47881088570795477,0.5642242249616654,0.4507231178973796,0.5214261763723104
UA,UKR,Ukraine,UKR.5_1,UKR.5_1,Dnipropetrovs'k,Dnipropetrovsk|Dniepropietrovsk|Dnjepropetrowsk,Dnipropetrovs'k,Oblast',Region,NA,UA.DP,NA,NA,NA,NA,Dnipropetrovska oblast,NA,Дніпропетровська,UA-12,iso3166-2,NA,NA,NA,0.5035669461143145,0.53177690654523,0.4507231178973796,0.5214261763723104
UA,UKR,Ukraine,UKR.6_1,UKR.6_1,Donets'k,Donetsk|Donetskaya Oblast'|Donezk|Stalino,Donets'k,Oblast',Region,NA,UA.DT,NA,NA,NA,NA,Donetska oblast,NA,Донецька,UA-14,iso3166-2,NA,NA,NA,0.5374233177698559,0.5738698452898024,0.4507231178973796,0.5214261763723104
UA,UKR,Ukraine,UKR.7_1,UKR.7_1,Ivano-Frankivs'k,Ivano-Frankovsk|Ivano-Frankovskaya Oblast'|Stanislav,Ivano-Frankivs'k,Oblast',Region,NA,UA.IF,NA,NA,NA,NA,Ivano-Frankivska oblast,NA,Івано-Франківська,UA-26,iso3166-2,NA,NA,NA,0.48376883931622533,0.6076653152942819,0.4507231178973796,0.5214261763723104
UA,UKR,Ukraine,UKR.8_1,UKR.8_1,Kharkiv,Charkow|Jarkov|Karkov|Khar'kov,Kharkiv,Oblast',Region,NA,UA.KK,NA,NA,NA,NA,Kharkivska oblast,NA,Харківська,UA-63,iso3166-2,NA,NA,NA,0.4614413825717173,0.5249647121824232,0.4507231178973796,0.5214261763723104
UA,UKR,Ukraine,UKR.9_1,UKR.9_1,Kherson,Cherson|Khersons'ka Oblast',Kherson,Oblast',Region,NA,UA.KS,NA,NA,NA,NA,Khersonska oblast,NA,Херсонська,UA-65,iso3166-2,NA,NA,NA,0.5682046697588662,0.5454032673172172,0.4507231178973796,0.5214261763723104
UA,UKR,Ukraine,UKR.10_1,UKR.10_1,Khmel'nyts'kyy,Khmelnitsky|Khmelnytskyi|Chmelnizkij|Hmelnicki|Kamenets-Podol'skaya Oblast'|Khmel'nyts'ka Oblast',Khmel'nyts'kyy,Oblast',Region,NA,UA.KM,NA,NA,NA,NA,Khmelnytska oblast,NA,Хмельницька,UA-68,iso3166-2,NA,NA,NA,0.4929871187467059,0.5833007061090418,0.4507231178973796,0.5214261763723104
UA,UKR,Ukraine,UKR.13_1,UKR.13_1,Kirovohrad,Kirovograd|Kirovogradskaya Oblast',Kirovohrad,Oblast',Region,NA,UA.KH,NA,NA,NA,NA,Kirovohradska oblast,NA,Кіровоградська,UA-35,iso3166-2,NA,NA,NA,0.49905166321673466,0.5952514941619946,0.4507231178973796,0.5214261763723104
UA,UKR,Ukraine,UKR.11_1,UKR.11_1,Kiev City,Kyiv,Kiev City,Independent City,Independent City,NA,UA.KC,NA,NA,NA,NA,Kyiv,NA,Київ,UA-30,iso3166-2,NA,NA,NA,0.5243237015743878,0.5550332158758882,0.4507231178973796,0.5214261763723104
UA,UKR,Ukraine,UKR.12_1,UKR.12_1,Kiev,Kiev Oblast|Kiew|Kijew|Kiiv|Kijev|Kiyev|Kyiv|Kyjiv|Kyyiv|Kyyivs'ka Oblast',Kiev,Oblast',Region,NA,UA.KV,NA,NA,NA,NA,Kyivska oblast,NA,Київська,UA-32,iso3166-2,NA,NA,NA,0.5176832730617719,0.5799821451598669,0.4507231178973796,0.5214261763723104
UA,UKR,Ukraine,UKR.14_1,UKR.14_1,L'viv,Lemberg|Llvov|L'vov|Lwow|L'vivs'ka Oblast',L'viv,Oblast',Region,NA,UA.LV,NA,NA,NA,NA,Luhanska oblast,NA,Луганська,UA-09,iso3166-2,NA,NA,NA,0.48309317564911813,0.5423668160152725,0.4507231178973796,0.5214261763723104
UA,UKR,Ukraine,UKR.15_1,UKR.15_1,Luhans'k,Luhansk|Lugansk|Luhans'ka Oblast'|Voroshilovgrad,Luhans'k,Oblast',Region,NA,UA.LH,NA,NA,NA,NA,Lvivska oblast,NA,Львівська,UA-46,iso3166-2,NA,NA,NA,0.48222098348091813,0.5352523885273871,0.4507231178973796,0.5214261763723104
UA,UKR,Ukraine,UKR.16_1,UKR.16_1,Mykolayiv,Mykolaiv|Nikolajew|Nikolayev,Mykolayiv,Oblast',Region,NA,UA.MY,NA,NA,NA,NA,Mykolaivska oblast,NA,Миколаївська,UA-48,iso3166-2,NA,NA,NA,0.5851915782357775,0.6127725231627235,0.4507231178973796,0.5214261763723104
UA,UKR,Ukraine,UKR.17_1,UKR.17_1,Odessa,Odesa|Odes'ka Oblast'|Odesskaya Oblast',Odessa,Oblast',Region,NA,UA.OD,NA,NA,NA,NA,Odeska oblast,NA,Одеська,UA-51,iso3166-2,NA,NA,NA,0.5182382138794263,0.5618242305979696,0.4507231178973796,0.5214261763723104
UA,UKR,Ukraine,UKR.18_1,UKR.18_1,Poltava,NA,Poltava,Oblast',Region,NA,UA.PL,NA,NA,NA,NA,Poltavska oblast,NA,Полтавська,UA-53,iso3166-2,NA,NA,NA,0.5093391961805703,0.5473417106760681,0.4507231178973796,0.5214261763723104
UA,UKR,Ukraine,UKR.19_1,UKR.19_1,Rivne,Rovno|Rivnens'ka Oblast'|Rovenskaya Oblast',Rivne,Oblast',Region,NA,UA.RV,NA,NA,NA,NA,Rivnenska oblast,NA,Рівненська,UA-56,iso3166-2,NA,NA,NA,0.6133655153738967,0.5495206124512226,0.4507231178973796,0.5214261763723104
UA,UKR,Ukraine,UKR.20_1,UKR.20_1,Sevastopol',Sebastopol,Sevastopol',Autonomous Republic,Autonomous Republic,NA,UA.SC,NA,NA,NA,NA,Sevastopol,NA,Севастополь,UA-40,iso3166-2,NA,NA,NA,NA,NA,0.4507231178973796,0.5214261763723104
UA,UKR,Ukraine,UKR.21_1,UKR.21_1,Sumy,NA,Sumy,Oblast',Region,NA,UA.SM,NA,NA,NA,NA,Sumska oblast,NA,Сумська,UA-59,iso3166-2,NA,NA,NA,0.548375171320267,0.5929744261975535,0.4507231178973796,0.5214261763723104
UA,UKR,Ukraine,UKR.22_1,UKR.22_1,Ternopil',Ternopol|Ternopol',Ternopil',Oblast',Region,NA,UA.TP,NA,NA,NA,NA,Ternopilska oblast,NA,Тернопільська,UA-61,iso3166-2,NA,NA,NA,0.4514969573502514,0.6290385398984986,0.4507231178973796,0.5214261763723104
UA,UKR,Ukraine,UKR.24_1,UKR.24_1,Vinnytsya,Vinnytsia|Vinnitskaya Oblast'|Vinnyts'ka Oblast|Winniza,Vinnytsya,Oblast',Region,NA,UA.VI,NA,NA,NA,NA,Vinnytska oblast,NA,Вінницька,UA-05,iso3166-2,NA,NA,NA,0.513843836121511,0.6104398445635311,0.4507231178973796,0.5214261763723104
UA,UKR,Ukraine,UKR.25_1,UKR.25_1,Volyn,Volhynia|Volyns'ka Oblast'|Volynskaya Oblast'|Wolynien,Volyn,Oblast',Region,NA,UA.VO,NA,NA,NA,NA,Volynska oblast,NA,Волинська,UA-07,iso3166-2,NA,NA,NA,0.5021463681785232,0.5787011130910367,0.4507231178973796,0.5214261763723104
UA,UKR,Ukraine,UKR.23_1,UKR.23_1,Transcarpathia,Transcarpathian|Zakarpattia|Ruthenia|Zakarpats'ka Oblast'|Zakarpatskaya Oblast',Transcarpathia,Oblast',Region,NA,UA.ZK,NA,NA,NA,NA,Zakarpatska oblast,NA,Закарпатська,UA-21,iso3166-2,NA,NA,NA,0.57958226775821,0.6540853860765462,0.4507231178973796,0.5214261763723104
UA,UKR,Ukraine,UKR.26_1,UKR.26_1,Zaporizhzhya,Saporoshje|Zaporizhia|Zaporiz'ka Oblast'|Zaporojie|Zaporozhskaya Oblast'|Zaporozh'ye|Zaporo≈æje,Zaporizhzhya,Oblast',Region,NA,UA.ZP,NA,NA,NA,NA,Zaporizka oblast,NA,Запорізька,UA-23,iso3166-2,NA,NA,NA,0.40120409070107355,0.5531781447024353,0.4507231178973796,0.5214261763723104
UA,UKR,Ukraine,UKR.27_1,UKR.27_1,Zhytomyr,Zhitomir|Jitomir|Shitomir|Zhitomirskaya Oblast',Zhytomyr,Oblast',Region,NA,UA.ZT,NA,NA,NA,NA,Zhytomyrska oblast,NA,Житомирська,UA-18,iso3166-2,NA,NA,NA,0.4471466222876891,0.5198644610743036,0.4507231178973796,0.5214261763723104
UG,UGA,Uganda,NA,UG-C,NA,NA,NA,NA,NA,NA,NA,NA,NA,NA,NA,Central,NA,NA,UG-C,iso3166-2,NA,NA,NA,0.5811809397151311,0.6648840444525511,0.5608518706940107,0.6725240474133231
UG,UGA,Uganda,NA,UG-E,NA,NA,NA,NA,NA,NA,NA,NA,NA,NA,NA,Eastern,NA,NA,UG-E,iso3166-2,NA,NA,NA,0.6453482753530168,0.6565269709963497,0.5608518706940107,0.6725240474133231
UG,UGA,Uganda,NA,UG-N,NA,NA,NA,NA,NA,NA,NA,NA,NA,NA,NA,Northern,NA,NA,UG-N,iso3166-2,NA,NA,NA,0.6066062601925027,0.7472105518195983,0.5608518706940107,0.6725240474133231
UG,UGA,Uganda,NA,UG-W,NA,NA,NA,NA,NA,NA,NA,NA,NA,NA,NA,Western,NA,NA,UG-W,iso3166-2,NA,NA,NA,0.5496158564424142,0.6846001249814646,0.5608518706940107,0.6725240474133231
US,USA,United States,USA.1_1,USA.1_1,Alabama,AL|Ala.,Alabama,State,State,NA,US.AL,NA,NA,NA,NA,Alabama,NA,Alabama,US-AL,iso3166-2,NA,NA,NA,0.3836076703866622,0.33547151477038245,0.3369155422765623,0.3790143867901102
US,USA,United States,USA.2_1,USA.2_1,Alaska,AK|Alaska,Alaska,State,State,NA,US.AK,NA,NA,NA,NA,Alaska,NA,Alaska,US-AK,iso3166-2,NA,NA,NA,0.3814990412790397,0.4559253069554871,0.3369155422765623,0.3790143867901102
US,USA,United States,USA.3_1,USA.3_1,Arizona,AZ|Ariz.,Arizona,State,State,NA,US.AZ,NA,NA,NA,NA,Arizona,NA,Arizona,US-AZ,iso3166-2,NA,NA,NA,0.3909764334240299,0.43332487940700193,0.3369155422765623,0.3790143867901102
US,USA,United States,USA.4_1,USA.4_1,Arkansas,AR|Ark.,Arkansas,State,State,NA,US.AR,NA,NA,NA,NA,Arkansas,NA,Arkansas,US-AR,iso3166-2,NA,NA,NA,0.44248904231851716,0.41852026598599884,0.3369155422765623,0.3790143867901102
US,USA,United States,USA.5_1,USA.5_1,California,CA|Calif.,California,State,State,NA,US.CA,NA,NA,NA,NA,California,NA,California,US-CA,iso3166-2,NA,NA,NA,0.45759813450260634,0.5194520007611978,0.3369155422765623,0.3790143867901102
US,USA,United States,USA.6_1,USA.6_1,Colorado,CO|Colo.,Colorado,State,State,NA,US.CO,NA,NA,NA,NA,Colorado,NA,Colorado,US-CO,iso3166-2,NA,NA,NA,0.44284243791626343,0.4699038992187603,0.3369155422765623,0.3790143867901102
US,USA,United States,USA.7_1,USA.7_1,Connecticut,CT|Conn.,Connecticut,State,State,NA,US.CT,NA,NA,NA,NA,Connecticut,NA,Connecticut,US-CT,iso3166-2,NA,NA,NA,0.4289363953449289,0.4923596125532362,0.3369155422765623,0.3790143867901102
US,USA,United States,USA.8_1,USA.8_1,Delaware,DE|Del.,Delaware,State,State,NA,US.DE,NA,NA,NA,NA,Delaware,NA,Delaware,US-DE,iso3166-2,NA,NA,NA,0.4399597485081777,0.405327659524476,0.3369155422765623,0.3790143867901102
US,USA,United States,USA.9_1,USA.9_1,District of Columbia,DC|D.C.,District of Columbia,Federal District,Federal District,NA,US.DC,NA,NA,NA,NA,District of Columbia,NA,District of Columbia,US-DC,iso3166-2,NA,NA,NA,0.4942792389241582,0.5242613863089574,0.3369155422765623,0.3790143867901102
US,USA,United States,USA.10_1,USA.10_1,Florida,FL|Fla.,Florida,State,State,NA,US.FL,NA,NA,NA,NA,Florida,NA,Florida,US-FL,iso3166-2,NA,NA,NA,0.3948982188630667,0.46431954318290203,0.3369155422765623,0.3790143867901102
US,USA,United States,USA.11_1,USA.11_1,Georgia,GA|Ga.,Georgia,State,State,NA,US.GA,NA,NA,NA,NA,Georgia,NA,Georgia,US-GA,iso3166-2,NA,NA,NA,0.41034323824816815,0.4417366433684839,0.3369155422765623,0.3790143867901102
US,USA,United States,USA.12_1,USA.12_1,Hawaii,HI|Hawaii,Hawaii,State,State,NA,US.HI,NA,NA,NA,NA,Hawaii,NA,Hawaii,US-HI,iso3166-2,NA,NA,NA,0.4830153118241419,0.5114178418114689,0.3369155422765623,0.3790143867901102
US,USA,United States,USA.13_1,USA.13_1,Idaho,ID|Idaho,Idaho,State,State,NA,US.ID,NA,NA,NA,NA,Idaho,NA,Idaho,US-ID,iso3166-2,NA,NA,NA,0.3867072099513195,0.3693625726694642,0.3369155422765623,0.3790143867901102
US,USA,United States,USA.14_1,USA.14_1,Illinois,IL|Ill.,Illinois,State,State,NA,US.IL,NA,NA,NA,NA,Illinois,NA,Illinois,US-IL,iso3166-2,NA,NA,NA,0.41389424612831077,0.41812556650726823,0.3369155422765623,0.3790143867901102
US,USA,United States,USA.15_1,USA.15_1,Indiana,IN|Ind.,Indiana,State,State,NA,US.IN,NA,NA,NA,NA,Indiana,NA,Indiana,US-IN,iso3166-2,NA,NA,NA,0.3974133570163631,0.4156811267821157,0.3369155422765623,0.3790143867901102
US,USA,United States,USA.16_1,USA.16_1,Iowa,IA|Iowa,Iowa,State,State,NA,US.IA,NA,NA,NA,NA,Iowa,NA,Iowa,US-IA,iso3166-2,NA,NA,NA,0.42985619946233045,0.49535279574292435,0.3369155422765623,0.3790143867901102
US,USA,United States,USA.17_1,USA.17_1,Kansas,KS|Kans.,Kansas,State,State,NA,US.KS,NA,NA,NA,NA,Kansas,NA,Kansas,US-KS,iso3166-2,NA,NA,NA,0.41789378813203476,0.39263197337465855,0.3369155422765623,0.3790143867901102
US,USA,United States,USA.18_1,USA.18_1,Kentucky,Commonwealth of Kentucky|KY,Kentucky,State,State,NA,US.KY,NA,NA,NA,NA,Kentucky,NA,Kentucky,US-KY,iso3166-2,NA,NA,NA,0.39932152352722267,0.3781387828750684,0.3369155422765623,0.3790143867901102
US,USA,United States,USA.19_1,USA.19_1,Louisiana,LA,Louisiana,State,State,NA,US.LA,NA,NA,NA,NA,Louisiana,NA,Louisiana,US-LA,iso3166-2,NA,NA,NA,0.37694781024806545,0.45872022899831716,0.3369155422765623,0.3790143867901102
US,USA,United States,USA.20_1,USA.20_1,Maine,ME|Maine,Maine,State,State,NA,US.ME,NA,NA,NA,NA,Maine,NA,Maine,US-ME,iso3166-2,NA,NA,NA,0.3835771675993592,0.38062323696550965,0.3369155422765623,0.3790143867901102
US,USA,United States,USA.21_1,USA.21_1,Maryland,MD,Maryland,State,State,NA,US.MD,NA,NA,NA,NA,Maryland,NA,Maryland,US-MD,iso3166-2,NA,NA,NA,0.44095641573209904,0.5019954960214917,0.3369155422765623,0.3790143867901102
US,USA,United States,USA.22_1,USA.22_1,Massachusetts,Commonwealth of Massachusetts|MA|Mass.,Massachusetts,State,State,NA,US.MA,NA,NA,NA,NA,Massachusetts,NA,Massachusetts,US-MA,iso3166-2,NA,NA,NA,0.452523109003015,0.5016313392803831,0.3369155422765623,0.3790143867901102
US,USA,United States,USA.23_1,USA.23_1,Michigan,MI|Mich.,Michigan,State,State,NA,US.MI,NA,NA,NA,NA,Michigan,NA,Michigan,US-MI,iso3166-2,NA,NA,NA,0.4012447523538886,0.43049567376059544,0.3369155422765623,0.3790143867901102
US,USA,United States,USA.24_1,USA.24_1,Minnesota,MN|Minn.,Minnesota,State,State,NA,US.MN,NA,NA,NA,NA,Minnesota,NA,Minnesota,US-MN,iso3166-2,NA,NA,NA,0.39035379302256007,0.41959055999208084,0.3369155422765623,0.3790143867901102
US,USA,United States,USA.25_1,USA.25_1,Mississippi,MS|Miss.,Mississippi,State,State,NA,US.MS,NA,NA,NA,NA,Mississippi,NA,Mississippi,US-MS,iso3166-2,NA,NA,NA,0.3579072440409014,0.3329884424515749,0.3369155422765623,0.3790143867901102
US,USA,United States,USA.26_1,USA.26_1,Missouri,MO,Missouri,State,State,NA,US.MO,NA,NA,NA,NA,Missouri,NA,Missouri,US-MO,iso3166-2,NA,NA,NA,0.4263737850598338,0.39463650915999876,0.3369155422765623,0.3790143867901102
US,USA,United States,USA.27_1,USA.27_1,Montana,MT|Mont.,Montana,State,State,NA,US.MT,NA,NA,NA,NA,Montana,NA,Montana,US-MT,iso3166-2,NA,NA,NA,0.4031651918902433,0.39919437080246806,0.3369155422765623,0.3790143867901102
US,USA,United States,USA.28_1,USA.28_1,Nebraska,NE|Nebr.,Nebraska,State,State,NA,US.NE,NA,NA,NA,NA,Nebraska,NA,Nebraska,US-NE,iso3166-2,NA,NA,NA,0.395281739484523,0.40906511550794084,0.3369155422765623,0.3790143867901102
US,USA,United States,USA.29_1,USA.29_1,Nevada,NV|Nev.,Nevada,State,State,NA,US.NV,NA,NA,NA,NA,Nevada,NA,Nevada,US-NV,iso3166-2,NA,NA,NA,0.4336295573988865,0.42843693754755036,0.3369155422765623,0.3790143867901102
US,USA,United States,USA.30_1,USA.30_1,New Hampshire,NH|N.H.,New Hampshire,State,State,NA,US.NH,NA,NA,NA,NA,New Hampshire,NA,New Hampshire,US-NH,iso3166-2,NA,NA,NA,0.44188157175454074,0.4268040053821688,0.3369155422765623,0.3790143867901102
US,USA,United States,USA.31_1,USA.31_1,New Jersey,NJ|N.J.,New Jersey,State,State,NA,US.NJ,NA,NA,NA,NA,New Jersey,NA,New Jersey,US-NJ,iso3166-2,NA,NA,NA,0.44236024571438204,0.46935449807700147,0.3369155422765623,0.3790143867901102
US,USA,United States,USA.32_1,USA.32_1,New Mexico,NM|N.M.,New Mexico,State,State,NA,US.NM,NA,NA,NA,NA,New Mexico,NA,New Mexico,US-NM,iso3166-2,NA,NA,NA,0.43927779691356467,0.476855813701973,0.3369155422765623,0.3790143867901102
US,USA,United States,USA.33_1,USA.33_1,New York,NY|N.Y.,New York,State,State,NA,US.NY,NA,NA,NA,NA,New York,NA,New York,US-NY,iso3166-2,NA,NA,NA,0.4312441607597208,0.4954996500218885,0.3369155422765623,0.3790143867901102
US,USA,United States,USA.34_1,USA.34_1,North Carolina,NC|N.C.,North Carolina,State,State,NA,US.NC,NA,NA,NA,NA,North Carolina,NA,North Carolina,US-NC,iso3166-2,NA,NA,NA,0.4347701457118934,0.45606298202787027,0.3369155422765623,0.3790143867901102
US,USA,United States,USA.35_1,USA.35_1,North Dakota,ND|N.D.,North Dakota,State,State,NA,US.ND,NA,NA,NA,NA,North Dakota,NA,North Dakota,US-ND,iso3166-2,NA,NA,NA,0.35236467625205803,0.35513657380211106,0.3369155422765623,0.3790143867901102
US,USA,United States,USA.36_1,USA.36_1,Ohio,OH|Ohio,Ohio,State,State,NA,US.OH,NA,NA,NA,NA,Ohio,NA,Ohio,US-OH,iso3166-2,NA,NA,NA,0.3757770020238955,0.43978140196356563,0.3369155422765623,0.3790143867901102
US,USA,United States,USA.37_1,USA.37_1,Oklahoma,OK|Okla.,Oklahoma,State,State,NA,US.OK,NA,NA,NA,NA,Oklahoma,NA,Oklahoma,US-OK,iso3166-2,NA,NA,NA,0.42810286426787864,0.3619760846018331,0.3369155422765623,0.3790143867901102
US,USA,United States,USA.38_1,USA.38_1,Oregon,OR|Ore.,Oregon,State,State,NA,US.OR,NA,NA,NA,NA,Oregon,NA,Oregon,US-OR,iso3166-2,NA,NA,NA,0.4222989293858938,0.5072634703211227,0.3369155422765623,0.3790143867901102
US,USA,United States,USA.39_1,USA.39_1,Pennsylvania,Commonwealth of Pennsylvania|PA,Pennsylvania,State,State,NA,US.PA,NA,NA,NA,NA,Pennsylvania,NA,Pennsylvania,US-PA,iso3166-2,NA,NA,NA,0.4088353300175508,0.4434762312530451,0.3369155422765623,0.3790143867901102
US,USA,United States,USA.40_1,USA.40_1,Rhode Island,State of Rhode Island and Providence Plantations|RI|R.I.,Rhode Island,State,State,NA,US.RI,NA,NA,NA,NA,Rhode Island,NA,Rhode Island,US-RI,iso3166-2,NA,NA,NA,0.4819691076425081,0.4806509311003201,0.3369155422765623,0.3790143867901102
US,USA,United States,USA.41_1,USA.41_1,South Carolina,SC|S.C.,South Carolina,State,State,NA,US.SC,NA,NA,NA,NA,South Carolina,NA,South Carolina,US-SC,iso3166-2,NA,NA,NA,0.39643311643124257,0.4207983127637487,0.3369155422765623,0.3790143867901102
US,USA,United States,USA.42_1,USA.42_1,South Dakota,SD|S.D.,South Dakota,State,State,NA,US.SD,NA,NA,NA,NA,South Dakota,NA,South Dakota,US-SD,iso3166-2,NA,NA,NA,0.3546773853162269,0.4331054806357398,0.3369155422765623,0.3790143867901102
US,USA,United States,USA.43_1,USA.43_1,Tennessee,TN|Tenn.,Tennessee,State,State,NA,US.TN,NA,NA,NA,NA,Tennessee,NA,Tennessee,US-TN,iso3166-2,NA,NA,NA,0.3719772380157233,0.3643223601278086,0.3369155422765623,0.3790143867901102
US,USA,United States,USA.44_1,USA.44_1,Texas,TX|Tex.,Texas,State,State,NA,US.TX,NA,NA,NA,NA,Texas,NA,Texas,US-TX,iso3166-2,NA,NA,NA,0.3959225687390227,0.4193738879782072,0.3369155422765623,0.3790143867901102
US,USA,United States,USA.45_1,USA.45_1,Utah,UT,Utah,State,State,NA,US.UT,NA,NA,NA,NA,Utah,NA,Utah,US-UT,iso3166-2,NA,NA,NA,0.3781934546119768,0.46116894698002747,0.3369155422765623,0.3790143867901102
US,USA,United States,USA.46_1,USA.46_1,Vermont,VT,Vermont,State,State,NA,US.VT,NA,NA,NA,NA,Vermont,NA,Vermont,US-VT,iso3166-2,NA,NA,NA,0.45875406042701944,0.44019807546823186,0.3369155422765623,0.3790143867901102
US,USA,United States,USA.47_1,USA.47_1,Virginia,VA,Virginia,State,State,NA,US.VA,NA,NA,NA,NA,Virginia,NA,Virginia,US-VA,iso3166-2,NA,NA,NA,0.41125566658696,0.4323816569964664,0.3369155422765623,0.3790143867901102
US,USA,United States,USA.48_1,USA.48_1,Washington,WA|Wash.,Washington,State,State,NA,US.WA,NA,NA,NA,NA,Washington,NA,Washington,US-WA,iso3166-2,NA,NA,NA,0.41679835365604123,0.4703797137465091,0.3369155422765623,0.3790143867901102
US,USA,United States,USA.49_1,USA.49_1,West Virginia,WV|W.Va.,West Virginia,State,State,NA,US.WV,NA,NA,NA,NA,West Virginia,NA,West Virginia,US-WV,iso3166-2,NA,NA,NA,0.36689483569193065,0.4464506048131564,0.3369155422765623,0.3790143867901102
US,USA,United States,USA.50_1,USA.50_1,Wisconsin,WI|Wis.,Wisconsin,State,State,NA,US.WI,NA,NA,NA,NA,Wisconsin,NA,Wisconsin,US-WI,iso3166-2,NA,NA,NA,0.4132976486295824,0.428623662157616,0.3369155422765623,0.3790143867901102
US,USA,United States,USA.51_1,USA.51_1,Wyoming,WY|Wyo.,Wyoming,State,State,NA,US.WY,NA,NA,NA,NA,Wyoming,NA,Wyoming,US-WY,iso3166-2,NA,NA,NA,0.3344347206624279,0.41574021709835407,0.3369155422765623,0.3790143867901102
UY,URY,Uruguay,URY.1_1,URY.1_1,Artigas,NA,Artigas,Departamento,Department,NA,UY.AR,NA,NA,NA,NA,Artigas,NA,Artigas,UY-AR,iso3166-2,NA,NA,NA,0.5706874822227415,0.6905233139178635,0.581341157881833,0.6598436070116515
UY,URY,Uruguay,URY.2_1,URY.2_1,Canelones,NA,Canelones,Departamento,Department,NA,UY.CA,NA,NA,NA,NA,Canelones,NA,Canelones,UY-CA,iso3166-2,NA,NA,NA,0.6180712711450586,0.6731468752372325,0.581341157881833,0.6598436070116515
UY,URY,Uruguay,URY.3_1,URY.3_1,Cerro Largo,NA,Cerro Largo,Departamento,Department,NA,UY.CL,NA,NA,NA,NA,Cerro Largo,NA,Cerro Largo,UY-CL,iso3166-2,NA,NA,NA,0.6320954632338015,0.7312768433174549,0.581341157881833,0.6598436070116515
UY,URY,Uruguay,URY.4_1,URY.4_1,Colonia,NA,Colonia,Departamento,Department,NA,UY.CO,NA,NA,NA,NA,Colonia,NA,Colonia,UY-CO,iso3166-2,NA,NA,NA,0.6295078594280049,0.6597130808108188,0.581341157881833,0.6598436070116515
UY,URY,Uruguay,URY.5_1,URY.5_1,Durazno,NA,Durazno,Departamento,Department,NA,UY.DU,NA,NA,NA,NA,Durazno,NA,Durazno,UY-DU,iso3166-2,NA,NA,NA,0.644448978470563,0.6977889481477901,0.581341157881833,0.6598436070116515
UY,URY,Uruguay,URY.6_1,URY.6_1,Flores,NA,Flores,Departamento,Department,NA,UY.FS,NA,NA,NA,NA,Flores,NA,Flores,UY-FS,iso3166-2,NA,NA,NA,0.6346411122777371,0.7087068213598047,0.581341157881833,0.6598436070116515
UY,URY,Uruguay,URY.7_1,URY.7_1,Florida,NA,Florida,Departamento,Department,NA,UY.FD,NA,NA,NA,NA,Florida,NA,Florida,UY-FD,iso3166-2,NA,NA,NA,0.598164717080355,0.7255178567265681,0.581341157881833,0.6598436070116515
UY,URY,Uruguay,URY.8_1,URY.8_1,Lavalleja,NA,Lavalleja,Departamento,Department,NA,UY.LA,NA,NA,NA,NA,Lavalleja,NA,Lavalleja,UY-LA,iso3166-2,NA,NA,NA,0.5232981630871344,0.7045820615947419,0.581341157881833,0.6598436070116515
UY,URY,Uruguay,URY.9_1,URY.9_1,Maldonado,NA,Maldonado,Departamento,Department,NA,UY.MA,NA,NA,NA,NA,Maldonado,NA,Maldonado,UY-MA,iso3166-2,NA,NA,NA,0.6514058236595978,0.6778787713690021,0.581341157881833,0.6598436070116515
UY,URY,Uruguay,URY.10_1,URY.10_1,Montevideo,Montevid√©u,Montevideo,Departamento,Department,NA,UY.MO,NA,NA,NA,NA,Montevideo,NA,Montevideo,UY-MO,iso3166-2,NA,NA,NA,0.6126517662444054,0.6740914423659168,0.581341157881833,0.6598436070116515
UY,URY,Uruguay,URY.11_1,URY.11_1,Paysand√∫,NA,Paysand√∫,Departamento,Department,NA,UY.PA,NA,NA,NA,NA,Paysandú,NA,Paysandú,UY-PA,iso3166-2,NA,NA,NA,0.6527424982885816,0.6334546785558937,0.581341157881833,0.6598436070116515
UY,URY,Uruguay,URY.12_1,URY.12_1,R√≠o Negro,NA,R√≠o Negro,Departamento,Department,NA,UY.RN,NA,NA,NA,NA,Río Negro,NA,Río Negro,UY-RN,iso3166-2,NA,NA,NA,0.5965651855598665,0.6600668106058346,0.581341157881833,0.6598436070116515
UY,URY,Uruguay,URY.13_1,URY.13_1,Rivera,NA,Rivera,Departamento,Department,NA,UY.RV,NA,NA,NA,NA,Rivera,NA,Rivera,UY-RV,iso3166-2,NA,NA,NA,0.5944109866004051,0.6417819260711977,0.581341157881833,0.6598436070116515
UY,URY,Uruguay,URY.14_1,URY.14_1,Rocha,NA,Rocha,Departamento,Department,NA,UY.RO,NA,NA,NA,NA,Rocha,NA,Rocha,UY-RO,iso3166-2,NA,NA,NA,0.5633240046517702,0.7369165387789861,0.581341157881833,0.6598436070116515
UY,URY,Uruguay,URY.15_1,URY.15_1,Salto,NA,Salto,Departamento,Department,NA,UY.SA,NA,NA,NA,NA,Salto,NA,Salto,UY-SA,iso3166-2,NA,NA,NA,0.5784318677863003,0.6286888011272682,0.581341157881833,0.6598436070116515
UY,URY,Uruguay,URY.16_1,URY.16_1,San Jos√©,NA,San Jos√©,Departamento,Department,NA,UY.SJ,NA,NA,NA,NA,San José,NA,San José,UY-SJ,iso3166-2,NA,NA,NA,0.604007150694871,0.6433398146775705,0.581341157881833,0.6598436070116515
UY,URY,Uruguay,URY.17_1,URY.17_1,Soriano,NA,Soriano,Departamento,Department,NA,UY.SO,NA,NA,NA,NA,Soriano,NA,Soriano,UY-SO,iso3166-2,NA,NA,NA,0.6120427947770098,0.6675564376039776,0.581341157881833,0.6598436070116515
UY,URY,Uruguay,URY.18_1,URY.18_1,Tacuaremb√≥,NA,Tacuaremb√≥,Departamento,Department,NA,UY.TA,NA,NA,NA,NA,Tacuarembó,NA,Tacuarembó,UY-TA,iso3166-2,NA,NA,NA,0.5914334338313851,0.7085250260614387,0.581341157881833,0.6598436070116515
UY,URY,Uruguay,URY.19_1,URY.19_1,Treinta y Tres,NA,Treinta y Tres,Departamento,Department,NA,UY.TT,NA,NA,NA,NA,Treinta y Tres,NA,Treinta y Tres,UY-TT,iso3166-2,NA,NA,NA,0.5519305145854879,0.6957817944620562,0.581341157881833,0.6598436070116515
UZ,UZB,Uzbekistan,UZB.1_1,UZB.1_1,Andijon,Andijan|Andizhan,Andijon,Wiloyat,Region,NA,UZ.AN,NA,NA,NA,NA,Andijon,NA,Andijon,UZ-AN,iso3166-2,NA,NA,NA,0.3952714873824165,0.38946344910676806,0.38316201529195093,0.3499113852551399
UZ,UZB,Uzbekistan,UZB.2_1,UZB.2_1,Bukhoro,Bukhara|Buxoro|Mawarranahr|Transoxania|Turan,Bukhoro,Wiloyat,Region,NA,UZ.BU,NA,NA,NA,NA,Buxoro,NA,Buxoro,UZ-BU,iso3166-2,NA,NA,NA,0.45920089384592155,0.4146566802324875,0.38316201529195093,0.3499113852551399
UZ,UZB,Uzbekistan,UZB.3_1,UZB.3_1,Ferghana,Farghona|Farg`ona|Fergana,Ferghana,Wiloyat,Region,NA,UZ.FA,NA,NA,NA,NA,Farg‘ona,NA,Farg‘ona,UZ-FA,iso3166-2,NA,NA,NA,0.41160845621645736,0.41242076461664334,0.38316201529195093,0.3499113852551399
UZ,UZB,Uzbekistan,UZB.4_1,UZB.4_1,Jizzakh,Dzhizak|Jizzax,Jizzakh,Wiloyat,Region,NA,UZ.JI,NA,NA,NA,NA,Jizzax,NA,Jizzax,UZ-JI,iso3166-2,NA,NA,NA,0.45234262384865037,0.45069485236595996,0.38316201529195093,0.3499113852551399
UZ,UZB,Uzbekistan,UZB.8_1,UZB.8_1,Namangan,NA,Namangan,Wiloyat,Region,NA,UZ.NG,NA,NA,NA,NA,Namangan,NA,Namangan,UZ-NG,iso3166-2,NA,NA,NA,0.4534803477093302,0.3868509549017582,0.38316201529195093,0.3499113852551399
UZ,UZB,Uzbekistan,UZB.9_1,UZB.9_1,Navoi,Navoiy|Navoiy,Navoi,Wiloyat,Region,NA,UZ.NW,NA,NA,NA,NA,Navoiy,NA,Navoiy,UZ-NW,iso3166-2,NA,NA,NA,0.4984159981678685,0.43154093325006526,0.38316201529195093,0.3499113852551399
UZ,UZB,Uzbekistan,UZB.6_1,UZB.6_1,Kashkadarya,Kashka-Dar'ya|Kashkadar|Kashkadar'ya|Qashqadaryo,Kashkadarya,Wiloyat,Region,NA,UZ.QA,NA,NA,NA,NA,Qashqadaryo,NA,Qashqadaryo,UZ-QA,iso3166-2,NA,NA,NA,0.4179727312167051,0.4473765900770042,0.38316201529195093,0.3499113852551399
UZ,UZB,Uzbekistan,UZB.5_1,UZB.5_1,Karakalpakstan,Qoraqalpog`iston autonomous republic|Kara-Kalpakia|Qoraqalpoghiston|Qoraqalpog`iston|Qoraqalpoghiston Respublikasi,Karakalpakstan,Repuplikasi,Autononous Region,NA,UZ.QR,NA,NA,NA,NA,Qoraqalpog‘iston Respublikasi,NA,Qoraqalpog‘iston Respublikasi,UZ-QR,iso3166-2,NA,NA,NA,0.48369293658051815,0.49317632519953614,0.38316201529195093,0.3499113852551399
UZ,UZB,Uzbekistan,UZB.10_1,UZB.10_1,Samarkand,Samarqand,Samarkand,Wiloyat,Region,NA,UZ.SA,NA,NA,NA,NA,Samarqand,NA,Samarqand,UZ-SA,iso3166-2,NA,NA,NA,0.48949698552872306,0.4223305639827214,0.38316201529195093,0.3499113852551399
UZ,UZB,Uzbekistan,UZB.11_1,UZB.11_1,Sirdaryo,Syr-Dar'ya,Sirdaryo,Wiloyat,Region,NA,UZ.SI,NA,NA,NA,NA,Sirdaryo,NA,Sirdaryo,UZ-SI,iso3166-2,NA,NA,NA,0.48289241264164107,0.4497806334512622,0.38316201529195093,0.3499113852551399
UZ,UZB,Uzbekistan,UZB.12_1,UZB.12_1,Surkhandarya,Sukhan-Dar'ya|Surxondaryo|Surkhan-Dar'ya,Surkhandarya,Wiloyat,Region,NA,UZ.SU,NA,NA,NA,NA,Surxondaryo,NA,Surxondaryo,UZ-SU,iso3166-2,NA,NA,NA,0.42190516458212246,0.43751475775616255,0.38316201529195093,0.3499113852551399
UZ,UZB,Uzbekistan,UZB.13_1,UZB.13_1,Tashkent City,NA,Tashkent City,Shahar,City,NA,UZ.TK,NA,NA,NA,NA,Toshkent,NA,Toshkent,UZ-TK,iso3166-2,NA,NA,NA,0.5038564114309414,0.4872067432691776,0.38316201529195093,0.3499113852551399
UZ,UZB,Uzbekistan,UZB.14_1,UZB.14_1,Tashkent,Taschkent|Toshkent,Tashkent,Wiloyat,Region,NA,UZ.TA,NA,NA,NA,NA,Toshkent,NA,Toshkent,UZ-TO,iso3166-2,NA,NA,NA,0.5025328169030541,0.41385850823728154,0.38316201529195093,0.3499113852551399
UZ,UZB,Uzbekistan,UZB.7_1,UZB.7_1,Khorezm,Khiva|Khwarazm|Khorazm|Xorazm,Khorezm,Wiloyat,Region,NA,UZ.KH,NA,NA,NA,NA,Xorazm,NA,Xorazm,UZ-XO,iso3166-2,NA,NA,NA,0.43424145120091406,0.4366219115650001,0.38316201529195093,0.3499113852551399
VC,VCT,Saint Vincent and the Grenadines,VCT.1_1,VCT.1_1,Charlotte,NA,Charlotte,Parish,Parish,NA,VC.CH,nat,Saint Vincent and the Grenadines,NA,NA,Charlotte,NA,Charlotte,VC-01,iso3166-2,NA,NA,NA,NA,NA,NA,NA
VC,VCT,Saint Vincent and the Grenadines,VCT.2_1,VCT.2_1,Grenadines,NA,Grenadines,Parish,Parish,NA,VC.GT,nat,Saint Vincent and the Grenadines,NA,NA,Grenadines,NA,Grenadines,VC-06,iso3166-2,NA,NA,NA,NA,NA,NA,NA
VC,VCT,Saint Vincent and the Grenadines,VCT.3_1,VCT.3_1,Saint Andrew,NA,Saint Andrew,Parish,Parish,NA,VC.AN,nat,Saint Vincent and the Grenadines,NA,NA,Saint Andrew,NA,Saint Andrew,VC-02,iso3166-2,NA,NA,NA,NA,NA,NA,NA
VC,VCT,Saint Vincent and the Grenadines,VCT.4_1,VCT.4_1,Saint David,NA,Saint David,Parish,Parish,NA,VC.DA,nat,Saint Vincent and the Grenadines,NA,NA,Saint David,NA,Saint David,VC-03,iso3166-2,NA,NA,NA,NA,NA,NA,NA
VC,VCT,Saint Vincent and the Grenadines,VCT.5_1,VCT.5_1,Saint George,NA,Saint George,Parish,Parish,NA,VC.GE,nat,Saint Vincent and the Grenadines,NA,NA,Saint George,NA,Saint George,VC-04,iso3166-2,NA,NA,NA,NA,NA,NA,NA
VC,VCT,Saint Vincent and the Grenadines,VCT.6_1,VCT.6_1,Saint Patrick,NA,Saint Patrick,Parish,Parish,NA,VC.PA,nat,Saint Vincent and the Grenadines,NA,NA,Saint Patrick,NA,Saint Patrick,VC-05,iso3166-2,NA,NA,NA,NA,NA,NA,NA
VE,VEN,Venezuela,VEN.1_1,VEN.1_1,Amazonas,NA,Amazonas,Estado,State,NA,NA,NA,NA,NA,NA,Amazonas,NA,Amazonas,VE-Z,iso3166-2,NA,NA,NA,0.48081505232533744,0.5465852047809753,0.4046886883184935,0.6166789222172842
VE,VEN,Venezuela,VEN.2_1,VEN.2_1,Anzo√°tegui,NA,Anzo√°tegui,Estado,State,NA,NA,NA,NA,NA,NA,Anzoátegui,NA,Anzoátegui,VE-B,iso3166-2,NA,NA,NA,0.5540351768355648,0.63096946772233,0.4046886883184935,0.6166789222172842
VE,VEN,Venezuela,VEN.3_1,VEN.3_1,Apure,NA,Apure,Estado,State,NA,NA,NA,NA,NA,NA,Apure,NA,Apure,VE-C,iso3166-2,NA,NA,NA,0.4256721685851425,0.6747674596173074,0.4046886883184935,0.6166789222172842
VE,VEN,Venezuela,VEN.4_1,VEN.4_1,Aragua,NA,Aragua,Estado,State,NA,NA,NA,NA,NA,NA,Aragua,NA,Aragua,VE-D,iso3166-2,NA,NA,NA,0.4816898996126416,0.6181504186517639,0.4046886883184935,0.6166789222172842
VE,VEN,Venezuela,VEN.5_1,VEN.5_1,Barinas,NA,Barinas,Estado,State,NA,NA,NA,NA,NA,NA,Barinas,NA,Barinas,VE-E,iso3166-2,NA,NA,NA,0.5221522752270952,0.6916702678806977,0.4046886883184935,0.6166789222172842
VE,VEN,Venezuela,VEN.6_1,VEN.6_1,Bol√≠var,NA,Bol√≠var,Estado,State,NA,NA,NA,NA,NA,NA,Bolívar,NA,Bolívar,VE-F,iso3166-2,NA,NA,NA,0.5138859459359182,0.6390177396733143,0.4046886883184935,0.6166789222172842
VE,VEN,Venezuela,VEN.7_1,VEN.7_1,Carabobo,NA,Carabobo,Estado,State,NA,NA,NA,NA,NA,NA,Carabobo,NA,Carabobo,VE-G,iso3166-2,NA,NA,NA,0.43073899843147767,0.6990834699624051,0.4046886883184935,0.6166789222172842
VE,VEN,Venezuela,VEN.8_1,VEN.8_1,Cojedes,NA,Cojedes,Estado,State,NA,NA,NA,NA,NA,NA,Cojedes,NA,Cojedes,VE-H,iso3166-2,NA,NA,NA,0.5245714391653346,0.7695527423802475,0.4046886883184935,0.6166789222172842
VE,VEN,Venezuela,VEN.9_1,VEN.9_1,Delta Amacuro,NA,Delta Amacuro,Estado,State,NA,NA,NA,NA,NA,NA,Delta Amacuro,NA,Delta Amacuro,VE-Y,iso3166-2,NA,NA,NA,0.6290190600010309,0.7362724910187536,0.4046886883184935,0.6166789222172842
VE,VEN,Venezuela,VEN.10_1,VEN.10_1,Dependencias Federales,NA,Dependencias Federales,Estado,State,NA,VE.DP,NA,NA,NA,NA,Dependencias Federales,NA,Dependencias Federales,VE-W,iso3166-2,NA,NA,NA,NA,NA,0.4046886883184935,0.6166789222172842
VE,VEN,Venezuela,VEN.11_1,VEN.11_1,Distrito Capital,NA,Distrito Capital,Estado,State,NA,NA,NA,NA,NA,NA,Distrito Capital,NA,Distrito Capital,VE-A,iso3166-2,NA,NA,NA,0.49835753206817407,0.6456196752956431,0.4046886883184935,0.6166789222172842
VE,VEN,Venezuela,VEN.12_1,VEN.12_1,Falc√≥n,NA,Falc√≥n,Estado,State,NA,NA,NA,NA,NA,NA,Falcón,NA,Falcón,VE-I,iso3166-2,NA,NA,NA,0.4348420686151324,0.5892102738513442,0.4046886883184935,0.6166789222172842
VE,VEN,Venezuela,VEN.13_1,VEN.13_1,Gu√°rico,NA,Gu√°rico,Estado,State,NA,NA,NA,NA,NA,NA,Guárico,NA,Guárico,VE-J,iso3166-2,NA,NA,NA,0.5179875623549159,0.5859409069798439,0.4046886883184935,0.6166789222172842
VE,VEN,Venezuela,VEN.14_1,VEN.14_1,Lara,NA,Lara,Estado,State,NA,NA,NA,NA,NA,NA,Lara,NA,Lara,VE-K,iso3166-2,NA,NA,NA,0.5843171159876427,0.547818282334244,0.4046886883184935,0.6166789222172842
VE,VEN,Venezuela,VEN.15_1,VEN.15_1,M√©rida,NA,M√©rida,Estado,State,NA,NA,NA,NA,NA,NA,Mérida,NA,Mérida,VE-L,iso3166-2,NA,NA,NA,0.5622201911954303,0.7018884614460756,0.4046886883184935,0.6166789222172842
VE,VEN,Venezuela,VEN.16_1,VEN.16_1,Miranda,NA,Miranda,Estado,State,NA,NA,NA,NA,NA,NA,Miranda,NA,Miranda,VE-M,iso3166-2,NA,NA,NA,0.44375219363535906,0.6740669551294634,0.4046886883184935,0.6166789222172842
VE,VEN,Venezuela,VEN.17_1,VEN.17_1,Monagas,NA,Monagas,Estado,State,NA,NA,NA,NA,NA,NA,Monagas,NA,Monagas,VE-N,iso3166-2,NA,NA,NA,0.4915579112937102,0.6631410025862773,0.4046886883184935,0.6166789222172842
VE,VEN,Venezuela,VEN.18_1,VEN.18_1,Nueva Esparta,NA,Nueva Esparta,Estado,State,NA,NA,NA,NA,NA,NA,Nueva Esparta,NA,Nueva Esparta,VE-O,iso3166-2,NA,NA,NA,0.45346759366064837,0.6107295314966881,0.4046886883184935,0.6166789222172842
VE,VEN,Venezuela,VEN.19_1,VEN.19_1,Portuguesa,NA,Portuguesa,Estado,State,NA,NA,NA,NA,NA,NA,Portuguesa,NA,Portuguesa,VE-P,iso3166-2,NA,NA,NA,0.5575306489366135,0.6721667954292732,0.4046886883184935,0.6166789222172842
VE,VEN,Venezuela,VEN.20_1,VEN.20_1,Sucre,NA,Sucre,Estado,State,NA,NA,NA,NA,NA,NA,Sucre,NA,Sucre,VE-R,iso3166-2,NA,NA,NA,0.4898517599526929,0.6298068719244508,0.4046886883184935,0.6166789222172842
VE,VEN,Venezuela,VEN.21_1,VEN.21_1,T√°chira,NA,T√°chira,Estado,State,NA,NA,NA,NA,NA,NA,Táchira,NA,Táchira,VE-S,iso3166-2,NA,NA,NA,0.5381918431867192,0.7049212023349261,0.4046886883184935,0.6166789222172842
VE,VEN,Venezuela,VEN.22_1,VEN.22_1,Trujillo,NA,Trujillo,Estado,State,NA,NA,NA,NA,NA,NA,Trujillo,NA,Trujillo,VE-T,iso3166-2,NA,NA,NA,0.5437648184353927,0.6135690199892151,0.4046886883184935,0.6166789222172842
VE,VEN,Venezuela,VEN.23_1,VEN.23_1,Vargas,NA,Vargas,Estado,State,NA,NA,NA,NA,NA,NA,Vargas,NA,Vargas,VE-X,iso3166-2,NA,NA,NA,0.49003401139046837,0.711238789358228,0.4046886883184935,0.6166789222172842
VE,VEN,Venezuela,VEN.24_1,VEN.24_1,Yaracuy,NA,Yaracuy,Estado,State,NA,NA,NA,NA,NA,NA,Yaracuy,NA,Yaracuy,VE-U,iso3166-2,NA,NA,NA,0.6312777991861236,0.6576276505527575,0.4046886883184935,0.6166789222172842
VE,VEN,Venezuela,VEN.25_1,VEN.25_1,Zulia,NA,Zulia,Estado,State,NA,NA,NA,NA,NA,NA,Zulia,NA,Zulia,VE-V,iso3166-2,NA,NA,NA,0.2546049984158559,0.5743569652916323,0.4046886883184935,0.6166789222172842
VN,VNM,Vietnam,VNM.1_1,VNM.1_1,An Giang,An Giang,An Giang,T·ªânh,Province,NA,VN.AG,NA,NA,NA,NA,An Giang,NA,An Giang,VN-44,iso3166-2,NA,NA,NA,0.4654375139518053,0.5703423051897809,0.42291701982802077,0.6635620774562024
VN,VNM,Vietnam,VNM.7_1,VNM.7_1,B√† R·ªãa - V≈©ng T√†u,Ba Ria - Vung Tau,B√† R·ªãa - V≈©ng T√†u,T·ªânh,Province,NA,VN.BV,NA,NA,NA,NA,Bà Rịa - Vũng Tàu,NA,Bà Rịa - Vũng Tàu,VN-43,iso3166-2,NA,NA,NA,0.5102206612795837,0.7598966252299908,0.42291701982802077,0.6635620774562024
VN,VNM,Vietnam,VNM.3_1,VNM.3_1,B·∫Øc Giang,Bac Giang,B·∫Øc Giang,T·ªânh,Province,NA,VN.BG,NA,NA,NA,NA,Bắc Giang,NA,Bắc Giang,VN-54,iso3166-2,NA,NA,NA,0.4959338984429503,0.6462879651228421,0.42291701982802077,0.6635620774562024
VN,VNM,Vietnam,VNM.4_1,VNM.4_1,B·∫Øc K·∫°n,Bac Kan,B·∫Øc K·∫°n,T·ªânh,Province,NA,VN.BK,NA,NA,NA,NA,Bắc Kạn,NA,Bắc Kạn,VN-53,iso3166-2,NA,NA,NA,0.502673573754798,0.7042447076645906,0.42291701982802077,0.6635620774562024
VN,VNM,Vietnam,VNM.2_1,VNM.2_1,B·∫°c Li√™u,Bac Lieu,B·∫°c Li√™u,T·ªânh,Province,NA,VN.BL,NA,NA,NA,1,Bạc Liêu,NA,Bạc Liêu,VN-55,iso3166-2,NA,NA,NA,0.4437472395276247,0.6060052958015308,0.42291701982802077,0.6635620774562024
VN,VNM,Vietnam,VNM.5_1,VNM.5_1,B·∫Øc Ninh,Bac Ninh,B·∫Øc Ninh,T·ªânh,Province,NA,VN.BN,NA,NA,NA,NA,Bắc Ninh,NA,Bắc Ninh,VN-56,iso3166-2,NA,NA,NA,0.5998658511056985,0.8338977355177688,0.42291701982802077,0.6635620774562024
VN,VNM,Vietnam,VNM.6_1,VNM.6_1,B·∫øn Tre,Ben Tre,B·∫øn Tre,T·ªânh,Province,NA,VN.BR,NA,NA,NA,NA,Bến Tre,NA,Bến Tre,VN-50,iso3166-2,NA,NA,NA,0.4741808477848642,0.6668155382029279,0.42291701982802077,0.6635620774562024
VN,VNM,Vietnam,VNM.8_1,VNM.8_1,B√¨nh ƒê·ªãnh,Binh Dinh,B√¨nh ƒê·ªãnh,T·ªânh,Province,NA,VN.BD,NA,NA,NA,NA,Bình Định,NA,Bình Định,VN-31,iso3166-2,NA,NA,NA,0.4755931286754941,0.6182999312868099,0.42291701982802077,0.6635620774562024
VN,VNM,Vietnam,VNM.9_1,VNM.9_1,B√¨nh D∆∞∆°ng,Binh Duong,B√¨nh D∆∞∆°ng,T·ªânh,Province,NA,VN.BI,NA,NA,NA,NA,Bình Dương,NA,Bình Dương,VN-57,iso3166-2,NA,NA,NA,0.44593388464418865,0.6273845813204675,0.42291701982802077,0.6635620774562024
VN,VNM,Vietnam,VNM.10_1,VNM.10_1,B√¨nh Ph∆∞·ªõc,Binh Phuoc,B√¨nh Ph∆∞·ªõc,T·ªânh,Province,NA,VN.BP,NA,NA,NA,NA,Bình Phước,NA,Bình Phước,VN-58,iso3166-2,NA,NA,NA,0.48108370741530276,0.5987803939434544,0.42291701982802077,0.6635620774562024
VN,VNM,Vietnam,VNM.11_1,VNM.11_1,B√¨nh Thu·∫≠n,Binh Thuan,B√¨nh Thu·∫≠n,T·ªânh,Province,NA,VN.BU,NA,NA,NA,NA,Bình Thuận,NA,Bình Thuận,VN-40,iso3166-2,NA,NA,NA,0.5457120328322941,0.6367489251702844,0.42291701982802077,0.6635620774562024
VN,VNM,Vietnam,VNM.13_1,VNM.13_1,C√† Mau,Ca Mau,C√† Mau,T·ªânh,Province,NA,VN.CM,NA,NA,NA,NA,Cà Mau,NA,Cà Mau,VN-59,iso3166-2,NA,NA,NA,0.4477694710102491,0.6213067605574215,0.42291701982802077,0.6635620774562024
VN,VNM,Vietnam,VNM.12_1,VNM.12_1,C·∫ßn Th∆°,Can Tho,C·∫ßn Th∆°,Th√†nh ph·ªë,City,NA,VN.CN,NA,NA,NA,NA,Can Tho,NA,Can Tho,VN-CT,iso3166-2,NA,NA,NA,0.435654355968532,0.6123984510443652,0.42291701982802077,0.6635620774562024
VN,VNM,Vietnam,VNM.14_1,VNM.14_1,Cao B·∫±ng,Cao Bang,Cao B·∫±ng,T·ªânh,Province,NA,VN.CB,NA,NA,NA,NA,Cao Bằng,NA,Cao Bằng,VN-04,iso3166-2,NA,NA,NA,0.45698743319076013,0.6966589965962913,0.42291701982802077,0.6635620774562024
VN,VNM,Vietnam,VNM.19_1,VNM.19_1,ƒê√† N·∫µng,Da Nang,ƒê√† N·∫µng,Th√†nh ph·ªë,City,NA,VN.DA,NA,NA,NA,NA,Da Nang,NA,Da Nang,VN-DN,iso3166-2,NA,NA,NA,0.5302489508493691,0.6673735354988005,0.42291701982802077,0.6635620774562024
VN,VNM,Vietnam,VNM.15_1,VNM.15_1,ƒê·∫Øk L·∫Øk,Dak Lak,ƒê·∫Øk L·∫Øk,T·ªânh,Province,NA,VN.DC,NA,NA,NA,NA,Đắk Lắk,NA,Đắk Lắk,VN-33,iso3166-2,NA,NA,NA,0.5331260049970451,0.7558247792483939,0.42291701982802077,0.6635620774562024
VN,VNM,Vietnam,VNM.16_1,VNM.16_1,ƒê·∫Øk N√¥ng,Dak Nong,ƒê·∫Øk N√¥ng,T·ªânh,Province,NA,VN.DO,NA,NA,NA,1,Đắk Nông,NA,Đắk Nông,VN-72,iso3166-2,NA,NA,NA,0.38776454757290163,0.5338315981099216,0.42291701982802077,0.6635620774562024
VN,VNM,Vietnam,VNM.20_1,VNM.20_1,ƒêi·ªán Bi√™n,Dien Bien,ƒêi·ªán Bi√™n,T·ªânh,Province,NA,VN.DB,NA,NA,NA,NA,Điện Biên,NA,Điện Biên,VN-71,iso3166-2,NA,NA,NA,0.4830739196337603,0.678346194987945,0.42291701982802077,0.6635620774562024
VN,VNM,Vietnam,VNM.17_1,VNM.17_1,ƒê·ªìng Nai,Dong Nai,ƒê·ªìng Nai,T·ªânh,Province,NA,VN.DN,NA,NA,NA,NA,Đồng Nai,NA,Đồng Nai,VN-39,iso3166-2,NA,NA,NA,0.4465351595105666,0.7128688387835337,0.42291701982802077,0.6635620774562024
VN,VNM,Vietnam,VNM.18_1,VNM.18_1,ƒê·ªìng Th√°p,Dong Thap,ƒê·ªìng Th√°p,T·ªânh,Province,NA,VN.DT,NA,NA,NA,NA,Đồng Tháp,NA,Đồng Tháp,VN-45,iso3166-2,NA,NA,NA,0.5364522452383373,0.7248950195360138,0.42291701982802077,0.6635620774562024
VN,VNM,Vietnam,VNM.21_1,VNM.21_1,Gia Lai,Gia Lai,Gia Lai,T·ªânh,Province,NA,VN.GL,NA,NA,NA,NA,Gia Lai,NA,Gia Lai,VN-30,iso3166-2,NA,NA,NA,0.5991410189648451,0.7356573103917654,0.42291701982802077,0.6635620774562024
VN,VNM,Vietnam,VNM.26_1,VNM.26_1,H√† Giang,Ha Giang,H√† Giang,T·ªânh,Province,NA,VN.HG,NA,NA,NA,NA,Hà Giang,NA,Hà Giang,VN-03,iso3166-2,NA,NA,NA,0.46715317115969895,0.727251868775185,0.42291701982802077,0.6635620774562024
VN,VNM,Vietnam,VNM.28_1,VNM.28_1,H√† Nam,Ha Nam,H√† Nam,T·ªânh,Province,NA,VN.HM,NA,NA,NA,NA,Hà Nam,NA,Hà Nam,VN-63,iso3166-2,NA,NA,NA,0.5074861640722642,0.7557406349021871,0.42291701982802077,0.6635620774562024
VN,VNM,Vietnam,VNM.27_1,VNM.27_1,H√† N·ªôi,Ha Noi,H√† N·ªôi,Th√†nh ph·ªë,City,NA,VN.HI,NA,NA,NA,NA,Ha Noi,NA,Ha Noi,VN-HN,iso3166-2,NA,NA,NA,0.4921113674581841,0.6850422390844466,0.42291701982802077,0.6635620774562024
VN,VNM,Vietnam,VNM.29_1,VNM.29_1,H√† Tƒ©nh,Ha Tinh,H√† Tƒ©nh,T·ªânh,Province,NA,VN.HT,NA,NA,NA,NA,Hà Tĩnh,NA,Hà Tĩnh,VN-23,iso3166-2,NA,NA,NA,0.479044857181429,0.7048535233579817,0.42291701982802077,0.6635620774562024
VN,VNM,Vietnam,VNM.22_1,VNM.22_1,H·∫£i D∆∞∆°ng,Hai Duong,H·∫£i D∆∞∆°ng,T·ªânh,Province,NA,VN.HD,NA,NA,NA,NA,Hải Dương,NA,Hải Dương,VN-61,iso3166-2,NA,NA,NA,0.5188472178472994,0.7467246788297229,0.42291701982802077,0.6635620774562024
VN,VNM,Vietnam,VNM.23_1,VNM.23_1,H·∫£i Ph√≤ng,Hai Phong,H·∫£i Ph√≤ng,Th√†nh ph·ªë,City,NA,VN.HP,NA,NA,NA,NA,Hai Phong,NA,Hai Phong,VN-HP,iso3166-2,NA,NA,NA,0.49762128123743404,0.6643602618775404,0.42291701982802077,0.6635620774562024
VN,VNM,Vietnam,VNM.24_1,VNM.24_1,H·∫≠u Giang,Hau Giang,H·∫≠u Giang,T·ªânh,Province,NA,VN.HU,NA,NA,NA,1,Hậu Giang,NA,Hậu Giang,VN-73,iso3166-2,NA,NA,NA,0.43133698695295253,0.6230003372136187,0.42291701982802077,0.6635620774562024
VN,VNM,Vietnam,VNM.25_1,VNM.25_1,H·ªì Ch√≠ Minh,Ho Chi Minh,H·ªì Ch√≠ Minh,Th√†nh ph·ªë,City,NA,VN.HC,NA,NA,NA,NA,Ho Chi Minh,NA,Ho Chi Minh,VN-SG,iso3166-2,NA,NA,NA,0.47491627969941674,0.6668934496894623,0.42291701982802077,0.6635620774562024
VN,VNM,Vietnam,VNM.30_1,VNM.30_1,Ho√† B√¨nh,Hoa Binh,Ho√† B√¨nh,T·ªânh,Province,NA,VN.HO,NA,NA,NA,NA,Hòa Bình,NA,Hòa Bình,VN-14,iso3166-2,NA,NA,NA,0.5029534748251083,0.6595643862467735,0.42291701982802077,0.6635620774562024
VN,VNM,Vietnam,VNM.31_1,VNM.31_1,H∆∞ng Y√™n,Hung Yen,H∆∞ng Y√™n,T·ªânh,Province,NA,VN.HY,NA,NA,NA,NA,Hưng Yên,NA,Hưng Yên,VN-66,iso3166-2,NA,NA,NA,0.4492553893132227,0.690148070985051,0.42291701982802077,0.6635620774562024
VN,VNM,Vietnam,VNM.32_1,VNM.32_1,Kh√°nh H√≤a,Khanh Hoa,Kh√°nh H√≤a,T·ªânh,Province,NA,VN.KH,NA,NA,NA,NA,Khánh Hòa,NA,Khánh Hòa,VN-34,iso3166-2,NA,NA,NA,0.4726764626757152,0.6954235467957021,0.42291701982802077,0.6635620774562024
VN,VNM,Vietnam,VNM.33_1,VNM.33_1,Ki√™n Giang,Kien Giang,Ki√™n Giang,T·ªânh,Province,NA,VN.KG,NA,NA,NA,NA,Kiến Giang,NA,Kiến Giang,VN-47,iso3166-2,NA,NA,NA,0.490997330771881,0.7529829560540041,0.42291701982802077,0.6635620774562024
VN,VNM,Vietnam,VNM.34_1,VNM.34_1,Kon Tum,Kon Tum,Kon Tum,T·ªânh,Province,NA,VN.KT,NA,NA,NA,NA,Kon Tum,NA,Kon Tum,VN-28,iso3166-2,NA,NA,NA,0.4380786622577943,0.7764878245350526,0.42291701982802077,0.6635620774562024
VN,VNM,Vietnam,VNM.36_1,VNM.36_1,Lai Ch√¢u,Lai Chau,Lai Ch√¢u,T·ªânh,Province,NA,VN.LI,NA,NA,NA,NA,Lai Châu,NA,Lai Châu,VN-01,iso3166-2,NA,NA,NA,0.6487724650629181,0.8061021016724398,0.42291701982802077,0.6635620774562024
VN,VNM,Vietnam,VNM.37_1,VNM.37_1,L√¢m ƒê·ªìng,Lam Dong,L√¢m ƒê·ªìng,T·ªânh,Province,NA,VN.LD,NA,NA,NA,NA,Lâm Đồng,NA,Lâm Đồng,VN-35,iso3166-2,NA,NA,NA,0.4980854605071009,0.7323198106519335,0.42291701982802077,0.6635620774562024
VN,VNM,Vietnam,VNM.35_1,VNM.35_1,L·∫°ng S∆°n,Lang Son,L·∫°ng S∆°n,T·ªânh,Province,NA,VN.LS,NA,NA,NA,NA,Lạng Sơn,NA,Lạng Sơn,VN-09,iso3166-2,NA,NA,NA,0.4528236400908078,0.6456651599317527,0.42291701982802077,0.6635620774562024
VN,VNM,Vietnam,VNM.38_1,VNM.38_1,L√†o Cai,Lao Cai,L√†o Cai,T·ªânh,Province,NA,VN.LO,NA,NA,NA,NA,Lào Cai,NA,Lào Cai,VN-02,iso3166-2,NA,NA,NA,0.46780509335868264,0.6617800058110674,0.42291701982802077,0.6635620774562024
VN,VNM,Vietnam,VNM.39_1,VNM.39_1,Long An,Long An,Long An,T·ªânh,Province,NA,VN.LA,NA,NA,NA,NA,Long An,NA,Long An,VN-41,iso3166-2,NA,NA,NA,0.4695743850677357,0.5859422938222709,0.42291701982802077,0.6635620774562024
VN,VNM,Vietnam,VNM.40_1,VNM.40_1,Nam ƒê·ªãnh,Nam Dinh,Nam ƒê·ªãnh,T·ªânh,Province,NA,VN.ND,NA,NA,NA,NA,Nam Định,NA,Nam Định,VN-67,iso3166-2,NA,NA,NA,0.5045022224325663,0.6977535749940234,0.42291701982802077,0.6635620774562024
VN,VNM,Vietnam,VNM.41_1,VNM.41_1,Ngh·ªá An,Nghe An,Ngh·ªá An,T·ªânh,Province,NA,VN.NA,NA,NA,NA,NA,Nghệ An,NA,Nghệ An,VN-22,iso3166-2,NA,NA,NA,0.4854789693081921,0.6207306407103645,0.42291701982802077,0.6635620774562024
VN,VNM,Vietnam,VNM.42_1,VNM.42_1,Ninh B√¨nh,Ninh Binh,Ninh B√¨nh,T·ªânh,Province,NA,VN.NB,NA,NA,NA,NA,Ninh Bình,NA,Ninh Bình,VN-18,iso3166-2,NA,NA,NA,0.49466434326861514,0.683970727007519,0.42291701982802077,0.6635620774562024
VN,VNM,Vietnam,VNM.43_1,VNM.43_1,Ninh Thu·∫≠n,Ninh Thuan,Ninh Thu·∫≠n,T·ªânh,Province,NA,VN.NT,NA,NA,NA,NA,Ninh Thuận,NA,Ninh Thuận,VN-36,iso3166-2,NA,NA,NA,0.4175992243793699,0.5639346995567528,0.42291701982802077,0.6635620774562024
VN,VNM,Vietnam,VNM.44_1,VNM.44_1,Ph√∫ Th·ªç,Phu Tho,Ph√∫ Th·ªç,T·ªânh,Province,NA,VN.PT,NA,NA,NA,NA,Phú Thọ,NA,Phú Thọ,VN-68,iso3166-2,NA,NA,NA,0.5248489678005533,0.8000888028531238,0.42291701982802077,0.6635620774562024
VN,VNM,Vietnam,VNM.45_1,VNM.45_1,Ph√∫ Y√™n,Phu Yen,Ph√∫ Y√™n,T·ªânh,Province,NA,VN.PY,NA,NA,NA,1,Phú Yên,NA,Phú Yên,VN-32,iso3166-2,NA,NA,NA,0.4572816867564279,0.636464448493672,0.42291701982802077,0.6635620774562024
VN,VNM,Vietnam,VNM.46_1,VNM.46_1,Qu·∫£ng B√¨nh,Quang Binh,Qu·∫£ng B√¨nh,T·ªânh,Province,NA,VN.QB,NA,NA,NA,NA,Quảng Bình,NA,Quảng Bình,VN-24,iso3166-2,NA,NA,NA,0.5328079427334458,0.7576199642534329,0.42291701982802077,0.6635620774562024
VN,VNM,Vietnam,VNM.47_1,VNM.47_1,Qu·∫£ng Nam,Quang Nam,Qu·∫£ng Nam,T·ªânh,Province,NA,VN.QM,NA,NA,NA,NA,Quảng Nam,NA,Quảng Nam,VN-27,iso3166-2,NA,NA,NA,0.48418109279951627,0.759682595905749,0.42291701982802077,0.6635620774562024
VN,VNM,Vietnam,VNM.48_1,VNM.48_1,Qu·∫£ng Ng√£i,Quang Ngai,Qu·∫£ng Ng√£i,T·ªânh,Province,NA,VN.QG,NA,NA,NA,NA,Quảng Ngãi,NA,Quảng Ngãi,VN-29,iso3166-2,NA,NA,NA,0.49477290823836634,0.7615868210148659,0.42291701982802077,0.6635620774562024
VN,VNM,Vietnam,VNM.49_1,VNM.49_1,Qu·∫£ng Ninh,Quang Ninh,Qu·∫£ng Ninh,T·ªânh,Province,NA,VN.QN,NA,NA,NA,NA,Quảng Ninh,NA,Quảng Ninh,VN-13,iso3166-2,NA,NA,NA,0.48142646629510744,0.6191398028062126,0.42291701982802077,0.6635620774562024
VN,VNM,Vietnam,VNM.50_1,VNM.50_1,Qu·∫£ng Tr·ªã,Quang Tri,Qu·∫£ng Tr·ªã,T·ªânh,Province,NA,VN.QT,NA,NA,NA,1,Quảng Trị,NA,Quảng Trị,VN-25,iso3166-2,NA,NA,NA,0.5162670061034615,0.7144543702136079,0.42291701982802077,0.6635620774562024
VN,VNM,Vietnam,VNM.51_1,VNM.51_1,S√≥c TrƒÉng,Soc Trang,S√≥c TrƒÉng,T·ªânh,Province,NA,VN.ST,NA,NA,NA,NA,Sóc Trăng,NA,Sóc Trăng,VN-52,iso3166-2,NA,NA,NA,0.39624648267613105,0.5646419945305589,0.42291701982802077,0.6635620774562024
VN,VNM,Vietnam,VNM.52_1,VNM.52_1,S∆°n La,Son La,S∆°n La,T·ªânh,Province,NA,VN.SL,NA,NA,NA,NA,Sơn La,NA,Sơn La,VN-05,iso3166-2,NA,NA,NA,0.5067142229684867,0.7126499568678883,0.42291701982802077,0.6635620774562024
VN,VNM,Vietnam,VNM.53_1,VNM.53_1,T√¢y Ninh,Tay Ninh,T√¢y Ninh,T·ªânh,Province,NA,VN.TN,NA,NA,NA,NA,Tây Ninh,NA,Tây Ninh,VN-37,iso3166-2,NA,NA,NA,0.4350228279934523,0.6821509341744427,0.42291701982802077,0.6635620774562024
VN,VNM,Vietnam,VNM.55_1,VNM.55_1,Th√°i B√¨nh,Thai Binh,Th√°i B√¨nh,T·ªânh,Province,NA,VN.TB,NA,NA,NA,1,Thái Bình,NA,Thái Bình,VN-20,iso3166-2,NA,NA,NA,0.45303342910475963,0.6930517151849285,0.42291701982802077,0.6635620774562024
VN,VNM,Vietnam,VNM.56_1,VNM.56_1,Th√°i Nguy√™n,Thai Nguyen,Th√°i Nguy√™n,T·ªânh,Province,NA,VN.TY,NA,NA,NA,NA,Thái Nguyên,NA,Thái Nguyên,VN-69,iso3166-2,NA,NA,NA,0.49402100293834755,0.72438506896382715,0.42291701982802077,0.6635620774562024
VN,VNM,Vietnam,VNM.57_1,VNM.57_1,Thanh H√≥a,Thanh Hoa,Thanh H√≥a,T·ªânh,Province,NA,VN.TH,NA,NA,NA,NA,Thanh Hóa,NA,Thanh Hóa,VN-21,iso3166-2,NA,NA,NA,0.47282886412398256,0.6997038938835883,0.42291701982802077,0.6635620774562024
VN,VNM,Vietnam,VNM.54_1,VNM.54_1,Th·ª´a Thi√™n Hu·∫ø,Thua Thien Hue,Th·ª´a Thi√™n Hu·∫ø,T·ªânh,Province,NA,VN.TT,NA,NA,NA,NA,Thừa Thiên-Huế,NA,Thừa Thiên-Huế,VN-26,iso3166-2,NA,NA,NA,0.49198987771073444,0.6812511584109584,0.42291701982802077,0.6635620774562024
VN,VNM,Vietnam,VNM.58_1,VNM.58_1,Ti·ªÅn Giang,Tien Giang,Ti·ªÅn Giang,T·ªânh,Province,NA,VN.TG,NA,NA,NA,NA,Tiền Giang,NA,Tiền Giang,VN-46,iso3166-2,NA,NA,NA,0.46924620783648774,0.6659217728803992,0.42291701982802077,0.6635620774562024
VN,VNM,Vietnam,VNM.59_1,VNM.59_1,Tr√† Vinh,Tra Vinh,Tr√† Vinh,T·ªânh,Province,NA,VN.TV,NA,NA,NA,NA,Trà Vinh,NA,Trà Vinh,VN-51,iso3166-2,NA,NA,NA,0.46385552968745364,0.5751375804635368,0.42291701982802077,0.6635620774562024
VN,VNM,Vietnam,VNM.60_1,VNM.60_1,Tuy√™n Quang,Tuyen Quang,Tuy√™n Quang,T·ªânh,Province,NA,VN.TQ,NA,NA,NA,NA,Tuyên Quang,NA,Tuyên Quang,VN-07,iso3166-2,NA,NA,NA,0.5409529256539446,0.749076151940978,0.42291701982802077,0.6635620774562024
VN,VNM,Vietnam,VNM.61_1,VNM.61_1,Vƒ©nh Long,Vinh Long,Vƒ©nh Long,T·ªânh,Province,NA,VN.VL,NA,NA,NA,NA,Vĩnh Long,NA,Vĩnh Long,VN-49,iso3166-2,NA,NA,NA,0.4632392223438443,0.5786388305526284,0.42291701982802077,0.6635620774562024
VN,VNM,Vietnam,VNM.62_1,VNM.62_1,Vƒ©nh Ph√∫c,Vinh Phuc,Vƒ©nh Ph√∫c,T·ªânh,Province,NA,VN.VC,NA,NA,NA,NA,Vĩnh Phúc,NA,Vĩnh Phúc,VN-70,iso3166-2,NA,NA,NA,0.507747415152642,0.6868944867810938,0.42291701982802077,0.6635620774562024
VN,VNM,Vietnam,VNM.63_1,VNM.63_1,Y√™n B√°i,Yen Bai,Y√™n B√°i,T·ªânh,Province,NA,VN.YB,NA,NA,NA,NA,Yên Bái,NA,Yên Bái,VN-06,iso3166-2,NA,NA,NA,0.4557782957128789,0.642254565450419,0.42291701982802077,0.6635620774562024
YE,YEM,Yemen,YEM.1_1,YEM.1_1,`Adan,Aden,`Adan,Muhafazah,Governorate,24,YE.AD,NA,NA,NA,NA,‘Adan,NA,عدن‎,YE-AD,iso3166-2,NA,NA,NA,0.5677782840572143,0.3845252423548002,0.47982446118291416,0.1713329826416146
YE,YEM,Yemen,YEM.10_1,YEM.10_1,Amran,'Amran,Amran,Muhafazah,Governorate,29,YE.AM,NA,NA,NA,NA,‘Amrān,NA,عمران‎,YE-AM,iso3166-2,NA,NA,NA,0.6012093898616725,0.35181219656866985,0.47982446118291416,0.1713329826416146
YE,YEM,Yemen,YEM.2_1,YEM.2_1,Abyan,NA,Abyan,Muhafazah,Governorate,12,YE.AB,NA,NA,NA,NA,Abyan,NA, أبين‎ ,YE-AB,iso3166-2,NA,NA,NA,0.5367839551512478,0.2878018008627374,0.47982446118291416,0.1713329826416146
YE,YEM,Yemen,YEM.4_1,YEM.4_1,Al Dali',Al Dhale'e,Al Dali',Muhafazah,Governorate,30,YE.DL,NA,NA,NA,NA,Aḑ Ḑāli‘,NA,الضالع‎ ,YE-DA,iso3166-2,NA,NA,NA,0.39380980017405653,0.05379543096217,0.47982446118291416,0.1713329826416146
YE,YEM,Yemen,YEM.3_1,YEM.3_1,Al Bayda',Albaidah|Al Baidha|Al-Baydha|Al Beida|Baidaa|Al Bayda,Al Bayda',Muhafazah,Governorate,14,YE.BA,NA,NA,NA,NA,Al Bayḑā’,NA,ٱلْبَيْضَاء,YE-BA,iso3166-2,NA,NA,NA,0.5046579400888396,0.24942680817423496,0.47982446118291416,0.1713329826416146
YE,YEM,Yemen,YEM.5_1,YEM.5_1,Al Hudaydah,Al Hodeida|Al-Hodeidah|Al Hudaidah|Hodiedah|Hudaidah,Al Hudaydah,Muhafazah,Governorate,18,YE.HU,NA,NA,NA,NA,Al Ḩudaydah,NA,الحديدة,YE-HU,iso3166-2,NA,NA,NA,0.5790200331886204,0.3711168438785832,0.47982446118291416,0.1713329826416146
YE,YEM,Yemen,YEM.6_1,YEM.6_1,Al Jawf,Al Jouf|Aljowf|Jawf,Al Jawf,Muhafazah,Governorate,16,YE.JA,NA,NA,NA,NA,Al Jawf,NA,الجوف,YE-JA,iso3166-2,NA,NA,NA,0.3697965938429178,0.08489745461160338,0.47982446118291416,0.1713329826416146
YE,YEM,Yemen,YEM.7_1,YEM.7_1,Al Mahrah,Al Ghaydah|Al-Mahara|Almaharah|al-Mahra|Mahra,Al Mahrah,Muhafazah,Governorate,28,YE.MR,NA,NA,NA,NA,Al Mahrah,NA,ٱلْمَهْرَة,YE-MR,iso3166-2,NA,NA,NA,0.6164513369618692,0.37893879978764733,0.47982446118291416,0.1713329826416146
YE,YEM,Yemen,YEM.8_1,YEM.8_1,Al Mahwit,Almahweet|Mahweet,Al Mahwit,Muhafazah,Governorate,27,YE.MW,NA,NA,NA,NA,Al Maḩwīt,NA,المحويت,YE-MW,iso3166-2,NA,NA,NA,0.5285554836474611,0.22989898464110406,0.47982446118291416,0.1713329826416146
YE,YEM,Yemen,YEM.9_1,YEM.9_1,Amanat Al Asimah,NA,Amanat Al Asimah,Muhafazah,Governorate,13,NA,NA,NA,NA,NA,Amānat al ‘Āşimah [city],NA,صَنْعَاء,YE-SA,iso3166-2,NA,NA,NA,0.5447260057789456,0.2866153448945785,0.47982446118291416,0.1713329826416146
YE,YEM,Yemen,NA,YE-SU,NA,NA,NA,NA,NA,NA,NA,NA,NA,NA,NA,Arkhabīl Suquţrá,NA,سقطرى,YE-SU,iso3166-2,NA,NA,NA,NA,NA,0.47982446118291416,0.1713329826416146
YE,YEM,Yemen,YEM.11_1,YEM.11_1,Dhamar,NA,Dhamar,Muhafazah,Governorate,20,YE.DH,NA,NA,NA,NA,Dhamār,NA,ذَمَار‎,YE-DH,iso3166-2,NA,NA,NA,0.4860015687163888,0.21320091026604282,0.47982446118291416,0.1713329826416146
YE,YEM,Yemen,YEM.12_1,YEM.12_1,Hadramawt,Hadhramaut|Hadhramawt|Hadhramout|HadramautHadramout,Hadramawt,Muhafazah,Governorate,19,YE.HD,NA,NA,NA,NA,Ḩaḑramawt,NA,حضرموت,YE-HD,iso3166-2,NA,NA,NA,0.5502057470628767,0.33493714759129223,0.47982446118291416,0.1713329826416146
YE,YEM,Yemen,YEM.13_1,YEM.13_1,Hajjah,Hajja,Hajjah,Muhafazah,Governorate,17,YE.HJ,NA,NA,NA,NA,Ḩajjah,NA,حجة,YE-HJ,iso3166-2,NA,NA,NA,0.4569445115749819,0.18828623219835705,0.47982446118291416,0.1713329826416146
YE,YEM,Yemen,YEM.14_1,YEM.14_1,Ibb,NA,Ibb,Muhafazah,Governorate,11,YE.IB,NA,NA,NA,NA,Ibb,NA,إب,YE-IB,iso3166-2,NA,NA,NA,0.5381485276133096,0.388427096628764,0.47982446118291416,0.1713329826416146
YE,YEM,Yemen,YEM.15_1,YEM.15_1,Lahij,Laheg|Lahej|Lahj|Tuban,Lahij,Muhafazah,Governorate,25,YE.LA,NA,NA,NA,NA,Laḩij,NA,لحج,YE-LA,iso3166-2,NA,NA,NA,0.46450951446520006,0.22960167899454148,0.47982446118291416,0.1713329826416146
YE,YEM,Yemen,YEM.16_1,YEM.16_1,Ma'rib,Mareb|Marib,Ma'rib,Muhafazah,Governorate,26,YE.MA,NA,NA,NA,NA,Ma’rib,NA,مَأْرِب,YE-MA,iso3166-2,NA,NA,NA,0.5312825596539218,0.1782276612540739,0.47982446118291416,0.1713329826416146
YE,YEM,Yemen,YEM.17_1,YEM.17_1,Raymah,NA,Raymah,Muhafazah,Governorate,31,NA,NA,NA,NA,NA,Raymah,NA,ريمة,YE-RA,iso3166-2,NA,NA,NA,0.49114857353499436,0.2061316201699292,0.47982446118291416,0.1713329826416146
YE,YEM,Yemen,YEM.18_1,YEM.18_1,Sa`dah,Sa'ada|Saadah|Sa'da|Saidah|Sa'adah,Sa`dah,Muhafazah,Governorate,22,YE.SD,NA,NA,NA,NA,Şāʻdah,NA,صَعْدَة,YE-SD,iso3166-2,NA,NA,NA,0.5606469041372801,0.31911330320471343,0.47982446118291416,0.1713329826416146
YE,YEM,Yemen,YEM.19_1,YEM.19_1,San`a',Sana'a,San`a',City,City,23,YE.SN,NA,NA,NA,NA,Şanʻā’,NA,صنعاء,YE-SN,iso3166-2,NA,NA,NA,0.5914983234744519,0.2900989785588061,0.47982446118291416,0.1713329826416146
YE,YEM,Yemen,YEM.20_1,YEM.20_1,Shabwah,Shabwa|Shibwah|Ataq,Shabwah,Muhafazah,Governorate,21,YE.SH,NA,NA,NA,NA,Shabwah,NA,شبوة,YE-SH,iso3166-2,NA,NA,NA,0.5068120179616291,0.1092415473805879,0.47982446118291416,0.1713329826416146
YE,YEM,Yemen,YEM.21_1,YEM.21_1,Ta`izz,Taez|Taiz|Taizz,Ta`izz,Muhafazah,Governorate,15,YE.TA,NA,NA,NA,NA,Tāʻizz,NA,تعز,YE-TA,iso3166-2,NA,NA,NA,0.5495378733328435,0.2852716605572668,0.47982446118291416,0.1713329826416146
ZA,ZAF,South Africa,ZAF.1_1,ZAF.1_1,Eastern Cape,Oos-Kaap,Eastern Cape,Provinsie,Province,EC,ZA.EC,NA,NA,NA,NA,Eastern Cape,NA,Eastern Cape,ZA-EC,iso3166-2,NA,NA,NA,0.3789340110153597,0.6594653918834557,0.43950250783256695,0.6496584194350293
ZA,ZAF,South Africa,ZAF.2_1,ZAF.2_1,Free State,Orange Free State|Vrystaat,Free State,Provinsie,Province,FS,ZA.FS,NA,NA,NA,NA,Free State,NA,Free State,ZA-FS,iso3166-2,NA,NA,NA,0.5141356462768822,0.658806815015653,0.43950250783256695,0.6496584194350293
ZA,ZAF,South Africa,ZAF.3_1,ZAF.3_1,Gauteng,Pretoria/Witwatersrand/Vaal,Gauteng,Provinsie,Province,GP,ZA.GP,NA,NA,NA,NA,Gauteng,NA,Gauteng,ZA-GP,iso3166-2,NA,NA,NA,0.4921747403396897,0.6553866307499902,0.43950250783256695,0.6496584194350293
ZA,ZAF,South Africa,ZAF.4_1,ZAF.4_1,KwaZulu-Natal,Natal and Zululand,KwaZulu-Natal,Provinsie,Province,KZN,ZA.NL,NA,NA,NA,NA,Kwazulu-Natal,NA,Kwazulu-Natal,ZA-NL,iso3166-2,NA,NA,NA,0.5824938182873876,0.7196974546891013,0.43950250783256695,0.6496584194350293
ZA,ZAF,South Africa,ZAF.5_1,ZAF.5_1,Limpopo,Noordelike Provinsie|Northern Transvaal|Northern Province,Limpopo,Provinsie,Province,LIM,ZA.NP,NA,NA,NA,NA,Limpopo,NA,Limpopo,ZA-LP,iso3166-2,NA,NA,NA,0.44365592007609167,0.6792518890970974,0.43950250783256695,0.6496584194350293
ZA,ZAF,South Africa,ZAF.6_1,ZAF.6_1,Mpumalanga,Eastern Transvaal,Mpumalanga,Provinsie,Province,MP,ZA.MP,NA,NA,NA,NA,Mpumalanga,NA,Mpumalanga,ZA-MP,iso3166-2,NA,NA,NA,0.5296891240249406,0.6743943324394411,0.43950250783256695,0.6496584194350293
ZA,ZAF,South Africa,ZAF.7_1,ZAF.7_1,North West,North-West|Noordwes,North West,Provinsie,Province,NW,ZA.NW,NA,NA,NA,NA,North-West,NA,North-West,ZA-NW,iso3166-2,NA,NA,NA,0.4967840665405787,0.6516672203386297,0.43950250783256695,0.6496584194350293
ZA,ZAF,South Africa,ZAF.8_1,ZAF.8_1,Northern Cape,Noord-Kaap,Northern Cape,Provinsie,Province,NC,ZA.NC,NA,NA,NA,NA,Northern Cape,NA,Northern Cape,ZA-NC,iso3166-2,NA,NA,NA,0.4593089424301367,0.60212436810254,0.43950250783256695,0.6496584194350293
ZA,ZAF,South Africa,ZAF.9_1,ZAF.9_1,Western Cape,Wes-Kaap,Western Cape,Provinsie,Province,WC,ZA.WC,NA,NA,NA,NA,Western Cape,NA,Western Cape,ZA-WC,iso3166-2,NA,NA,NA,0.5166821279603971,0.6238191901034955,0.43950250783256695,0.6496584194350293
ZM,ZMB,Zambia,ZMB.1_1,ZMB.1_1,Central,Broken Hill,Central,Province,Province,NA,ZM.CE,NA,NA,NA,NA,Central,NA,Central,ZM-02,iso3166-2,NA,NA,NA,0.4751320794114963,0.6646465831553496,0.4396211840936907,0.713603784643272
ZM,ZMB,Zambia,ZMB.2_1,ZMB.2_1,Copperbelt,Western,Copperbelt,Province,Province,NA,ZM.CO,NA,NA,NA,NA,Copperbelt,NA,Copperbelt,ZM-08,iso3166-2,NA,NA,NA,0.49104806252120964,0.7103057612060502,0.4396211840936907,0.713603784643272
ZM,ZMB,Zambia,ZMB.3_1,ZMB.3_1,Eastern,Fort Jameson,Eastern,Province,Province,NA,ZM.EA,NA,NA,NA,NA,Eastern,NA,Eastern,ZM-03,iso3166-2,NA,NA,NA,0.4865132673062823,0.6647089370205429,0.4396211840936907,0.713603784643272
ZM,ZMB,Zambia,ZMB.4_1,ZMB.4_1,Luapula,Fort Rosebery,Luapula,Province,Province,NA,ZM.LP,NA,NA,NA,NA,Luapula,NA,Luapula,ZM-04,iso3166-2,NA,NA,NA,0.4789111331733633,0.7074857914895782,0.4396211840936907,0.713603784643272
ZM,ZMB,Zambia,ZMB.5_1,ZMB.5_1,Lusaka,NA,Lusaka,Province,Province,NA,ZM.LS,NA,NA,NA,NA,Lusaka,NA,Lusaka,ZM-09,iso3166-2,NA,NA,NA,0.4769925632940696,0.6723836638227076,0.4396211840936907,0.713603784643272
ZM,ZMB,Zambia,ZMB.6_1,ZMB.6_1,Muchinga,NA,Muchinga,Province,Province,NA,ZM.MU,NA,NA,NA,NA,Muchinga,NA,Muchinga,ZM-10,iso3166-2,NA,NA,NA,0.572460418198575,0.711265467632235,0.4396211840936907,0.713603784643272
ZM,ZMB,Zambia,ZMB.7_1,ZMB.7_1,North-Western,NA,North-Western,Province,Province,NA,ZM.NW,NA,NA,NA,NA,North-Western,NA,North-Western,ZM-06,iso3166-2,NA,NA,NA,0.5172273509768683,0.698953777896052,0.4396211840936907,0.713603784643272
ZM,ZMB,Zambia,ZMB.8_1,ZMB.8_1,Northern,NA,Northern,Province,Province,NA,ZM.NO,NA,NA,NA,NA,Northern,NA,Northern,ZM-05,iso3166-2,NA,NA,NA,0.5269784103826634,0.7433448849028017,0.4396211840936907,0.713603784643272
ZM,ZMB,Zambia,ZMB.9_1,ZMB.9_1,Southern,NA,Southern,Province,Province,NA,ZM.SO,NA,NA,NA,NA,Southern,NA,Southern,ZM-07,iso3166-2,NA,NA,NA,0.49458910433607906,0.8233326683640079,0.4396211840936907,0.713603784643272
ZM,ZMB,Zambia,ZMB.10_1,ZMB.10_1,Western,Barotseland,Western,Province,Province,NA,ZM.WE,NA,NA,NA,NA,Western,NA,Western,ZM-01,iso3166-2,NA,NA,NA,0.542049980919167,0.8664878140143952,0.4396211840936907,0.713603784643272
ZW,ZWE,Zimbabwe,ZWE.1_1,ZWE.1_1,Bulawayo,NA,Bulawayo,City,City,NA,ZW.BU,NA,NA,NA,NA,Bulawayo,NA,Bulawayo,ZW-BU,iso3166-2,NA,NA,NA,0.5608800464651941,0.6984273050134174,0.48399987873000844,0.6888778557027709
ZW,ZWE,Zimbabwe,ZWE.2_1,ZWE.2_1,Harare,NA,Harare,City,City,NA,ZW.HA,NA,NA,NA,NA,Harare,NA,Harare,ZW-HA,iso3166-2,NA,NA,NA,0.5491000517369639,0.606430157269997,0.48399987873000844,0.6888778557027709
ZW,ZWE,Zimbabwe,ZWE.3_1,ZWE.3_1,Manicaland,NA,Manicaland,Province,Province,NA,ZW.MA,NA,NA,NA,NA,Manicaland,NA,Manicaland,ZW-MA,iso3166-2,NA,NA,NA,0.5311492969395976,0.7478796512615747,0.48399987873000844,0.6888778557027709
ZW,ZWE,Zimbabwe,ZWE.4_1,ZWE.4_1,Mashonaland Central,NA,Mashonaland Central,Province,Province,NA,ZW.MC,NA,NA,NA,NA,Mashonaland Central,NA,Mashonaland Central,ZW-MC,iso3166-2,NA,NA,NA,0.4658169290406221,0.7651748840574025,0.48399987873000844,0.6888778557027709
ZW,ZWE,Zimbabwe,ZWE.5_1,ZWE.5_1,Mashonaland East,NA,Mashonaland East,Province,Province,NA,ZW.ME,NA,NA,NA,NA,Mashonaland East,NA,Mashonaland East,ZW-ME,iso3166-2,NA,NA,NA,0.5205354616003443,0.678579730427868,0.48399987873000844,0.6888778557027709
ZW,ZWE,Zimbabwe,ZWE.6_1,ZWE.6_1,Mashonaland West,NA,Mashonaland West,Province,Province,NA,ZW.MW,NA,NA,NA,NA,Mashonaland West,NA,Mashonaland West,ZW-MW,iso3166-2,NA,NA,NA,0.5829030493569689,0.7283534702385697,0.48399987873000844,0.6888778557027709
ZW,ZWE,Zimbabwe,ZWE.7_1,ZWE.7_1,Masvingo,NA,Masvingo,Province,Province,NA,ZW.MV,NA,NA,NA,NA,Masvingo,NA,Masvingo,ZW-MV,iso3166-2,NA,NA,NA,0.56363468817425,0.7021512646203032,0.48399987873000844,0.6888778557027709
ZW,ZWE,Zimbabwe,ZWE.8_1,ZWE.8_1,Matabeleland North,NA,Matabeleland North,Province,Province,NA,ZW.MN,NA,NA,NA,NA,Matabeleland North,NA,Matabeleland North,ZW-MN,iso3166-2,NA,NA,NA,0.4859673201492856,0.681690818161526,0.48399987873000844,0.6888778557027709
ZW,ZWE,Zimbabwe,ZWE.9_1,ZWE.9_1,Matabeleland South,NA,Matabeleland South,Province,Province,NA,ZW.MS,NA,NA,NA,NA,Matabeleland South,NA,Matabeleland South,ZW-MS,iso3166-2,NA,NA,NA,0.48675806858320936,0.6535286311658844,0.48399987873000844,0.6888778557027709
ZW,ZWE,Zimbabwe,ZWE.10_1,ZWE.10_1,Midlands,NA,Midlands,Province,Province,NA,ZW.MI,NA,NA,NA,NA,Midlands,NA,Midlands,ZW-MI,iso3166-2,NA,NA,NA,0.5288109280731549,0.7198189415611735,0.48399987873000844,0.6888778557027709
DZ,DZA,Algeria,DZA.1_1,DZA.1_1,Adrar,Duperré,Adrar,Wilaya,Province,1,DZ.AR,NA,NA,NA,NA,Adrar,NA,أدرار,DZ-01,iso3166-2,NA,NA,NA,0.42939637595745805,0.45477426402541093,0.3190871797572213,0.346531611716511
DZ,DZA,Algeria,DZA.2_1,DZA.2_1,Aïn Defla,Ain Dafla,Aïn Defla,Wilaya,Province,44,DZ.AD,NA,NA,NA,NA,Aïn Defla,NA,عين الدفلى,DZ-44,iso3166-2,NA,NA,NA,0.420441029172216,0.4451587026655059,0.3190871797572213,0.346531611716511
DZ,DZA,Algeria,DZA.3_1,DZA.3_1,Aïn Témouchent,Ain Tamouchent,Aïn Témouchent,Wilaya,Province,46,DZ.AT,NA,NA,NA,NA,Aïn Témouchent,NA,عين تموشنت,DZ-46,iso3166-2,NA,NA,NA,0.36370785014695417,0.35450460362536007,0.3190871797572213,0.346531611716511
DZ,DZA,Algeria,DZA.4_1,DZA.4_1,Alger,Algeri|Algiers|Algier|al-Jazair|al-Djazair|El Djazaïr|Argel|Dzayer|Djezaïr,Alger,Wilaya,Province,16,DZ.AL,NA,NA,NA,NA,Alger,NA,الجزائر,DZ-16,iso3166-2,NA,NA,NA,0.3745267131176861,0.4253488088338911,0.3190871797572213,0.346531611716511
DZ,DZA,Algeria,DZA.5_1,DZA.5_1,Annaba,Anaba|Bona|Bône,Annaba,Wilaya,Province,23,DZ.AN,NA,NA,NA,NA,Annaba,NA,عنابة,DZ-23,iso3166-2,NA,NA,NA,0.4746769557493645,0.5140863800725446,0.3190871797572213,0.346531611716511
DZ,DZA,Algeria,DZA.6_1,DZA.6_1,Batna,NA,Batna,Wilaya,Province,5,DZ.BT,NA,NA,NA,NA,Batna,NA,باتنة,DZ-05,iso3166-2,NA,NA,NA,0.43840444180927024,0.4549031736612838,0.3190871797572213,0.346531611716511
DZ,DZA,Algeria,DZA.7_1,DZA.7_1,Béchar,Colomb-Béchar|Bechar,Béchar,Wilaya,Province,8,DZ.BC,NA,NA,NA,NA,Béchar,NA,بشار,DZ-08,iso3166-2,NA,NA,NA,0.36841979838819033,0.37727604369311524,0.3190871797572213,0.346531611716511
DZ,DZA,Algeria,DZA.8_1,DZA.8_1,Béjaïa,Bougie|Bedjaya|Bidjaia|Bugia|Bujia,Béjaïa,Wilaya,Province,6,DZ.BJ,NA,NA,NA,NA,Béjaïa,NA,بجاية,DZ-06,iso3166-2,NA,NA,NA,0.50115102596792,0.5551953559009858,0.3190871797572213,0.346531611716511
DZ,DZA,Algeria,DZA.9_1,DZA.9_1,Biskra,Beskra,Biskra,Wilaya,Province,7,DZ.BS,NA,NA,NA,NA,Biskra,NA,بسكرة,DZ-07,iso3166-2,NA,NA,NA,0.39773749650016327,0.3776144656110893,0.3190871797572213,0.346531611716511
DZ,DZA,Algeria,DZA.10_1,DZA.10_1,Blida,El Boulaïda|Al-Boulaida,Blida,Wilaya,Province,9,DZ.BL,NA,NA,NA,NA,Blida,NA,البليدة,DZ-09,iso3166-2,NA,NA,NA,0.3821150880991263,0.4453138567064709,0.3190871797572213,0.346531611716511
DZ,DZA,Algeria,DZA.11_1,DZA.11_1,Bordj Bou Arréridj,Borjbouarirej|Bordi Bou Arreridj,Bordj Bou Arréridj,Wilaya,Province,34,DZ.BB,NA,NA,NA,NA,Bordj Bou Arréridj,NA,برج بوعريريج,DZ-34,iso3166-2,NA,NA,NA,0.37739964178126345,0.37504120940780333,0.3190871797572213,0.346531611716511
DZ,DZA,Algeria,DZA.12_1,DZA.12_1,Bouira,NA,Bouira,Wilaya,Province,10,DZ.BU,NA,NA,NA,NA,Bouira,NA,البويرة,DZ-10,iso3166-2,NA,NA,NA,0.47352551170035545,0.5212457003419322,0.3190871797572213,0.346531611716511
DZ,DZA,Algeria,DZA.13_1,DZA.13_1,Boumerdès,Boumerdas,Boumerdès,Wilaya,Province,35,DZ.BM,NA,NA,NA,NA,Boumerdès,NA,بومرداس,DZ-35,iso3166-2,NA,NA,NA,0.4171575917660959,0.4632011959246333,0.3190871797572213,0.346531611716511
DZ,DZA,Algeria,DZA.14_1,DZA.14_1,Chlef,El Asnam|Orléansville|Ech Cheliff,Chlef,Wilaya,Province,2,DZ.CH,NA,NA,NA,NA,Chlef,NA,الشلف,DZ-02,iso3166-2,NA,NA,NA,0.3121146824990048,0.34408963584652263,0.3190871797572213,0.346531611716511
DZ,DZA,Algeria,DZA.15_1,DZA.15_1,Constantine,Constantina|Costatina|Qoussantina|Qacentina,Constantine,Wilaya,Province,25,DZ.CO,NA,NA,NA,NA,Constantine,NA,قسنطينة,DZ-25,iso3166-2,NA,NA,NA,0.37524622047946105,0.371952127699415,0.3190871797572213,0.346531611716511
DZ,DZA,Algeria,DZA.16_1,DZA.16_1,Djelfa,El Djelfa,Djelfa,Wilaya,Province,17,DZ.DJ,NA,NA,NA,NA,Djelfa,NA,الجلفة,DZ-17,iso3166-2,NA,NA,NA,0.38674819495338947,0.40431518352963886,0.3190871797572213,0.346531611716511
DZ,DZA,Algeria,DZA.17_1,DZA.17_1,El Bayadh,El Bayad|El Beyyadh|Géryville,El Bayadh,Wilaya,Province,32,DZ.EB,NA,NA,NA,NA,El Bayadh,NA,البيض,DZ-32,iso3166-2,NA,NA,NA,0.37573089215795474,0.3868361264357749,0.3190871797572213,0.346531611716511
DZ,DZA,Algeria,DZA.18_1,DZA.18_1,El Oued,El Ouadi|El Wad,El Oued,Wilaya,Province,39,DZ.EO,NA,NA,NA,NA,El Oued,NA,الوادي,DZ-39,iso3166-2,NA,NA,NA,0.4525574781607003,0.4871948801062894,0.3190871797572213,0.346531611716511
DZ,DZA,Algeria,DZA.19_1,DZA.19_1,El Tarf,Et Tarf|El Taref,El Tarf,Wilaya,Province,36,DZ.ET,NA,NA,NA,NA,El Tarf,NA,الطارف,DZ-36,iso3166-2,NA,NA,NA,0.42933064810764576,0.4495814675952338,0.3190871797572213,0.346531611716511
DZ,DZA,Algeria,DZA.20_1,DZA.20_1,Ghardaïa,GhardaSa|Gharday,Ghardaïa,Wilaya,Province,47,DZ.GR,NA,NA,NA,NA,Ghardaïa,NA,غرداية,DZ-47,iso3166-2,NA,NA,NA,0.3549142686657142,0.3612283889913392,0.3190871797572213,0.346531611716511
DZ,DZA,Algeria,DZA.21_1,DZA.21_1,Guelma,NA,Guelma,Wilaya,Province,24,DZ.GL,NA,NA,NA,NA,Guelma,NA,قالمة,DZ-24,iso3166-2,NA,NA,NA,0.4641495588829816,0.49527423642602725,0.3190871797572213,0.346531611716511
DZ,DZA,Algeria,DZA.22_1,DZA.22_1,Illizi,Polignac|Fort Polignac|Ilizi,Illizi,Wilaya,Province,33,DZ.IL,NA,NA,NA,NA,Illizi,NA,اليزي,DZ-33,iso3166-2,NA,NA,NA,0.27952225378728823,0.2658861216500286,0.3190871797572213,0.346531611716511
DZ,DZA,Algeria,DZA.23_1,DZA.23_1,Jijel,Djidjel| Djidjelli,Jijel,Wilaya,Province,18,DZ.JJ,NA,NA,NA,NA,Jijel,NA,جيجل,DZ-18,iso3166-2,NA,NA,NA,0.39478495754839305,0.40990685688720574,0.3190871797572213,0.346531611716511
DZ,DZA,Algeria,DZA.24_1,DZA.24_1,Khenchela,Khenchela,Khenchela,Wilaya,Province,40,DZ.KH,NA,NA,NA,NA,Khenchela,NA,خنشلة,DZ-40,iso3166-2,NA,NA,NA,0.3731154985786673,0.37485417761960516,0.3190871797572213,0.346531611716511
DZ,DZA,Algeria,DZA.25_1,DZA.25_1,Laghouat,NA,Laghouat,Wilaya,Province,3,DZ.LG,NA,NA,NA,NA,Laghouat,NA,الأغواط,DZ-03,iso3166-2,NA,NA,NA,0.45764577411903734,0.49167744395785784,0.3190871797572213,0.346531611716511
DZ,DZA,Algeria,DZA.26_1,DZA.26_1,M'Sila,Msila,M'Sila,Wilaya,Province,28,DZ.MS,NA,NA,NA,NA,M'sila,NA,المسيلة,DZ-28,iso3166-2,NA,NA,NA,0.39662395166136155,0.4166744044825303,0.3190871797572213,0.346531611716511
DZ,DZA,Algeria,DZA.27_1,DZA.27_1,Mascara,Mouaskar,Mascara,Wilaya,Province,29,DZ.MC,NA,NA,NA,NA,Mascara,NA,معسكر,DZ-29,iso3166-2,NA,NA,NA,0.38202691435452185,0.378573197239299,0.3190871797572213,0.346531611716511
DZ,DZA,Algeria,DZA.28_1,DZA.28_1,Médéa,El Mediyya|Lemdiyya,Médéa,Wilaya,Province,26,DZ.MD,NA,NA,NA,NA,Médéa,NA,المدية,DZ-26,iso3166-2,NA,NA,NA,0.41261399549525457,0.44990396856545617,0.3190871797572213,0.346531611716511
DZ,DZA,Algeria,DZA.29_1,DZA.29_1,Mila,NA,Mila,Wilaya,Province,43,DZ.ML,NA,NA,NA,NA,Mila,NA,ميلة,DZ-43,iso3166-2,NA,NA,NA,0.46952601195817867,0.48371314297300966,0.3190871797572213,0.346531611716511
DZ,DZA,Algeria,DZA.30_1,DZA.30_1,Mostaganem,Mostaghanem|Mestghanem,Mostaganem,Wilaya,Province,27,DZ.MG,NA,NA,NA,NA,Mostaganem,NA,مستغانم,DZ-27,iso3166-2,NA,NA,NA,0.3865880655581781,0.40269021602459537,0.3190871797572213,0.346531611716511
DZ,DZA,Algeria,DZA.31_1,DZA.31_1,Naâma,Naama,Naâma,Wilaya,Province,45,DZ.NA,NA,NA,NA,NA,Naama,NA,النعامة,DZ-45,iso3166-2,NA,NA,NA,0.36938380342254895,0.3777927062802551,0.3190871797572213,0.346531611716511
DZ,DZA,Algeria,DZA.32_1,DZA.32_1,Oran,Orán|Orano|Orão|Ouahran|Ouahrane|Wahran,Oran,Wilaya,Province,31,DZ.OR,NA,NA,NA,NA,Oran,NA,وهران,DZ-31,iso3166-2,NA,NA,NA,0.3579340670641933,0.3574723827308011,0.3190871797572213,0.346531611716511
DZ,DZA,Algeria,DZA.33_1,DZA.33_1,Ouargla,Wargla,Ouargla,Wilaya,Province,30,DZ.OG,NA,NA,NA,NA,Ouargla,NA,ورقلة,DZ-30,iso3166-2,NA,NA,NA,0.4657808594202686,0.5014936642798842,0.3190871797572213,0.346531611716511
DZ,DZA,Algeria,DZA.34_1,DZA.34_1,Oum el Bouaghi,Oum el Bouagui|Canrobert,Oum el Bouaghi,Wilaya,Province,4,DZ.OB,NA,NA,NA,NA,Oum el Bouaghi,NA,أم البواقي,DZ-04,iso3166-2,NA,NA,NA,0.39810693572118305,0.39689361174934673,0.3190871797572213,0.346531611716511
DZ,DZA,Algeria,DZA.35_1,DZA.35_1,Relizane,Ghelizane|Ghilizane,Relizane,Wilaya,Province,48,DZ.RE,NA,NA,NA,NA,Relizane,NA,غليزان,DZ-48,iso3166-2,NA,NA,NA,0.38110586994041373,0.3846837982877079,0.3190871797572213,0.346531611716511
DZ,DZA,Algeria,DZA.36_1,DZA.36_1,Saïda,NA,Saïda,Wilaya,Province,20,DZ.SD,NA,NA,NA,NA,Saïda,NA,سعيدة,DZ-20,iso3166-2,NA,NA,NA,0.339256992594061,0.3437366834854963,0.3190871797572213,0.346531611716511
DZ,DZA,Algeria,DZA.37_1,DZA.37_1,Sétif,Stif,Sétif,Wilaya,Province,19,DZ.SF,NA,NA,NA,NA,Sétif,NA,سطيف,DZ-19,iso3166-2,NA,NA,NA,0.378876113441334,0.3715346406438979,0.3190871797572213,0.346531611716511
DZ,DZA,Algeria,DZA.38_1,DZA.38_1,Sidi Bel Abbès,Sidi-Bel-Abbes,Sidi Bel Abbès,Wilaya,Province,22,DZ.SB,NA,NA,NA,NA,Sidi Bel Abbès,NA,سيدي بلعباس,DZ-22,iso3166-2,NA,NA,NA,0.3188128671702744,0.3267445120348279,0.3190871797572213,0.346531611716511
DZ,DZA,Algeria,DZA.39_1,DZA.39_1,Skikda,Philippeville|Skidda,Skikda,Wilaya,Province,21,DZ.SK,NA,NA,NA,NA,Skikda,NA,سكيكدة,DZ-21,iso3166-2,NA,NA,NA,0.4296298132116524,0.45360546217970754,0.3190871797572213,0.346531611716511
DZ,DZA,Algeria,DZA.40_1,DZA.40_1,Souk Ahras,Souk-Ahras|Souq Ahras,Souk Ahras,Wilaya,Province,41,DZ.SA,NA,NA,NA,NA,Souk Ahras,NA,سوق أهراس,DZ-41,iso3166-2,NA,NA,NA,0.46267956843724795,0.47986461526972596,0.3190871797572213,0.346531611716511
DZ,DZA,Algeria,DZA.41_1,DZA.41_1,Tamanghasset,Tamanrasset|Tamenghasset|Tamenghest|Fort Laperrine,Tamanghasset,Wilaya,Province,11,DZ.TM,NA,NA,NA,NA,Tamanrasset,NA,تمنراست,DZ-11,iso3166-2,NA,NA,NA,0.4293812117313507,0.4559089615846966,0.3190871797572213,0.346531611716511
DZ,DZA,Algeria,DZA.42_1,DZA.42_1,Tébessa,Tbessa,Tébessa,Wilaya,Province,12,DZ.TB,NA,NA,NA,NA,Tébessa,NA,تبسة,DZ-12,iso3166-2,NA,NA,NA,0.49163372887899404,0.5355544945077223,0.3190871797572213,0.346531611716511
DZ,DZA,Algeria,DZA.43_1,DZA.43_1,Tiaret,Tendouf|Tihert,Tiaret,Wilaya,Province,14,DZ.TR,NA,NA,NA,NA,Tiaret,NA,تيارت,DZ-14,iso3166-2,NA,NA,NA,0.3727944257104808,0.3749436942341528,0.3190871797572213,0.346531611716511
DZ,DZA,Algeria,DZA.44_1,DZA.44_1,Tindouf,Tiaret,Tindouf,Wilaya,Province,37,DZ.TN,NA,NA,NA,NA,Tindouf,NA,تندوف,DZ-37,iso3166-2,NA,NA,NA,0.47244601563457655,0.5119457802839675,0.3190871797572213,0.346531611716511
DZ,DZA,Algeria,DZA.45_1,DZA.45_1,Tipaza,Tibaza| Tefessedt,Tipaza,Wilaya,Province,42,DZ.TP,NA,NA,NA,NA,Tipaza,NA,تيبازة,DZ-42,iso3166-2,NA,NA,NA,0.40701643950329147,0.428786460594465,0.3190871797572213,0.346531611716511
DZ,DZA,Algeria,DZA.46_1,DZA.46_1,Tissemsilt,Vialar,Tissemsilt,Wilaya,Province,38,DZ.TS,NA,NA,NA,NA,Tissemsilt,NA,تسمسيلت,DZ-38,iso3166-2,NA,NA,NA,0.33656295238474676,0.3537413589239507,0.3190871797572213,0.346531611716511
DZ,DZA,Algeria,DZA.47_1,DZA.47_1,Tizi Ouzou,Tizi-ouzou|Tizi Wezzu,Tizi Ouzou,Wilaya,Province,15,DZ.TO,NA,NA,NA,NA,Tizi Ouzou,NA,تيزي وزو,DZ-15,iso3166-2,NA,NA,NA,0.47912545956591074,0.5070935391897182,0.3190871797572213,0.346531611716511
DZ,DZA,Algeria,DZA.48_1,DZA.48_1,Tlemcen,Tilimsene|Tlemsane|Tilimsen|Tremecém,Tlemcen,Wilaya,Province,13,DZ.TL,NA,NA,NA,NA,Tlemcen,NA,تلمسان,DZ-13,iso3166-2,NA,NA,NA,0.3451611557384762,0.37825489404443186,0.3190871797572213,0.346531611716511
BZ,BLZ,Belize,NA,BZ.nat,NA,NA,NA,NA,NA,NA,NA,nat,NA,NA,NA,Belize,NA,Belize,BZ.nat,NA,NA,NA,NA,0.5615940286200597,0.7218033697454537,0.5191767275564962,0.7187548893828078
MT,MLT,Malta,NA,MT.nat,NA,NA,NA,NA,NA,NA,NA,nat,NA,NA,NA,Malta,NA,Malta,MT.nat,NA,NA,NA,NA,NA,NA,NA,NA
QA,QAT,Qatar,NA,QA.nat,NA,NA,NA,NA,NA,NA,NA,nat,NA,NA,NA,Qatar,NA,Qatar,QA.nat,NA,NA,NA,NA,0.4397513605196695,0.44296518524359424,0.36739322004892555,0.37139678954323374
SG,SGP,Singapore,NA,SG.nat,NA,NA,NA,NA,NA,NA,NA,nat,NA,NA,NA,Singapore,NA,Singapore,SG.nat,NA,NA,NA,NA,0.5815714813981889,0.48631493430505085,0.5440633120429176,0.4253990291913316
ME,MNE,Montenegro,NA,ME.nat,NA,NA,NA,NA,NA,NA,NA,nat,NA,NA,NA,Montenegro,NA,Montenegro,ME.nat,NA,NA,NA,NA,0.5634179504187938,0.46916669123588767,0.5214488482540117,0.40403688634589235
CU,CUB,Cuba,NA,CU.nat,NA,NA,NA,NA,NA,NA,NA,nat,NA,NA,NA,Cuba,NA,Cuba,CU.nat,NA,NA,NA,NA,NA,NA,NA,NA
CG,COG,Republic of Congo,COG.1_1,COG.1_1,Bouenza,NA,Bouenza,R√©gion,Region,NA,CG.BO,NA,Republic of the Congo,NA,NA,Bouenza,NA,Bouenza,CG-11,NA,2/7/22,CG-BO,NA,0.4436716458037565,0.44426853737952676,0.41350016733829215,0.46015196502047195
CG,COG,Republic of Congo,COG.2_1,COG.2_1,Brazzaville,NA,Brazzaville,R√©gion,Region,NA,CG.BR,NA,Republic of the Congo,NA,NA,Brazzaville,NA,Brazzaville,CG-BZV,NA,2/7/22,CG-BR,NA,0.47413681542213626,0.5293130651262522,0.41350016733829215,0.46015196502047195
CG,COG,Republic of Congo,COG.4_1,COG.4_1,Cuvette,NA,Cuvette,R√©gion,Region,NA,CG.CU,NA,Republic of the Congo,NA,NA,Cuvette,NA,Cuvette,CG-8,NA,2/7/22,CG-CU,NA,0.5260291319319568,0.7035600986740975,0.41350016733829215,0.46015196502047195
CG,COG,Republic of Congo,COG.3_1,COG.3_1,Cuvette-Ouest,NA,Cuvette-Ouest,R√©gion,Region,NA,CG.CO,NA,Republic of the Congo,NA,NA,Cuvette-Ouest,NA,Cuvette-Ouest,CG-15,NA,2/7/22,CG-CO,NA,0.501280466717796,0.5374597888089222,0.41350016733829215,0.46015196502047195
CG,COG,Republic of Congo,COG.5_1,COG.5_1,Kouilou,NA,Kouilou,R√©gion,Region,NA,CG.KO,NA,Republic of the Congo,NA,NA,Kouilou,NA,Kouilou,CG-5,NA,2/7/22,CG-KO,NA,0.3765184897693703,0.35007007049369354,0.41350016733829215,0.46015196502047195
CG,COG,Republic of Congo,COG.6_1,COG.6_1,L√©koumou,NA,L√©koumou,R√©gion,Region,NA,CG.LE,NA,Republic of the Congo,NA,NA,L√©koumou,NA,L√©koumou,CG-2,NA,2/7/22,CG-LE,NA,0.4436755699967142,0.42554532001257794,0.41350016733829215,0.46015196502047195
CG,COG,Republic of Congo,COG.7_1,COG.7_1,Likouala,NA,Likouala,R√©gion,Region,NA,CG.LI,NA,Republic of the Congo,NA,NA,Likouala,NA,Likouala,CG-7,NA,2/7/22,CG-LI,NA,0.5207047417015268,0.5613925618487238,0.41350016733829215,0.46015196502047195
CG,COG,Republic of Congo,COG.8_1,COG.8_1,Niari,NA,Niari,R√©gion,Region,NA,CG.NI,NA,Republic of the Congo,NA,NA,Niari,NA,Niari,CG-9,NA,2/7/22,CG-NI,NA,0.49778852904324106,0.5549636603361848,0.41350016733829215,0.46015196502047195
CG,COG,Republic of Congo,COG.9_1,COG.9_1,Plateaux,NA,Plateaux,R√©gion,Region,NA,CG.PL,NA,Republic of the Congo,NA,NA,Plateaux,NA,Plateaux,CG-14,NA,2/7/22,CG-PL,NA,0.4893552676496221,0.5572084289862572,0.41350016733829215,0.46015196502047195
CG,COG,Republic of Congo,COG.10_1,COG.10_1,Pointe Noire,NA,Pointe Noire,R√©gion,Region,NA,CG.PN,NA,Republic of the Congo,NA,NA,Pointe Noire,NA,Pointe Noire,CG-16,NA,2/7/22,CG-PN,NA,NA,NA,0.41350016733829215,0.46015196502047195
CG,COG,Republic of Congo,COG.11_1,COG.11_1,Pool,NA,Pool,R√©gion,Region,NA,CG.PO,NA,Republic of the Congo,NA,NA,Pool,NA,Pool,CG-12,NA,2/7/22,CG-PO,NA,0.44891884604692567,0.47323847733992924,0.41350016733829215,0.46015196502047195
CG,COG,Republic of Congo,COG.12_1,COG.12_1,Sangha,NA,Sangha,R√©gion,Region,NA,CG.SA,NA,Republic of the Congo,NA,NA,Sangha,NA,Sangha,CG-13,NA,2/7/22,CG-SA,NA,0.5754238991602156,0.6923041514433359,0.41350016733829215,0.46015196502047195
MM,MMR,Myanmar,MMR.1_1,MMR.1_1,Ayeyarwady,Irrawaddy|Ayeyarwaddy|Ayeyawady|Irawadi|Irraouaddi|Irrauaddy,NA,Yin,Division,NA,MM.AY,NA,NA,NA,NA,Ayeyarwady,NA,Ayeyarwady,MM-07,NA,NA,NA,NA,0.2865115690397052,0.31343307960790523,0.20226546271157056,0.24795750073430295
MM,MMR,Myanmar,MMR.2_1,MMR.2_1,Bago,P√©gou|Pegu,NA,Yin,Division,NA,MM.BA,NA,NA,NA,NA,Bago,NA,Bago,MM-02,NA,NA,NA,NA,0.303655233872206,0.33785701742490765,0.20226546271157056,0.24795750073430295
MM,MMR,Myanmar,MMR.3_1,MMR.3_1,Chin,Chin Hills,NA,Pyine,State,NA,MM.CH,NA,NA,NA,NA,Chin,NA,Chin,MM-14,NA,NA,NA,NA,0.2923561274028119,0.32490573825627633,0.20226546271157056,0.24795750073430295
MM,MMR,Myanmar,MMR.4_1,MMR.4_1,Kachin,Jingphaw Mungdaw,NA,Pyine,State,NA,MM.KC,NA,NA,NA,NA,Kachin,NA,Kachin,MM-11,NA,NA,NA,NA,0.4186323568151876,0.4786328045031661,0.20226546271157056,0.24795750073430295
MM,MMR,Myanmar,MMR.5_1,MMR.5_1,Kayah,Karenni,NA,Pyine,State,NA,MM.KH,NA,NA,NA,NA,Kayah,NA,Kayah,MM-12,NA,NA,NA,NA,0.2972134429429196,0.3281345068721094,0.20226546271157056,0.24795750073430295
MM,MMR,Myanmar,MMR.6_1,MMR.6_1,Kayin,Kawthulei|Karen|Karin|Kawthoolei|Kawthulay,NA,Pyine,State,NA,MM.KN,NA,NA,NA,NA,Kayin,NA,Kayin,MM-13,NA,NA,NA,NA,0.367762499747613,0.42127569686418675,0.20226546271157056,0.24795750073430295
MM,MMR,Myanmar,MMR.7_1,MMR.7_1,Magway,Magwe|Minbu,NA,Yin,Division,NA,MM.MG,NA,NA,NA,NA,Magway,NA,Magway,MM-03,NA,NA,NA,NA,0.27889889614975805,0.32040497651981276,0.20226546271157056,0.24795750073430295
MM,MMR,Myanmar,MMR.8_1,MMR.8_1,Mandalay,NA,NA,Yin,Division,NA,MM.MD,NA,NA,NA,NA,Mandalay,NA,Mandalay,MM-04,NA,NA,NA,NA,0.2877787018351689,0.3150065484264266,0.20226546271157056,0.24795750073430295
MM,MMR,Myanmar,MMR.9_1,MMR.9_1,Mon,Mun,NA,Pyine,State,NA,MM.MO,NA,NA,NA,NA,Mon,NA,Mon,MM-15,NA,NA,NA,NA,0.33356928363500565,0.3642921993077417,0.20226546271157056,0.24795750073430295
MM,MMR,Myanmar,MMR.10_1,MMR.10_1,Naypyitaw,Naypyidaw|Nay Pyi Taw,NA,Union territory,Union territory,NA,MM.NY,NA,NA,NA,NA,Naypyitaw,NA,Naypyitaw,MM-18,NA,NA,NA,NA,NA,NA,0.20226546271157056,0.24795750073430295
MM,MMR,Myanmar,MMR.11_1,MMR.11_1,Rakhine,Arakan,NA,Pyine,State,NA,MM.RA,NA,NA,NA,NA,Rakhine,NA,Rakhine,MM-16,NA,NA,NA,NA,0.30589184730941527,0.3392204361537512,0.20226546271157056,0.24795750073430295
MM,MMR,Myanmar,MMR.12_1,MMR.12_1,Sagaing,NA,NA,Yin,Division,NA,MM.SA,NA,NA,NA,NA,Sagaing,NA,Sagaing,MM-01,NA,NA,NA,NA,0.2602095462607405,0.29415162888723223,0.20226546271157056,0.24795750073430295
MM,MMR,Myanmar,MMR.13_1,MMR.13_1,Shan,NA,NA,Pyine,State,NA,MM.SH,NA,NA,NA,NA,Shan,NA,Shan,MM-17,NA,NA,NA,NA,0.3301018537807285,0.3623604717050583,0.20226546271157056,0.24795750073430295
MM,MMR,Myanmar,MMR.14_1,MMR.14_1,Tanintharyi,Tenasserim|Thanintharyi,NA,Yin,Division,NA,MM.TN,NA,NA,NA,NA,Tanintharyi,NA,Tanintharyi,MM-05,NA,NA,NA,NA,0.26687639684505354,0.29088024229834625,0.20226546271157056,0.24795750073430295
MM,MMR,Myanmar,MMR.15_1,MMR.15_1,Yangon,Rangoon|Rangum|Rangun|Rang¬£n,NA,Yin,Division,NA,MM.YA,NA,NA,NA,NA,Yangon,NA,Yangon,MM-06,NA,NA,NA,NA,0.3314835559442238,0.38308998223558377,0.20226546271157056,0.24795750073430295
